order_id,order_date,region,product_category,sales_channel,customer_name,units_sold,unit_price,discount_pct,revenue
104151,2024-01-01,Latin America,Apparel,Online,Taylor Williams II,9,85.05,15,650.63
102902,2024-01-01,Europe,Office Supplies,Partner Reseller,Tina Ramirez,5,178.59,0,892.95
104776,2024-01-01,Latin America,Apparel,Retail Store,Brandon Perkins,2,124.78,0,249.56
102604,2024-01-01,Asia Pacific,Apparel,Partner Reseller,Nancy Allen,2,142.4,5,270.56
104725,2024-01-01,Asia Pacific,Electronics,Online,Tyler Velazquez,9,224.78,15,1719.57
103626,2024-01-01,Latin America,Home & Garden,Partner Reseller,David Walters,4,177.18,5,673.28
104129,2024-01-02,Middle East & Africa,Office Supplies,Retail Store,Heidi Blankenship,4,74.4,0,297.6
102714,2024-01-02,North America,Apparel,Partner Reseller,Justin Herrera,7,22.47,10,141.56
104978,2024-01-02,Asia Pacific,Office Supplies,Online,Jamie Lee,4,64.82,10,233.35
102911,2024-01-02,North America,Apparel,Online,Cynthia Smith,1,68.45,0,68.45
102327,2024-01-02,North America,Home & Garden,Retail Store,Kelly Lopez,5,58.26,5,276.74
103217,2024-01-03,Europe,Electronics,Online,Eric Hays,4,461.71,10,1662.16
101921,2024-01-04,Asia Pacific,Office Supplies,Partner Reseller,Sara Schwartz,6,195.15,5,1112.36
102611,2024-01-05,Europe,Office Supplies,Partner Reseller,Stephanie Stone,12,193.23,20,1855.01
102632,2024-01-06,Europe,Sporting Goods,Online,Joseph Smith,9,318.23,5,2720.87
101426,2024-01-06,Europe,Apparel,Retail Store,Robert Charles,6,76.53,20,367.34
100821,2024-01-06,Middle East & Africa,Home & Garden,Online,Mark Beard,9,175.13,5,1497.36
104411,2024-01-06,North America,Electronics,Retail Store,Seth Barker,5,1066.12,5,5064.07
102294,2024-01-07,Asia Pacific,Home & Garden,Partner Reseller,Michelle Chambers,9,169.89,0,1529.01
100208,2024-01-07,Latin America,Office Supplies,Retail Store,Dr. William Warren,7,76.33,0,534.31
100072,2024-01-07,Asia Pacific,Home & Garden,Online,Brittney Phillips,2,318.14,5,604.47
101483,2024-01-07,Middle East & Africa,Home & Garden,Retail Store,Kelly Miles,7,203.5,5,1353.27
103317,2024-01-07,Latin America,Office Supplies,Retail Store,Angela Ramirez,11,26.21,20,230.65
101901,2024-01-07,Latin America,Home & Garden,Online,Mr. Bryan Mckinney,12,252.78,10,2730.02
104900,2024-01-08,Latin America,Office Supplies,Partner Reseller,Nancy Rice,12,122.34,0,1468.08
103912,2024-01-08,Europe,Office Supplies,Partner Reseller,Tiffany Sanchez,11,137.17,0,1508.87
105339,2024-01-08,Europe,Apparel,Retail Store,Monica Cline,2,41.78,0,83.56
101168,2024-01-08,Middle East & Africa,Apparel,Retail Store,Timothy Monroe,7,138.59,15,824.61
104503,2024-01-08,Asia Pacific,Electronics,Partner Reseller,Edwin Munoz,5,435.93,0,2179.65
100128,2024-01-09,Asia Pacific,Home & Garden,Retail Store,Cameron Fisher,6,202.71,20,973.01
103744,2024-01-09,Middle East & Africa,Apparel,Retail Store,Patrick Norris,1,105.27,5,100.01
105947,2024-01-09,Middle East & Africa,Apparel,Online,Julia Parsons,12,134.85,5,1537.29
105235,2024-01-09,Latin America,Electronics,Retail Store,Robert Thompson,10,839.2,15,7133.2
104770,2024-01-09,Europe,Home & Garden,Online,Jesse Poole,6,292.56,15,1492.06
101515,2024-01-10,Asia Pacific,Office Supplies,Retail Store,Laura Velez,12,171.42,15,1748.48
105862,2024-01-10,Asia Pacific,Apparel,Online,Mark Santos,3,105.87,0,317.61
102761,2024-01-10,Latin America,Home & Garden,Online,Scott Meza,12,47.19,20,453.02
102295,2024-01-10,Asia Pacific,Electronics,Partner Reseller,Kelly Wright,6,457.23,10,2469.04
103107,2024-01-11,Latin America,Home & Garden,Retail Store,Luke Johnson,2,72.49,0,144.98
102528,2024-01-11,Latin America,Sporting Goods,Online,Benjamin Neal,9,331.22,5,2831.93
103098,2024-01-11,Europe,Home & Garden,Retail Store,Mason Chase,8,360.37,0,2882.96
105383,2024-01-11,North America,Electronics,Partner Reseller,Michael Garcia,10,482.06,10,4338.54
102818,2024-01-11,Latin America,Apparel,Retail Store,Derrick Ramirez,6,28.53,15,145.5
103313,2024-01-11,Asia Pacific,Sporting Goods,Online,Robert Thomas,10,210.96,0,2109.6
105857,2024-01-11,Europe,Apparel,Partner Reseller,Amanda Hodge,7,89.43,0,626.01
102692,2024-01-12,Europe,Sporting Goods,Online,Michelle Ellis,4,330.99,0,1323.96
101283,2024-01-12,North America,Electronics,Partner Reseller,Jesse Williams,12,511.06,0,6132.72
105474,2024-01-12,North America,Sporting Goods,Online,Elizabeth Miller,2,212.22,0,424.44
100205,2024-01-12,Middle East & Africa,Apparel,Online,David Martinez,5,84.32,20,337.28
101886,2024-01-12,Asia Pacific,Apparel,Online,Mark Dalton,6,25.0,15,127.5
104756,2024-01-12,Middle East & Africa,Office Supplies,Retail Store,Cynthia Williams,7,108.65,15,646.47
104687,2024-01-13,Asia Pacific,Apparel,Partner Reseller,Abigail Mills MD,5,63.69,0,318.45
103710,2024-01-13,Latin America,Home & Garden,Online,Heidi Moran,8,164.54,20,1053.06
105301,2024-01-13,North America,Electronics,Online,Rachel Henderson,6,1057.8,20,5077.44
103271,2024-01-13,North America,Sporting Goods,Online,Todd Nielsen,3,148.54,15,378.78
102349,2024-01-13,Asia Pacific,Apparel,Retail Store,Christina Faulkner,12,69.52,0,834.24
103964,2024-01-14,Europe,Electronics,Partner Reseller,Melody Castro,10,1035.72,0,10357.2
100456,2024-01-14,Europe,Office Supplies,Partner Reseller,Dustin Gallegos,7,142.23,0,995.61
102977,2024-01-14,Middle East & Africa,Office Supplies,Partner Reseller,Roberto Smith,2,172.45,0,344.9
100945,2024-01-14,North America,Sporting Goods,Retail Store,Paula Brown,5,377.4,0,1887.0
101264,2024-01-14,Asia Pacific,Home & Garden,Online,Ian Torres,6,314.91,0,1889.46
103782,2024-01-14,Middle East & Africa,Electronics,Online,Christine Moran,6,83.36,0,500.16
101743,2024-01-14,Latin America,Apparel,Online,Ann Kennedy,6,28.8,15,146.88
100407,2024-01-14,Middle East & Africa,Office Supplies,Partner Reseller,Jeremy Turner,3,101.31,20,243.14
105069,2024-01-15,Latin America,Sporting Goods,Retail Store,Brian Daniel,1,279.92,15,237.93
101799,2024-01-15,Middle East & Africa,Sporting Goods,Retail Store,Martin Fitzpatrick,8,100.67,0,805.36
102817,2024-01-15,Latin America,Apparel,Retail Store,Jordan Schneider,9,61.35,20,441.72
103007,2024-01-15,Europe,Home & Garden,Online,Ronnie Martinez,1,62.32,0,62.32
100470,2024-01-15,North America,Office Supplies,Partner Reseller,Veronica King,1,112.57,0,112.57
102360,2024-01-15,Asia Pacific,Sporting Goods,Online,Jeffrey Bishop,6,169.5,20,813.6
102224,2024-01-15,North America,Home & Garden,Partner Reseller,Michelle Petty,10,205.02,10,1845.18
101752,2024-01-15,Asia Pacific,Office Supplies,Retail Store,Anthony Mooney,11,92.41,0,1016.51
104812,2024-01-16,North America,Home & Garden,Partner Reseller,Holly Underwood,5,283.69,10,1276.61
100898,2024-01-16,Latin America,Home & Garden,Online,Kevin Snyder,9,174.09,5,1488.47
100840,2024-01-16,Europe,Office Supplies,Partner Reseller,Casey Perez,12,47.87,5,545.72
104155,2024-01-16,North America,Office Supplies,Online,William Weber,6,68.9,10,372.06
105990,2024-01-16,Middle East & Africa,Apparel,Retail Store,Thomas Wells,4,96.58,0,386.32
102131,2024-01-16,Middle East & Africa,Sporting Goods,Partner Reseller,David Davis,2,208.12,0,416.24
104546,2024-01-17,Middle East & Africa,Apparel,Online,William Esparza,7,76.73,20,429.69
104096,2024-01-17,Latin America,Apparel,Partner Reseller,Maria Campbell,3,125.57,0,376.71
105985,2024-01-17,Middle East & Africa,Office Supplies,Retail Store,Logan Golden,4,184.09,10,662.72
103117,2024-01-17,Europe,Home & Garden,Online,Nicole Barron,8,212.42,0,1699.36
100563,2024-01-18,Latin America,Home & Garden,Retail Store,Veronica Silva,6,205.47,20,986.26
100332,2024-01-18,North America,Home & Garden,Retail Store,Jordan Bates,11,341.74,20,3007.31
105346,2024-01-18,Asia Pacific,Electronics,Retail Store,Luke Alexander,9,854.93,0,7694.37
102533,2024-01-18,North America,Sporting Goods,Online,Dana Dodson,6,320.67,10,1731.62
103419,2024-01-18,Asia Pacific,Home & Garden,Partner Reseller,Jonathon Hill,11,260.75,0,2868.25
102682,2024-01-18,Europe,Apparel,Retail Store,Ronald Clark,8,129.84,0,1038.72
100244,2024-01-19,Asia Pacific,Office Supplies,Online,Shannon Rivera,5,76.67,10,345.02
103087,2024-01-19,Latin America,Electronics,Retail Store,Barbara Flores,1,947.96,5,900.56
103066,2024-01-19,Latin America,Sporting Goods,Retail Store,Tammy Lee,10,180.34,5,1713.23
104135,2024-01-20,North America,Electronics,Retail Store,Miss Stephanie Cherry,5,338.64,0,1693.2
105843,2024-01-20,Latin America,Electronics,Retail Store,Melissa Parker,7,116.97,20,655.03
100171,2024-01-20,Europe,Electronics,Online,Darlene Miller,2,596.82,15,1014.59
105133,2024-01-20,Middle East & Africa,Apparel,Partner Reseller,Sierra Moses,8,10.34,10,74.45
103945,2024-01-20,Europe,Home & Garden,Partner Reseller,Teresa Li,11,377.17,10,3733.98
104055,2024-01-20,Asia Pacific,Office Supplies,Partner Reseller,Michael Glass,11,105.3,15,984.55
105784,2024-01-21,Europe,Office Supplies,Retail Store,Darrell Simmons,7,137.94,20,772.46
105981,2024-01-21,Middle East & Africa,Sporting Goods,Online,Kelly Romero,1,343.18,20,274.54
105638,2024-01-21,Latin America,Office Supplies,Partner Reseller,Krista White,1,193.38,15,164.37
102703,2024-01-21,Latin America,Electronics,Partner Reseller,Marissa Bennett,3,1147.54,0,3442.62
103263,2024-01-22,North America,Office Supplies,Online,Andrea Lopez,11,144.29,5,1507.83
101513,2024-01-22,Latin America,Electronics,Retail Store,Morgan Cummings,12,260.69,0,3128.28
100371,2024-01-22,Asia Pacific,Apparel,Retail Store,Debra White,6,116.94,0,701.64
102212,2024-01-22,Middle East & Africa,Sporting Goods,Retail Store,Mr. William Ward,4,111.27,10,400.57
101073,2024-01-22,North America,Office Supplies,Partner Reseller,David Stokes,10,125.3,10,1127.7
100936,2024-01-22,Asia Pacific,Home & Garden,Retail Store,Amanda Harvey,10,118.72,0,1187.2
100794,2024-01-22,North America,Office Supplies,Partner Reseller,Jerry Brown,10,187.39,5,1780.2
102708,2024-01-22,Latin America,Apparel,Retail Store,Katrina Johnson,11,85.38,0,939.18
102516,2024-01-23,North America,Apparel,Partner Reseller,Michael Dawson,2,99.88,5,189.77
101746,2024-01-23,Europe,Home & Garden,Retail Store,Greg Osborne,7,249.1,10,1569.33
103689,2024-01-23,Middle East & Africa,Home & Garden,Online,Jennifer Fields,2,79.6,0,159.2
103470,2024-01-23,Latin America,Home & Garden,Online,Allison Hill,1,347.15,0,347.15
103223,2024-01-23,Middle East & Africa,Home & Garden,Partner Reseller,Dr. Sarah Payne,2,25.36,15,43.11
105942,2024-01-24,Latin America,Electronics,Retail Store,Rebecca Lowery,8,453.16,20,2900.22
100640,2024-01-24,Middle East & Africa,Home & Garden,Online,Michael Stanley,9,257.84,20,1856.45
102685,2024-01-24,Middle East & Africa,Apparel,Retail Store,Mr. William Hopkins,9,115.95,0,1043.55
105858,2024-01-24,North America,Sporting Goods,Retail Store,Jason Gomez,10,459.54,5,4365.63
100882,2024-01-24,Europe,Home & Garden,Partner Reseller,Laura Jones,10,334.69,0,3346.9
101813,2024-01-25,Middle East & Africa,Sporting Goods,Online,Mark Moss,5,171.64,20,686.56
104234,2024-01-25,Europe,Home & Garden,Partner Reseller,Miss Kimberly Holloway,5,209.68,10,943.56
100010,2024-01-25,North America,Sporting Goods,Retail Store,Monica Herrera,11,153.43,20,1350.18
104551,2024-01-25,Middle East & Africa,Home & Garden,Online,Heidi Newton,12,81.39,0,976.68
102018,2024-01-26,Middle East & Africa,Sporting Goods,Retail Store,Amy Hester,4,429.84,5,1633.39
105172,2024-01-26,Asia Pacific,Home & Garden,Retail Store,Christina Smith,10,43.09,0,430.9
101049,2024-01-26,North America,Apparel,Retail Store,Megan Adams,2,107.13,0,214.26
104326,2024-01-27,Latin America,Apparel,Online,Sarah Berry,3,106.44,5,303.35
100925,2024-01-27,Europe,Home & Garden,Partner Reseller,Brenda Smith,4,207.11,0,828.44
103412,2024-01-27,North America,Office Supplies,Retail Store,Tom Duncan,9,67.06,0,603.54
103161,2024-01-27,North America,Office Supplies,Partner Reseller,Carol Thomas,8,75.94,0,607.52
104519,2024-01-27,Europe,Apparel,Partner Reseller,Michael Nelson,4,52.72,20,168.7
105293,2024-01-27,Latin America,Sporting Goods,Partner Reseller,Anna Wong,7,243.13,0,1701.91
101202,2024-01-27,Latin America,Sporting Goods,Retail Store,Kimberly Morrison,9,146.06,20,1051.63
102421,2024-01-28,Europe,Apparel,Partner Reseller,Nicole Collins,9,107.95,10,874.4
100377,2024-01-28,Asia Pacific,Sporting Goods,Partner Reseller,Paula Bradley,3,269.28,10,727.06
103950,2024-01-29,Asia Pacific,Sporting Goods,Partner Reseller,Robert Cooper,5,407.63,0,2038.15
104417,2024-01-29,Latin America,Electronics,Online,Emily Bullock,10,933.92,5,8872.24
101970,2024-01-29,Middle East & Africa,Home & Garden,Retail Store,Joseph Mayer,10,163.08,15,1386.18
104507,2024-01-29,Asia Pacific,Home & Garden,Partner Reseller,Rachel Curry,2,74.03,10,133.25
101576,2024-01-29,North America,Office Supplies,Online,Jennifer Jenkins,8,106.74,10,768.53
102719,2024-01-29,Latin America,Electronics,Online,Justin Mcbride,1,666.73,10,600.06
101047,2024-01-29,Asia Pacific,Home & Garden,Partner Reseller,James Martin,2,306.73,0,613.46
100237,2024-01-29,Latin America,Sporting Goods,Retail Store,David Davis,2,219.68,0,439.36
104486,2024-01-30,Europe,Electronics,Partner Reseller,Philip Cummings,1,989.27,0,989.27
103668,2024-01-30,Middle East & Africa,Office Supplies,Online,Andrew Phelps,5,166.8,10,750.6
102975,2024-01-30,Asia Pacific,Home & Garden,Partner Reseller,Shawn Fleming,4,346.33,0,1385.32
101201,2024-01-30,Asia Pacific,Sporting Goods,Retail Store,Michele Holland,9,378.15,0,3403.35
105565,2024-01-30,North America,Electronics,Partner Reseller,Ralph Rodriguez,1,371.46,20,297.17
101696,2024-01-31,Middle East & Africa,Sporting Goods,Retail Store,Michael Ortega,4,32.88,0,131.52
104196,2024-01-31,Middle East & Africa,Electronics,Partner Reseller,Mrs. Laurie Williams MD,10,948.4,0,9484.0
100312,2024-01-31,Middle East & Africa,Apparel,Partner Reseller,Shannon Ramsey,7,43.68,0,305.76
100098,2024-01-31,Latin America,Sporting Goods,Partner Reseller,Jessica Smith,4,144.41,20,462.11
103925,2024-01-31,Asia Pacific,Electronics,Online,Kevin Walter,6,811.59,0,4869.54
101502,2024-01-31,North America,Home & Garden,Online,Cindy Cannon,3,200.23,15,510.59
102397,2024-01-31,Latin America,Sporting Goods,Retail Store,David Martin,12,41.08,15,419.02
104888,2024-01-31,Asia Pacific,Electronics,Partner Reseller,Anita Pitts,6,551.21,5,3141.9
100874,2024-01-31,Asia Pacific,Home & Garden,Partner Reseller,Jesse Lynch,3,72.84,0,218.52
101969,2024-02-01,Latin America,Office Supplies,Partner Reseller,Thomas Kelly,9,101.93,5,871.5
100901,2024-02-01,Europe,Sporting Goods,Online,David Reed,3,395.89,0,1187.67
105646,2024-02-01,Europe,Home & Garden,Online,Emily Brady,1,339.69,0,339.69
100515,2024-02-01,North America,Electronics,Retail Store,Dr. Kelly Hammond DVM,11,941.23,15,8800.5
100356,2024-02-01,North America,Electronics,Partner Reseller,Jesse Perry,10,1142.37,0,11423.7
105299,2024-02-02,Latin America,Apparel,Retail Store,Amber Williams,9,122.2,10,989.82
102413,2024-02-02,Latin America,Electronics,Partner Reseller,Lisa Morgan,4,1062.46,0,4249.84
100878,2024-02-02,Europe,Home & Garden,Online,Michelle Jackson,1,257.37,10,231.63
104099,2024-02-02,Latin America,Electronics,Online,Jordan Calhoun MD,9,595.92,15,4558.79
102080,2024-02-02,Latin America,Home & Garden,Partner Reseller,Jessica Lucas,4,111.29,15,378.39
103962,2024-02-03,North America,Home & Garden,Partner Reseller,Nicole Chung,2,156.68,0,313.36
105774,2024-02-03,Latin America,Electronics,Partner Reseller,Nathan Burke,1,900.19,5,855.18
100557,2024-02-04,Europe,Home & Garden,Online,Gary Wells,12,111.13,0,1333.56
101159,2024-02-04,Asia Pacific,Home & Garden,Retail Store,Kara Sandoval,10,328.36,5,3119.42
102829,2024-02-04,Middle East & Africa,Home & Garden,Partner Reseller,Barbara Willis,12,195.65,15,1995.63
101454,2024-02-05,Middle East & Africa,Apparel,Online,Dawn Little,9,20.23,0,182.07
103695,2024-02-05,Europe,Office Supplies,Online,Sarah Martin,6,61.43,15,313.29
105438,2024-02-05,North America,Sporting Goods,Partner Reseller,Kayla Moore,8,180.64,10,1300.61
103503,2024-02-05,Latin America,Electronics,Online,Sarah Taylor,10,315.67,5,2998.87
101435,2024-02-05,Latin America,Office Supplies,Retail Store,Melinda Mitchell,9,147.2,15,1126.08
103654,2024-02-05,Europe,Apparel,Retail Store,Jacqueline Kennedy,9,147.68,0,1329.12
102418,2024-02-06,Asia Pacific,Office Supplies,Online,Jason Hardy,11,92.69,15,866.65
101233,2024-02-06,Latin America,Electronics,Online,Kristin Andrews,8,1071.44,15,7285.79
100974,2024-02-06,Asia Pacific,Apparel,Retail Store,Taylor Taylor,9,100.78,20,725.62
100290,2024-02-06,North America,Office Supplies,Online,David Smith,12,155.32,10,1677.46
103382,2024-02-06,Middle East & Africa,Apparel,Partner Reseller,Dennis Spencer,8,112.84,20,722.18
101339,2024-02-06,Middle East & Africa,Home & Garden,Online,Miss Kelly Dawson,3,310.08,20,744.19
100100,2024-02-07,North America,Apparel,Partner Reseller,Sandra Aguilar,6,42.83,0,256.98
103488,2024-02-07,Asia Pacific,Home & Garden,Online,Emily Pearson,9,238.14,10,1928.93
101300,2024-02-07,Asia Pacific,Home & Garden,Partner Reseller,Kristy Smith,4,39.24,20,125.57
101247,2024-02-08,North America,Electronics,Partner Reseller,Aaron Carlson,7,386.76,0,2707.32
103841,2024-02-08,Middle East & Africa,Office Supplies,Online,David Rodriguez,1,47.54,0,47.54
103794,2024-02-08,North America,Electronics,Online,Jennifer Hernandez,8,519.75,5,3950.1
105675,2024-02-09,North America,Apparel,Online,Joyce Kelly,7,119.01,0,833.07
100764,2024-02-09,Europe,Apparel,Retail Store,Jorge Stone,8,60.05,10,432.36
101288,2024-02-09,Asia Pacific,Home & Garden,Partner Reseller,Jamie Solomon,12,264.55,0,3174.6
102010,2024-02-09,Asia Pacific,Office Supplies,Online,Kyle Collins,2,75.85,0,151.7
102182,2024-02-09,North America,Office Supplies,Retail Store,Christopher Hanna,1,91.54,0,91.54
101019,2024-02-09,Middle East & Africa,Sporting Goods,Retail Store,Lisa Mills,6,468.09,10,2527.69
103384,2024-02-09,Middle East & Africa,Home & Garden,Partner Reseller,Jeffrey Vaughn,9,352.51,0,3172.59
100042,2024-02-10,Europe,Apparel,Partner Reseller,Sherry Decker,2,74.77,5,142.06
105173,2024-02-10,Latin America,Apparel,Online,John Clark,3,136.14,0,408.42
102241,2024-02-10,Asia Pacific,Home & Garden,Partner Reseller,Curtis Obrien,5,217.84,0,1089.2
105525,2024-02-10,Europe,Home & Garden,Partner Reseller,Mr. Gregory Hart,4,124.37,0,497.48
104010,2024-02-10,Asia Pacific,Apparel,Online,Brendan Kelly,2,39.49,0,78.98
103663,2024-02-11,Europe,Sporting Goods,Partner Reseller,Leah Walters,4,101.47,20,324.7
101903,2024-02-11,Latin America,Home & Garden,Partner Reseller,Rebecca Dougherty,2,197.45,15,335.66
104742,2024-02-11,Asia Pacific,Sporting Goods,Retail Store,Brent Scott,4,202.35,20,647.52
105090,2024-02-12,Latin America,Office Supplies,Online,Micheal Austin,2,119.11,15,202.49
100856,2024-02-12,Latin America,Office Supplies,Online,Elizabeth Holmes,11,26.22,10,259.58
102858,2024-02-12,Latin America,Apparel,Partner Reseller,Samantha Robinson,4,68.38,0,273.52
101650,2024-02-12,Europe,Sporting Goods,Partner Reseller,Christopher Rivera,4,319.48,5,1214.02
100285,2024-02-12,Latin America,Home & Garden,Partner Reseller,Elaine Brooks,2,244.09,0,488.18
105065,2024-02-13,Latin America,Electronics,Partner Reseller,Mr. Joseph Bush,2,822.94,0,1645.88
102297,2024-02-13,Asia Pacific,Sporting Goods,Partner Reseller,Brent Dawson,11,457.12,5,4776.9
100145,2024-02-13,Europe,Electronics,Partner Reseller,Joyce Solis,7,705.04,10,4441.75
101402,2024-02-13,Middle East & Africa,Sporting Goods,Online,Robert Rogers,6,225.01,20,1080.05
100628,2024-02-13,Asia Pacific,Home & Garden,Retail Store,Joseph Wilson,7,26.97,20,151.03
100291,2024-02-13,Asia Pacific,Office Supplies,Online,Stephanie Byrd,7,30.55,0,213.85
101030,2024-02-13,Middle East & Africa,Electronics,Partner Reseller,Douglas Vasquez,5,746.66,0,3733.3
102899,2024-02-14,Latin America,Home & Garden,Online,Brittany Rios,1,86.16,5,81.85
105238,2024-02-14,Middle East & Africa,Office Supplies,Online,Jeffery Jordan,7,146.07,10,920.24
103910,2024-02-15,Europe,Home & Garden,Retail Store,Amy Jenkins,2,161.74,0,323.48
104979,2024-02-15,Europe,Home & Garden,Partner Reseller,Steven Gardner,6,262.07,0,1572.42
103423,2024-02-15,Europe,Office Supplies,Online,Ryan Guerrero,12,153.49,5,1749.79
101780,2024-02-15,Europe,Home & Garden,Online,Daniel Campbell,12,92.36,0,1108.32
104747,2024-02-15,Asia Pacific,Electronics,Online,Teresa Allen,4,159.53,15,542.4
103388,2024-02-15,North America,Sporting Goods,Retail Store,Stephanie Vargas,8,433.23,0,3465.84
102857,2024-02-15,Europe,Apparel,Online,Erika Brown,8,89.15,0,713.2
105738,2024-02-15,North America,Sporting Goods,Online,Zachary Mckay,12,280.64,10,3030.91
102417,2024-02-15,Latin America,Apparel,Retail Store,Kenneth Walsh,6,22.94,10,123.88
102467,2024-02-16,Middle East & Africa,Home & Garden,Partner Reseller,Kevin Marshall,12,368.73,20,3539.81
105292,2024-02-16,Middle East & Africa,Office Supplies,Partner Reseller,Jamie Miller,6,25.7,0,154.2
103959,2024-02-16,Middle East & Africa,Home & Garden,Online,Margaret Edwards,8,385.71,0,3085.68
101273,2024-02-16,Latin America,Home & Garden,Online,Raymond Quinn,8,242.76,0,1942.08
105099,2024-02-16,Latin America,Electronics,Retail Store,Aaron Morgan,7,895.23,0,6266.61
104838,2024-02-16,Asia Pacific,Apparel,Online,Susan Johnson,9,148.6,0,1337.4
101013,2024-02-16,Asia Pacific,Electronics,Online,Dr. Rhonda Martinez,9,1137.96,0,10241.64
101416,2024-02-16,Europe,Electronics,Online,Mark Anderson,8,1159.44,20,7420.42
105604,2024-02-16,Asia Pacific,Home & Garden,Partner Reseller,Joshua Love,10,54.58,0,545.8
100610,2024-02-16,North America,Sporting Goods,Online,Samantha Robertson,5,435.7,0,2178.5
104057,2024-02-16,Middle East & Africa,Electronics,Online,Victoria Benitez,10,128.84,10,1159.56
105580,2024-02-16,Asia Pacific,Apparel,Partner Reseller,Brian Lewis,11,127.34,0,1400.74
103637,2024-02-16,Latin America,Home & Garden,Retail Store,Kimberly White,3,343.9,20,825.36
101349,2024-02-16,Asia Pacific,Electronics,Online,Suzanne Bailey,2,913.8,0,1827.6
100599,2024-02-17,Asia Pacific,Home & Garden,Retail Store,Susan Thompson,12,158.17,20,1518.43
104317,2024-02-17,North America,Electronics,Online,Jennifer Carpenter,6,486.58,20,2335.58
100335,2024-02-17,Asia Pacific,Apparel,Online,Andrea Hubbard,2,72.15,10,129.87
100168,2024-02-17,Europe,Apparel,Partner Reseller,Joel Williams,5,86.89,5,412.73
105161,2024-02-17,Asia Pacific,Electronics,Retail Store,Nicole Bright,8,982.14,0,7857.12
103409,2024-02-17,Latin America,Office Supplies,Online,Alyssa Orr,7,108.78,10,685.31
103967,2024-02-17,Asia Pacific,Apparel,Online,Sherri Sullivan,5,132.45,15,562.91
104216,2024-02-18,North America,Apparel,Partner Reseller,Renee Shields,5,98.6,5,468.35
101826,2024-02-18,Europe,Electronics,Partner Reseller,Joy Jackson,10,485.69,0,4856.9
105016,2024-02-18,Latin America,Home & Garden,Online,Andrew Jacobs,4,368.11,10,1325.2
103874,2024-02-18,North America,Sporting Goods,Online,Mary Meyer,5,437.66,0,2188.3
101794,2024-02-18,Asia Pacific,Sporting Goods,Partner Reseller,Cassandra Vasquez,8,132.11,5,1004.04
101422,2024-02-18,Latin America,Home & Garden,Online,Kristy Mills,4,375.17,0,1500.68
102203,2024-02-19,North America,Home & Garden,Retail Store,James Miller,7,295.34,20,1653.9
101072,2024-02-19,Asia Pacific,Home & Garden,Online,Catherine Davis,2,314.96,0,629.92
102939,2024-02-19,Middle East & Africa,Electronics,Retail Store,Brian Miller,2,634.63,15,1078.87
102365,2024-02-20,Latin America,Home & Garden,Partner Reseller,Michael Lucas,3,306.4,10,827.28
101866,2024-02-20,Europe,Apparel,Online,Samuel Ellis,9,11.33,15,86.67
104843,2024-02-20,North America,Apparel,Partner Reseller,Kathryn White,11,91.83,20,808.1
100472,2024-02-20,Latin America,Home & Garden,Online,Lori Ingram,2,56.2,10,101.16
101548,2024-02-20,Europe,Apparel,Partner Reseller,Christopher Campbell,9,111.71,0,1005.39
102776,2024-02-21,Latin America,Apparel,Partner Reseller,Jenny Gray,7,105.99,5,704.83
105983,2024-02-21,Asia Pacific,Apparel,Retail Store,Christopher Dalton,1,13.33,0,13.33
104389,2024-02-21,Latin America,Office Supplies,Retail Store,Breanna Mccall,1,173.34,0,173.34
100058,2024-02-22,Asia Pacific,Apparel,Retail Store,Brent Jordan,9,32.08,15,245.41
100514,2024-02-22,North America,Apparel,Partner Reseller,Angelica Parker,9,108.23,10,876.66
100486,2024-02-22,Latin America,Home & Garden,Partner Reseller,Monica Miller,6,337.89,10,1824.61
104089,2024-02-22,Europe,Sporting Goods,Partner Reseller,Jennifer Ferguson,4,238.34,5,905.69
102837,2024-02-22,North America,Office Supplies,Partner Reseller,Susan Jones,7,152.35,0,1066.45
100347,2024-02-22,North America,Home & Garden,Retail Store,Victor Brown,11,389.37,0,4283.07
105954,2024-02-22,North America,Electronics,Retail Store,Gina Brennan,10,900.6,0,9006.0
105094,2024-02-22,Middle East & Africa,Apparel,Retail Store,Sonya Williams,8,144.1,20,922.24
102283,2024-02-23,Asia Pacific,Home & Garden,Retail Store,Diane Davis DDS,6,322.62,0,1935.72
101194,2024-02-23,Asia Pacific,Electronics,Partner Reseller,Sharon Newton,10,910.4,0,9104.0
100334,2024-02-23,Latin America,Office Supplies,Retail Store,Dana Martinez,3,11.32,15,28.87
100029,2024-02-23,North America,Office Supplies,Retail Store,Anthony Rodriguez,3,154.34,15,393.57
104393,2024-02-23,Europe,Sporting Goods,Online,Brianna Martinez,3,482.72,20,1158.53
100957,2024-02-24,North America,Home & Garden,Online,Daniel Fox,2,79.26,0,158.52
104676,2024-02-24,Latin America,Electronics,Online,Nicole Williams,11,928.48,0,10213.28
102606,2024-02-24,Latin America,Sporting Goods,Partner Reseller,Melissa Brewer,5,27.61,15,117.34
102231,2024-02-25,Europe,Sporting Goods,Online,Johnny Mcmillan,9,356.64,0,3209.76
102644,2024-02-25,Middle East & Africa,Home & Garden,Partner Reseller,Robin Smith,12,339.65,0,4075.8
101465,2024-02-25,Latin America,Apparel,Online,Dr. Nicole Trujillo,8,32.9,5,250.04
104341,2024-02-26,Asia Pacific,Sporting Goods,Partner Reseller,Robert Johnson,1,416.1,0,416.1
105624,2024-02-26,Asia Pacific,Sporting Goods,Partner Reseller,Anita Long,7,101.84,20,570.3
104387,2024-02-26,Middle East & Africa,Sporting Goods,Online,Richard Rodriguez,8,140.63,20,900.03
105639,2024-02-26,North America,Apparel,Partner Reseller,Tyler Garcia,11,131.89,10,1305.71
105414,2024-02-27,North America,Office Supplies,Retail Store,Sean Peters,3,102.59,20,246.22
104924,2024-02-27,Asia Pacific,Electronics,Partner Reseller,Jason Snow,3,904.26,10,2441.5
105976,2024-02-27,Middle East & Africa,Home & Garden,Retail Store,Debbie Koch,1,21.26,0,21.26
102780,2024-02-27,Asia Pacific,Electronics,Online,Oscar Carroll,5,563.54,0,2817.7
103671,2024-02-27,Middle East & Africa,Apparel,Retail Store,Edgar Stewart,2,81.99,20,131.18
105547,2024-02-27,Europe,Electronics,Retail Store,Justin Bishop,5,1072.22,0,5361.1
104563,2024-02-27,Latin America,Office Supplies,Online,Brandon Cordova PhD,11,20.14,5,210.46
105287,2024-02-28,Europe,Sporting Goods,Partner Reseller,Tammy Duncan,8,227.48,10,1637.86
103958,2024-02-28,North America,Office Supplies,Retail Store,Ronald Garcia,5,149.13,10,671.09
104107,2024-02-28,North America,Sporting Goods,Partner Reseller,James Cox,3,374.32,10,1010.66
103662,2024-02-28,Latin America,Home & Garden,Partner Reseller,Dwayne Joseph,5,108.52,15,461.21
103978,2024-02-28,Asia Pacific,Home & Garden,Retail Store,Ryan Carpenter,12,125.52,20,1204.99
102562,2024-02-28,Europe,Home & Garden,Retail Store,Samuel Olson,5,269.89,0,1349.45
103808,2024-02-28,Latin America,Home & Garden,Retail Store,Jonathan Yates,12,321.98,0,3863.76
104372,2024-02-29,North America,Home & Garden,Partner Reseller,Susan Garcia,8,55.44,10,399.17
104951,2024-02-29,Asia Pacific,Sporting Goods,Retail Store,Samantha Morrow,4,160.36,0,641.44
100701,2024-02-29,Latin America,Apparel,Partner Reseller,James Watson,7,47.72,10,300.64
103993,2024-02-29,Asia Pacific,Sporting Goods,Retail Store,Sean Hernandez,2,119.8,0,239.6
102986,2024-02-29,Europe,Electronics,Retail Store,Christopher Harrison,7,493.86,0,3457.02
105501,2024-02-29,Europe,Apparel,Retail Store,Anne Chambers,4,67.42,20,215.74
103009,2024-02-29,Latin America,Home & Garden,Online,William Fisher,11,30.38,10,300.76
105413,2024-02-29,Latin America,Sporting Goods,Retail Store,Natalie Burns,4,259.29,5,985.3
102329,2024-02-29,Asia Pacific,Electronics,Online,Catherine Smith,7,469.29,15,2792.28
100148,2024-02-29,North America,Office Supplies,Online,Kathy Rivas,2,192.22,20,307.55
100300,2024-02-29,North America,Apparel,Retail Store,Tanner Mitchell DDS,3,21.74,0,65.22
100977,2024-02-29,Latin America,Home & Garden,Partner Reseller,Margaret Tanner,3,138.45,0,415.35
101302,2024-03-01,Latin America,Office Supplies,Partner Reseller,Jerry Haney,9,134.84,20,970.85
103809,2024-03-01,Asia Pacific,Apparel,Retail Store,Katherine Andrews,2,82.89,0,165.78
103487,2024-03-01,Middle East & Africa,Sporting Goods,Partner Reseller,Nicole Norton,4,365.01,5,1387.04
102023,2024-03-01,Latin America,Electronics,Partner Reseller,John Morrison,8,690.49,0,5523.92
102653,2024-03-01,North America,Office Supplies,Retail Store,Michael Dunn,3,189.15,0,567.45
105091,2024-03-01,North America,Home & Garden,Partner Reseller,Carl Rubio,10,332.2,15,2823.7
102064,2024-03-01,Latin America,Apparel,Retail Store,Elizabeth Brock,11,36.12,0,397.32
103449,2024-03-02,Middle East & Africa,Apparel,Partner Reseller,Kenneth Jackson,3,34.89,0,104.67
104650,2024-03-02,Europe,Apparel,Retail Store,Susan Snyder,7,138.29,0,968.03
105027,2024-03-02,Europe,Apparel,Online,Allison Gilbert,2,84.69,0,169.38
104745,2024-03-03,Europe,Sporting Goods,Online,Thomas Carr,7,452.86,0,3170.02
104335,2024-03-03,Latin America,Electronics,Online,Ashley Bowman,12,113.18,15,1154.44
102905,2024-03-03,Latin America,Sporting Goods,Retail Store,Jennifer Leon,3,308.87,5,880.28
102601,2024-03-03,Latin America,Home & Garden,Partner Reseller,Jeffrey Scott,2,95.98,20,153.57
105263,2024-03-03,North America,Home & Garden,Partner Reseller,James Garcia,6,395.52,5,2254.46
105324,2024-03-04,Middle East & Africa,Apparel,Partner Reseller,Pedro Greene,1,43.65,20,34.92
105585,2024-03-04,Middle East & Africa,Apparel,Retail Store,Phillip Padilla PhD,8,33.47,0,267.76
100818,2024-03-04,Asia Pacific,Office Supplies,Partner Reseller,Michael Poole,11,14.92,10,147.71
104721,2024-03-04,North America,Office Supplies,Retail Store,David Garcia,3,63.74,0,191.22
100458,2024-03-05,Asia Pacific,Apparel,Online,Aaron Miller,8,60.35,5,458.66
100528,2024-03-05,Europe,Home & Garden,Online,Kristy Bryan,7,261.58,5,1739.51
103743,2024-03-05,Europe,Home & Garden,Retail Store,Keith Wright,8,31.88,0,255.04
105668,2024-03-05,Asia Pacific,Home & Garden,Retail Store,Mitchell Jimenez,8,46.25,0,370.0
105122,2024-03-05,Europe,Office Supplies,Partner Reseller,Scott Mcmahon,7,39.34,5,261.61
104891,2024-03-05,Latin America,Home & Garden,Partner Reseller,Daniel Merritt,3,299.8,20,719.52
103164,2024-03-05,Asia Pacific,Electronics,Retail Store,John Diaz,5,186.58,20,746.32
103024,2024-03-06,Middle East & Africa,Home & Garden,Partner Reseller,Tammy Garcia,12,158.59,0,1903.08
105815,2024-03-06,North America,Electronics,Online,Colleen Cruz,5,418.46,10,1883.07
101998,2024-03-06,Asia Pacific,Home & Garden,Retail Store,Monica Allen,2,285.52,0,571.04
104209,2024-03-06,North America,Office Supplies,Retail Store,Wayne Brown,1,144.85,0,144.85
104009,2024-03-06,Asia Pacific,Apparel,Online,Michael Taylor,12,44.88,0,538.56
105635,2024-03-06,Europe,Office Supplies,Retail Store,John Johnson,7,82.89,0,580.23
104236,2024-03-06,Europe,Apparel,Retail Store,Nicholas Moss,8,85.27,0,682.16
103562,2024-03-06,Middle East & Africa,Sporting Goods,Online,Nicholas Lopez,11,326.66,0,3593.26
101413,2024-03-06,North America,Home & Garden,Retail Store,Phillip Miller,5,321.86,5,1528.84
100006,2024-03-07,Asia Pacific,Office Supplies,Retail Store,Abigail Shaffer,1,56.58,15,48.09
100424,2024-03-07,Middle East & Africa,Sporting Goods,Online,Felicia Aguilar,9,63.65,5,544.21
101716,2024-03-07,Latin America,Electronics,Online,Jean Lane,2,92.03,15,156.45
101714,2024-03-07,Latin America,Electronics,Partner Reseller,Stephanie Fields,12,161.98,15,1652.2
105225,2024-03-07,Latin America,Home & Garden,Partner Reseller,Ashlee Ross,1,377.43,10,339.69
102732,2024-03-07,North America,Apparel,Partner Reseller,Carl Dean,8,18.21,20,116.54
101100,2024-03-07,Middle East & Africa,Electronics,Online,Travis Hull,8,760.94,0,6087.52
103233,2024-03-07,Middle East & Africa,Apparel,Partner Reseller,Matthew Barry,3,134.09,20,321.82
102448,2024-03-07,Europe,Sporting Goods,Partner Reseller,Ana Thomas,5,92.36,5,438.71
102677,2024-03-07,Asia Pacific,Home & Garden,Retail Store,Mr. Kyle Thomas DDS,9,95.61,15,731.42
101940,2024-03-08,Latin America,Home & Garden,Retail Store,Jorge Lee,12,186.73,15,1904.65
105219,2024-03-08,Latin America,Sporting Goods,Online,Jeffery Thompson,10,283.07,20,2264.56
104283,2024-03-08,Asia Pacific,Electronics,Online,Darlene Dixon,3,508.14,0,1524.42
104360,2024-03-09,North America,Office Supplies,Partner Reseller,Scott Norman,4,101.15,10,364.14
104085,2024-03-09,Latin America,Home & Garden,Partner Reseller,Cory Barrett,3,345.25,20,828.6
101621,2024-03-09,Latin America,Office Supplies,Online,Kyle Sanchez,1,92.53,5,87.9
104455,2024-03-09,Latin America,Apparel,Retail Store,Micheal Ramos,2,79.36,0,158.72
102331,2024-03-09,Asia Pacific,Apparel,Partner Reseller,Jill Roman,7,81.05,0,567.35
101319,2024-03-10,Middle East & Africa,Sporting Goods,Partner Reseller,John Hall,6,113.34,10,612.04
105472,2024-03-10,Middle East & Africa,Office Supplies,Online,Mary Henderson,3,123.04,15,313.75
104792,2024-03-10,Latin America,Home & Garden,Partner Reseller,Maurice Johnson,11,324.87,0,3573.57
101520,2024-03-10,Europe,Home & Garden,Retail Store,Matthew Guzman,1,229.38,0,229.38
103726,2024-03-11,Asia Pacific,Office Supplies,Partner Reseller,Mark Johnson,8,119.59,0,956.72
101711,2024-03-11,North America,Home & Garden,Partner Reseller,Brian Cervantes,7,364.86,20,2043.22
100616,2024-03-11,Asia Pacific,Electronics,Retail Store,Bryan Parker,4,309.82,5,1177.32
105087,2024-03-11,Europe,Office Supplies,Partner Reseller,George Rogers DDS,2,12.1,15,20.57
104267,2024-03-11,Europe,Office Supplies,Online,Krista Williams,4,94.99,20,303.97
104380,2024-03-12,North America,Electronics,Online,Susan Hutchinson,8,166.29,0,1330.32
102759,2024-03-12,North America,Office Supplies,Partner Reseller,Desiree Patterson,4,170.06,0,680.24
102609,2024-03-12,North America,Electronics,Partner Reseller,Alexandria Wise,4,747.75,20,2392.8
102011,2024-03-12,Latin America,Apparel,Retail Store,Jill Spencer,5,148.06,20,592.24
104251,2024-03-12,Asia Pacific,Home & Garden,Online,Laura Ware,11,338.47,0,3723.17
102060,2024-03-12,Middle East & Africa,Sporting Goods,Partner Reseller,Jennifer Perez PhD,11,424.65,0,4671.15
102510,2024-03-12,Asia Pacific,Office Supplies,Partner Reseller,Laurie Shaw,10,28.59,15,243.01
103509,2024-03-12,North America,Office Supplies,Partner Reseller,Justin Perez,8,145.73,0,1165.84
103122,2024-03-12,Middle East & Africa,Home & Garden,Online,Bradley Hansen,12,182.45,20,1751.52
104611,2024-03-12,North America,Electronics,Retail Store,Shawn Hickman,10,613.07,0,6130.7
101725,2024-03-12,Europe,Apparel,Online,Jennifer Flores,4,137.23,0,548.92
103539,2024-03-12,Latin America,Home & Garden,Online,Lisa Johnson,1,178.17,10,160.35
105197,2024-03-13,Middle East & Africa,Office Supplies,Online,Cindy Estrada,12,129.59,15,1321.82
102246,2024-03-13,Latin America,Electronics,Retail Store,Arthur Jordan,1,103.84,0,103.84
100704,2024-03-13,North America,Apparel,Partner Reseller,Shannon Malone,7,109.34,0,765.38
100083,2024-03-13,Latin America,Apparel,Online,Paul Jones,5,66.34,10,298.53
101258,2024-03-14,Asia Pacific,Electronics,Retail Store,Jerry Jensen,3,296.97,15,757.27
103157,2024-03-14,Asia Pacific,Electronics,Partner Reseller,Sarah Wheeler,1,779.94,20,623.95
105433,2024-03-14,Latin America,Apparel,Online,Nicole Mcbride,5,93.76,0,468.8
101038,2024-03-15,Asia Pacific,Electronics,Partner Reseller,Samuel Suarez,12,612.96,0,7355.52
102008,2024-03-15,Europe,Apparel,Online,Michele Hawkins,2,86.6,5,164.54
102726,2024-03-15,North America,Office Supplies,Retail Store,Jill Ray,2,178.21,20,285.14
100859,2024-03-15,Middle East & Africa,Office Supplies,Online,Brian Porter MD,10,84.0,0,840.0
105571,2024-03-15,North America,Apparel,Retail Store,Melanie Brown,8,112.22,5,852.87
101929,2024-03-15,Middle East & Africa,Apparel,Partner Reseller,Vanessa Rivera,4,52.48,0,209.92
100032,2024-03-15,Asia Pacific,Sporting Goods,Online,Tricia Valencia,8,451.81,0,3614.48
102081,2024-03-15,Asia Pacific,Sporting Goods,Online,Christopher Taylor,10,69.39,0,693.9
100722,2024-03-16,Latin America,Apparel,Partner Reseller,Willie Henry,12,105.31,0,1263.72
101788,2024-03-16,Europe,Apparel,Online,Tammy Hill,7,103.11,10,649.59
103321,2024-03-16,Asia Pacific,Apparel,Partner Reseller,Joshua Bailey,11,43.24,10,428.08
102549,2024-03-16,Latin America,Electronics,Retail Store,Brian Murphy,9,437.51,5,3740.71
103295,2024-03-16,Latin America,Office Supplies,Online,Cory Kim,9,145.46,0,1309.14
105592,2024-03-16,Middle East & Africa,Home & Garden,Retail Store,April Bailey,6,18.34,10,99.04
102357,2024-03-16,North America,Electronics,Retail Store,Amber Stevenson,4,708.19,20,2266.21
103688,2024-03-16,Europe,Office Supplies,Partner Reseller,Janet Delgado,1,174.05,15,147.94
103290,2024-03-17,Middle East & Africa,Electronics,Partner Reseller,Kimberly Dalton,4,759.23,0,3036.92
105767,2024-03-17,Middle East & Africa,Electronics,Partner Reseller,Theresa Wilson,4,852.82,5,3240.72
103791,2024-03-17,Asia Pacific,Electronics,Partner Reseller,Mark Hill,4,951.69,5,3616.42
103511,2024-03-17,Europe,Electronics,Retail Store,Shawna Silva,4,408.85,5,1553.63
100850,2024-03-17,Asia Pacific,Office Supplies,Retail Store,Shannon Miller,4,18.61,0,74.44
101190,2024-03-17,Middle East & Africa,Apparel,Online,Candace Mitchell,8,18.6,10,133.92
103400,2024-03-17,Middle East & Africa,Sporting Goods,Partner Reseller,Frank Flores,10,488.0,15,4148.0
103038,2024-03-17,North America,Office Supplies,Partner Reseller,Cheryl Newman,11,15.17,20,133.5
101187,2024-03-18,Asia Pacific,Office Supplies,Partner Reseller,Donna Boone,8,156.81,5,1191.76
104731,2024-03-18,Middle East & Africa,Sporting Goods,Online,Phillip King,6,354.13,0,2124.78
104780,2024-03-18,Asia Pacific,Home & Garden,Retail Store,Ruth Brown,3,97.18,0,291.54
104994,2024-03-18,Europe,Apparel,Retail Store,Sherri Charles,5,132.94,20,531.76
105462,2024-03-18,Europe,Apparel,Partner Reseller,Jordan Williams,2,88.07,15,149.72
101606,2024-03-18,North America,Apparel,Partner Reseller,Jesse Wright,7,146.09,20,818.1
101695,2024-03-18,Europe,Electronics,Partner Reseller,Lisa Durham,3,835.87,0,2507.61
103849,2024-03-18,Latin America,Home & Garden,Online,Justin Anderson,10,278.67,20,2229.36
103018,2024-03-18,North America,Electronics,Partner Reseller,Kurt Daniels,5,347.42,5,1650.25
102046,2024-03-18,Latin America,Apparel,Online,Brent Reed,2,108.29,0,216.58
103139,2024-03-18,Asia Pacific,Apparel,Partner Reseller,Katie Brown,12,149.7,10,1616.76
103265,2024-03-19,Middle East & Africa,Sporting Goods,Partner Reseller,Ronnie Hudson MD,1,316.68,20,253.34
100369,2024-03-19,Asia Pacific,Electronics,Partner Reseller,Sabrina Austin,8,136.61,10,983.59
104112,2024-03-19,Asia Pacific,Office Supplies,Partner Reseller,Jennifer Schneider,10,73.63,20,589.04
101997,2024-03-19,Asia Pacific,Sporting Goods,Retail Store,Hannah Martin,6,260.1,20,1248.48
105256,2024-03-19,Latin America,Sporting Goods,Retail Store,Amanda Bishop,9,195.14,0,1756.26
104862,2024-03-19,Latin America,Apparel,Retail Store,Cody Hoover,10,125.04,0,1250.4
102884,2024-03-19,Latin America,Sporting Goods,Partner Reseller,Ashley Phillips,9,281.65,5,2408.11
101604,2024-03-19,Latin America,Sporting Goods,Online,Jason Hayes,11,278.3,15,2602.11
103307,2024-03-19,Asia Pacific,Apparel,Retail Store,Eileen Valdez,2,57.28,0,114.56
102171,2024-03-20,Middle East & Africa,Office Supplies,Partner Reseller,Stacy Johnson,10,77.76,10,699.84
105814,2024-03-20,Latin America,Apparel,Retail Store,Erica Smith,8,137.74,0,1101.92
103869,2024-03-20,Asia Pacific,Home & Garden,Retail Store,Christina Robinson,6,45.45,0,272.7
103518,2024-03-21,Latin America,Electronics,Online,Robert Savage,12,987.72,15,10074.74
103174,2024-03-21,North America,Electronics,Online,Stephanie Cole,12,606.75,15,6188.85
101798,2024-03-21,Europe,Sporting Goods,Partner Reseller,Jeremy Mosley,5,402.47,20,1609.88
104801,2024-03-21,Europe,Office Supplies,Online,Joshua Hernandez,7,55.17,0,386.19
102883,2024-03-21,Asia Pacific,Apparel,Online,Lori Martinez,7,57.34,0,401.38
102341,2024-03-21,Asia Pacific,Apparel,Online,Ronald Martinez,9,67.88,15,519.28
104381,2024-03-21,Asia Pacific,Office Supplies,Retail Store,Christopher Hudson,2,37.3,0,74.6
102279,2024-03-21,North America,Electronics,Partner Reseller,Melissa Barron,4,1153.66,10,4153.18
105827,2024-03-21,Latin America,Office Supplies,Partner Reseller,Cody Woods,3,147.14,20,353.14
100374,2024-03-21,Middle East & Africa,Electronics,Retail Store,Charles Schultz,2,224.1,5,425.79
100354,2024-03-21,Middle East & Africa,Office Supplies,Partner Reseller,Patricia Le,11,35.07,10,347.19
102586,2024-03-22,Asia Pacific,Electronics,Retail Store,Richard Miller,10,283.47,0,2834.7
105994,2024-03-22,North America,Office Supplies,Online,Matthew Armstrong,7,123.1,0,861.7
101797,2024-03-22,Middle East & Africa,Office Supplies,Online,Benjamin Duncan,12,158.05,10,1706.94
102401,2024-03-22,Europe,Home & Garden,Retail Store,David Peterson,3,350.3,0,1050.9
101338,2024-03-22,Asia Pacific,Electronics,Online,Andrew Cruz,9,404.64,15,3095.5
102796,2024-03-23,North America,Apparel,Online,Cristian Mendoza,6,129.36,0,776.16
105444,2024-03-23,Latin America,Electronics,Partner Reseller,Jane King,11,631.62,20,5558.26
100436,2024-03-23,Asia Pacific,Home & Garden,Online,Ralph Anderson,12,121.13,20,1162.85
102563,2024-03-23,North America,Apparel,Partner Reseller,Lee Richards,7,69.85,0,488.95
104434,2024-03-23,Latin America,Office Supplies,Retail Store,Keith Gonzalez,10,168.0,0,1680.0
102554,2024-03-23,Asia Pacific,Office Supplies,Retail Store,Austin Briggs,11,46.01,0,506.11
101493,2024-03-23,North America,Electronics,Online,Mario White,8,909.38,0,7275.04
101265,2024-03-23,Europe,Sporting Goods,Online,Casey Obrien,7,437.55,0,3062.85
104701,2024-03-24,Europe,Home & Garden,Retail Store,Michelle Greer,6,293.11,15,1494.86
101391,2024-03-24,North America,Home & Garden,Partner Reseller,Elizabeth Hart,11,110.33,0,1213.63
100077,2024-03-24,North America,Apparel,Online,Megan Young,5,35.0,0,175.0
103297,2024-03-24,Asia Pacific,Sporting Goods,Partner Reseller,Paul Beasley,3,73.77,20,177.05
100476,2024-03-24,North America,Electronics,Retail Store,Robin Brown,7,533.91,10,3363.63
105080,2024-03-25,Europe,Electronics,Online,Carlos Kirk,7,966.53,0,6765.71
100068,2024-03-25,Asia Pacific,Home & Garden,Retail Store,James Brown,11,277.6,0,3053.6
100983,2024-03-26,Latin America,Electronics,Retail Store,Sean Curtis,12,216.6,0,2599.2
105545,2024-03-26,Europe,Home & Garden,Retail Store,Steven Swanson,8,100.6,15,684.08
102739,2024-03-26,Asia Pacific,Electronics,Online,Christian Riddle,1,670.86,0,670.86
103285,2024-03-26,Asia Pacific,Electronics,Retail Store,Juan Potts,11,404.46,0,4449.06
103058,2024-03-26,Latin America,Apparel,Retail Store,Ryan Myers,8,78.15,15,531.42
100586,2024-03-26,North America,Apparel,Partner Reseller,Dwayne Klein,3,140.75,5,401.14
103355,2024-03-27,Asia Pacific,Electronics,Partner Reseller,Richard Rogers,2,133.67,5,253.97
100109,2024-03-27,Middle East & Africa,Office Supplies,Retail Store,Sharon Cochran,2,134.28,15,228.28
101135,2024-03-27,Latin America,Office Supplies,Online,James Howard,6,65.52,0,393.12
104410,2024-03-27,Europe,Apparel,Retail Store,Travis Dixon,2,86.99,0,173.98
103855,2024-03-27,North America,Office Supplies,Partner Reseller,Shawn Rodriguez,11,170.78,0,1878.58
101034,2024-03-27,Asia Pacific,Office Supplies,Online,Chelsea Lewis,9,13.03,10,105.54
102770,2024-03-27,Asia Pacific,Electronics,Partner Reseller,Nicole Sanchez,2,204.73,5,388.99
102558,2024-03-27,Latin America,Apparel,Partner Reseller,Carolyn Haley,5,61.91,0,309.55
103057,2024-03-27,Europe,Apparel,Online,Anna Snyder,3,65.49,0,196.47
105610,2024-03-27,Europe,Electronics,Online,Aaron Henry,5,292.59,0,1462.95
101939,2024-03-28,Europe,Sporting Goods,Partner Reseller,Jill Powers,5,125.91,0,629.55
100497,2024-03-28,Latin America,Electronics,Partner Reseller,James Bradley,9,891.83,0,8026.47
104397,2024-03-28,Asia Pacific,Electronics,Online,Darin Baker,12,569.36,0,6832.32
102546,2024-03-28,Europe,Apparel,Partner Reseller,Corey Caldwell,9,81.02,0,729.18
104806,2024-03-28,Middle East & Africa,Office Supplies,Retail Store,Alexander Greene,5,142.12,5,675.07
102932,2024-03-29,Europe,Home & Garden,Retail Store,Christopher Dudley,7,332.5,0,2327.5
100311,2024-03-29,Middle East & Africa,Home & Garden,Online,Victor Taylor,5,291.64,5,1385.29
105930,2024-03-29,Middle East & Africa,Office Supplies,Retail Store,John Jones,12,77.99,20,748.7
101289,2024-03-29,Europe,Home & Garden,Online,Heather Parrish,4,392.78,10,1414.01
101597,2024-03-30,Middle East & Africa,Apparel,Partner Reseller,Kelli Mccoy,12,16.37,10,176.8
105137,2024-03-30,Asia Pacific,Apparel,Retail Store,Michaela Sanchez,8,62.76,15,426.77
104291,2024-03-30,North America,Office Supplies,Partner Reseller,Donald Smith,5,11.34,10,51.03
102136,2024-03-30,Asia Pacific,Sporting Goods,Retail Store,Donna Snyder,1,88.08,15,74.87
102238,2024-03-30,Asia Pacific,Home & Garden,Online,Morgan Flynn,8,248.36,15,1688.85
103717,2024-03-30,Latin America,Office Supplies,Online,Katherine Sanchez,3,117.58,5,335.1
100672,2024-03-31,North America,Apparel,Partner Reseller,Felicia Krueger,4,38.78,5,147.36
104895,2024-03-31,Europe,Office Supplies,Online,Lisa Riggs,5,58.4,0,292.0
104300,2024-03-31,Europe,Home & Garden,Partner Reseller,Carrie Rodriguez,1,15.76,0,15.76
104305,2024-03-31,North America,Sporting Goods,Online,Jeffrey Owens,12,292.5,15,2983.5
102342,2024-03-31,North America,Electronics,Partner Reseller,Paul Willis,9,1026.94,0,9242.46
104366,2024-03-31,Asia Pacific,Electronics,Online,Gary Rodriguez,1,994.55,0,994.55
101985,2024-03-31,Latin America,Office Supplies,Partner Reseller,Gloria Mckinney,5,143.72,10,646.74
101310,2024-03-31,Middle East & Africa,Home & Garden,Retail Store,John Mendez,2,220.45,0,440.9
104538,2024-04-01,Latin America,Apparel,Retail Store,Steven Jensen,9,40.57,15,310.36
100439,2024-04-01,North America,Home & Garden,Online,Jason Rhodes,7,300.11,5,1995.73
104032,2024-04-01,Asia Pacific,Electronics,Online,Chelsea Powell,3,633.27,0,1899.81
101676,2024-04-01,North America,Apparel,Partner Reseller,Emily Lane,5,136.21,20,544.84
100613,2024-04-01,Europe,Office Supplies,Online,David Molina,4,153.29,0,613.16
101132,2024-04-01,Latin America,Apparel,Online,Michael Brown,5,40.26,0,201.3
101318,2024-04-01,North America,Office Supplies,Online,Melissa Davis,11,170.64,15,1595.48
102049,2024-04-01,North America,Apparel,Retail Store,Ana Torres,4,129.24,0,516.96
104097,2024-04-01,Middle East & Africa,Office Supplies,Retail Store,Joanna Adkins,11,24.59,20,216.39
103127,2024-04-01,Asia Pacific,Apparel,Online,Kevin Rose,1,134.81,20,107.85
105527,2024-04-01,North America,Apparel,Partner Reseller,Vanessa Bishop,7,119.42,20,668.75
101814,2024-04-02,Latin America,Sporting Goods,Partner Reseller,Corey Cortez,5,90.76,0,453.8
105326,2024-04-02,Middle East & Africa,Apparel,Partner Reseller,Ashley Lewis,11,44.12,5,461.05
103546,2024-04-02,Europe,Electronics,Retail Store,Brittany Fitzgerald,7,99.52,0,696.64
101216,2024-04-02,Latin America,Apparel,Retail Store,Paul Moreno,12,117.71,15,1200.64
103558,2024-04-02,Middle East & Africa,Apparel,Partner Reseller,Paul Massey,6,90.38,0,542.28
103990,2024-04-03,Middle East & Africa,Apparel,Online,Amy Montgomery,4,16.73,0,66.92
100449,2024-04-03,North America,Office Supplies,Partner Reseller,Phillip Nelson,7,85.47,10,538.46
105253,2024-04-03,Asia Pacific,Sporting Goods,Retail Store,Nicole Hodge,12,136.38,10,1472.9
100960,2024-04-03,Asia Pacific,Home & Garden,Partner Reseller,Erica Johnson,5,110.25,5,523.69
102118,2024-04-03,Europe,Office Supplies,Retail Store,Rachel Taylor,3,25.6,0,76.8
103222,2024-04-03,Asia Pacific,Electronics,Retail Store,Bryan Sullivan,6,558.36,0,3350.16
103490,2024-04-04,Europe,Apparel,Online,Wendy Miller,12,65.6,20,629.76
103942,2024-04-04,Middle East & Africa,Home & Garden,Partner Reseller,Stephanie Fisher,11,65.76,5,687.19
100201,2024-04-04,Middle East & Africa,Apparel,Retail Store,Ricky Davis II,4,40.66,10,146.38
100434,2024-04-04,Europe,Home & Garden,Retail Store,Ashley Wise,1,336.41,0,336.41
105915,2024-04-04,Latin America,Home & Garden,Partner Reseller,Marilyn Page DVM,1,170.03,0,170.03
103516,2024-04-05,Asia Pacific,Home & Garden,Online,Laurie Miranda,5,72.8,5,345.8
103825,2024-04-05,Middle East & Africa,Apparel,Online,Raymond Harris,11,85.13,20,749.14
100846,2024-04-05,Asia Pacific,Home & Garden,Partner Reseller,Brandi Haney,11,59.13,20,520.34
105053,2024-04-05,Latin America,Office Supplies,Retail Store,Wayne Jackson,11,134.37,0,1478.07
100899,2024-04-05,Asia Pacific,Office Supplies,Partner Reseller,Christie Mccullough,5,113.21,0,566.05
104161,2024-04-05,Middle East & Africa,Apparel,Online,Kristen Burns,10,108.33,5,1029.13
100299,2024-04-05,Asia Pacific,Office Supplies,Partner Reseller,Amber Obrien,12,187.19,20,1797.02
100440,2024-04-05,Middle East & Africa,Home & Garden,Partner Reseller,Jeremy Mitchell,1,305.44,0,305.44
105073,2024-04-05,Europe,Home & Garden,Partner Reseller,Tyler Baker,5,229.09,0,1145.45
101795,2024-04-05,Middle East & Africa,Electronics,Partner Reseller,Randy Robinson,8,470.13,15,3196.88
101598,2024-04-06,North America,Apparel,Online,Eddie Sanders,12,22.56,0,270.72
104328,2024-04-06,Latin America,Electronics,Partner Reseller,Rodney Gilmore,2,89.43,0,178.86
104208,2024-04-06,Middle East & Africa,Electronics,Partner Reseller,Dr. Jeffrey Valentine,6,852.89,20,4093.87
102306,2024-04-07,North America,Apparel,Retail Store,John Francis,2,49.87,0,99.74
105177,2024-04-07,North America,Sporting Goods,Partner Reseller,Melody Stevens,4,31.63,15,107.54
100650,2024-04-07,North America,Electronics,Partner Reseller,Andrew Harper,4,340.54,0,1362.16
101126,2024-04-07,North America,Office Supplies,Retail Store,Mary Jackson,12,63.37,15,646.37
105967,2024-04-07,Middle East & Africa,Office Supplies,Online,Mr. Robert Cantu,10,118.88,0,1188.8
103615,2024-04-07,Latin America,Office Supplies,Retail Store,Maria Taylor,5,33.36,0,166.8
104835,2024-04-07,Middle East & Africa,Apparel,Partner Reseller,Sharon Williams,4,114.54,0,458.16
105332,2024-04-07,North America,Electronics,Partner Reseller,Brent Stewart,5,592.83,0,2964.15
100056,2024-04-08,Middle East & Africa,Office Supplies,Online,Timothy Duncan,2,199.24,10,358.63
104539,2024-04-08,North America,Electronics,Online,Sarah Sosa,4,721.14,5,2740.33
105805,2024-04-08,North America,Office Supplies,Partner Reseller,Jennifer Bennett,3,64.18,0,192.54
101286,2024-04-08,Asia Pacific,Electronics,Online,Carrie Valdez,11,656.5,0,7221.5
105005,2024-04-08,Middle East & Africa,Office Supplies,Partner Reseller,Christopher Gay,9,151.65,20,1091.88
103378,2024-04-08,Middle East & Africa,Electronics,Retail Store,David Mitchell,8,1119.01,15,7609.27
101654,2024-04-08,North America,Electronics,Online,Richard Gutierrez,5,303.02,0,1515.1
100603,2024-04-09,Europe,Apparel,Partner Reseller,Keith Rodriguez,2,32.02,10,57.64
101950,2024-04-09,Middle East & Africa,Apparel,Online,Sean Hatfield,2,129.38,0,258.76
102626,2024-04-09,Asia Pacific,Sporting Goods,Partner Reseller,Mark Weber,9,340.81,10,2760.56
101081,2024-04-09,North America,Office Supplies,Retail Store,Edwin Brown,7,148.39,15,882.92
102544,2024-04-09,Latin America,Home & Garden,Retail Store,Jade Allen,11,241.74,10,2393.23
101644,2024-04-09,Europe,Office Supplies,Online,Ryan Marsh,9,164.74,20,1186.13
105431,2024-04-09,Asia Pacific,Office Supplies,Partner Reseller,Lance Robinson,12,195.23,0,2342.76
100164,2024-04-10,Latin America,Office Supplies,Retail Store,Michael Powell,2,12.16,0,24.32
104898,2024-04-10,North America,Home & Garden,Retail Store,Victoria Deleon,11,375.44,20,3303.87
104113,2024-04-10,Asia Pacific,Sporting Goods,Partner Reseller,Charles Rodriguez,9,152.38,0,1371.42
103113,2024-04-11,Asia Pacific,Sporting Goods,Partner Reseller,Ashley Valentine,6,83.79,15,427.33
100422,2024-04-11,Middle East & Africa,Office Supplies,Online,Michael Mitchell,9,44.42,0,399.78
100409,2024-04-11,Latin America,Apparel,Retail Store,Jesse Brown,1,110.6,15,94.01
105629,2024-04-11,Latin America,Electronics,Online,Shannon Miller,3,867.87,0,2603.61
105342,2024-04-11,Europe,Electronics,Online,Rachel Franco DDS,12,973.19,0,11678.28
104512,2024-04-11,Middle East & Africa,Office Supplies,Online,Stephanie Livingston,7,197.3,0,1381.1
101116,2024-04-12,Latin America,Office Supplies,Online,Jon Clark,8,147.19,5,1118.64
103727,2024-04-12,Asia Pacific,Apparel,Partner Reseller,Eric Silva,3,47.3,0,141.9
103061,2024-04-12,Latin America,Sporting Goods,Partner Reseller,Terry Stokes,5,57.5,0,287.5
100995,2024-04-12,Asia Pacific,Sporting Goods,Retail Store,Brittany Ward,1,371.93,15,316.14
103100,2024-04-13,Asia Pacific,Home & Garden,Retail Store,Steven Hull,10,40.0,20,320.0
100190,2024-04-13,Asia Pacific,Electronics,Online,Debra Morton,6,408.57,5,2328.85
105718,2024-04-13,North America,Apparel,Online,Jacqueline Owens,8,107.19,0,857.52
101925,2024-04-13,Latin America,Sporting Goods,Online,Evan Cooper,9,348.65,0,3137.85
105396,2024-04-13,North America,Home & Garden,Online,Karen Perez,7,109.16,0,764.12
101441,2024-04-14,Asia Pacific,Home & Garden,Retail Store,Derrick Espinoza,6,47.49,0,284.94
100222,2024-04-14,Asia Pacific,Home & Garden,Online,Elizabeth Oliver DDS,10,395.7,0,3957.0
100283,2024-04-14,Asia Pacific,Apparel,Online,Shelia Wallace,11,111.32,10,1102.07
102250,2024-04-14,Middle East & Africa,Electronics,Retail Store,Michael Robertson,1,819.65,10,737.68
103634,2024-04-14,Asia Pacific,Office Supplies,Retail Store,Bryan Burns,10,179.03,5,1700.78
105842,2024-04-14,Middle East & Africa,Apparel,Online,Teresa Cohen,9,22.65,0,203.85
104167,2024-04-15,Middle East & Africa,Electronics,Partner Reseller,Sharon Smith,3,474.94,5,1353.58
104142,2024-04-15,Europe,Apparel,Retail Store,Victoria Tanner,1,71.54,0,71.54
100372,2024-04-15,North America,Office Supplies,Retail Store,Ellen Morgan,6,114.55,10,618.57
103401,2024-04-15,Asia Pacific,Office Supplies,Retail Store,Charles Cervantes,11,193.97,0,2133.67
101575,2024-04-16,North America,Office Supplies,Partner Reseller,Monica Cannon,10,21.6,10,194.4
102827,2024-04-16,Europe,Home & Garden,Retail Store,Matthew Clark,2,34.25,5,65.08
103986,2024-04-16,Latin America,Electronics,Online,Katie Alvarez,7,702.02,20,3931.31
101567,2024-04-16,Europe,Sporting Goods,Online,Wesley Browning,9,21.0,0,189.0
104169,2024-04-17,Asia Pacific,Electronics,Partner Reseller,Brooke Sims,2,431.08,5,819.05
101628,2024-04-17,Middle East & Africa,Sporting Goods,Partner Reseller,Linda Cobb,11,386.77,5,4041.75
104427,2024-04-17,North America,Home & Garden,Retail Store,Catherine Holland,6,231.61,0,1389.66
100259,2024-04-17,Latin America,Home & Garden,Online,Mrs. Kristen Reyes,9,64.74,15,495.26
102222,2024-04-17,North America,Apparel,Online,Christina Hudson,4,69.0,0,276.0
105288,2024-04-17,Middle East & Africa,Electronics,Retail Store,Jonathon Kim,12,718.26,0,8619.12
100037,2024-04-18,Middle East & Africa,Office Supplies,Retail Store,Cassandra Gaines,8,97.17,20,621.89
104388,2024-04-18,Middle East & Africa,Home & Garden,Retail Store,Lauren Smith,4,201.79,0,807.16
104767,2024-04-18,Europe,Apparel,Retail Store,Miguel Reeves,3,43.61,20,104.66
105727,2024-04-18,North America,Home & Garden,Partner Reseller,Daniel Ramirez,4,173.06,0,692.24
101762,2024-04-18,Asia Pacific,Sporting Goods,Online,Wyatt Townsend II,11,254.98,10,2524.3
100339,2024-04-18,Europe,Office Supplies,Online,David Thompson,8,60.69,0,485.52
105904,2024-04-19,North America,Apparel,Online,David Murphy,11,139.21,0,1531.31
101809,2024-04-19,Asia Pacific,Home & Garden,Partner Reseller,Joe Miranda,7,343.53,10,2164.24
104420,2024-04-19,Latin America,Home & Garden,Online,Dennis Coleman,2,29.12,5,55.33
101890,2024-04-19,Latin America,Sporting Goods,Online,Angela Gilmore,6,199.67,5,1138.12
103944,2024-04-20,Middle East & Africa,Office Supplies,Retail Store,Sarah Berry,9,97.66,5,834.99
100888,2024-04-20,North America,Sporting Goods,Online,Chris Velazquez,10,336.51,10,3028.59
105132,2024-04-20,Asia Pacific,Sporting Goods,Retail Store,Latasha Mendez,12,50.72,0,608.64
105107,2024-04-20,Asia Pacific,Electronics,Online,Aaron Diaz,11,675.28,0,7428.08
105801,2024-04-20,Europe,Home & Garden,Partner Reseller,Dorothy Osborn,6,48.41,0,290.46
100370,2024-04-21,Latin America,Apparel,Online,Allison Hickman,2,85.14,5,161.77
102154,2024-04-21,Latin America,Home & Garden,Partner Reseller,Andrew Anderson,5,216.43,10,973.94
100433,2024-04-21,Europe,Apparel,Partner Reseller,Chad Jones,9,26.61,5,227.52
101723,2024-04-21,Middle East & Africa,Electronics,Online,Samantha Howard,5,517.49,5,2458.08
103523,2024-04-21,Europe,Electronics,Online,Jorge Gonzales,2,370.48,15,629.82
101523,2024-04-22,Europe,Sporting Goods,Retail Store,Jonathan Walker,6,143.75,20,690.0
102854,2024-04-22,Europe,Sporting Goods,Online,Gregory Jacobs,5,255.44,15,1085.62
103097,2024-04-22,North America,Office Supplies,Online,James Ray,1,21.06,10,18.95
100664,2024-04-22,North America,Apparel,Online,Renee Melendez,2,45.93,15,78.08
105620,2024-04-22,North America,Electronics,Partner Reseller,Steven Fisher,12,145.94,15,1488.59
100206,2024-04-22,Asia Pacific,Sporting Goods,Retail Store,Bryan Herrera,5,484.34,15,2058.44
103033,2024-04-22,Middle East & Africa,Home & Garden,Online,Jennifer Allen,7,340.67,0,2384.69
102615,2024-04-22,Latin America,Electronics,Online,Shawn Luna,3,903.14,5,2573.95
103198,2024-04-23,North America,Home & Garden,Partner Reseller,Elizabeth Miller,7,263.41,0,1843.87
100400,2024-04-23,Europe,Electronics,Retail Store,Robin Young,6,192.22,15,980.32
104065,2024-04-23,Latin America,Sporting Goods,Retail Store,Katherine Greene,8,326.37,0,2610.96
101184,2024-04-23,Middle East & Africa,Apparel,Partner Reseller,Erica Wilson,2,75.09,10,135.16
102945,2024-04-23,Asia Pacific,Home & Garden,Retail Store,Rachel Williams,10,131.96,10,1187.64
105707,2024-04-24,Middle East & Africa,Apparel,Retail Store,Brittany Allen,8,102.81,0,822.48
104146,2024-04-24,Asia Pacific,Electronics,Retail Store,Michael Rush,2,627.79,0,1255.58
103797,2024-04-24,Europe,Sporting Goods,Partner Reseller,Debbie Schmidt,2,108.15,5,205.49
101593,2024-04-24,Middle East & Africa,Sporting Goods,Online,Kelly Liu,9,481.45,5,4116.4
100883,2024-04-24,Europe,Office Supplies,Partner Reseller,Ian Porter,5,133.63,0,668.15
103785,2024-04-25,Europe,Apparel,Partner Reseller,Daniel Shaw,10,133.27,0,1332.7
102270,2024-04-25,North America,Office Supplies,Partner Reseller,Mrs. Amy Malone,2,50.77,0,101.54
105720,2024-04-25,Asia Pacific,Electronics,Partner Reseller,Gary Chavez,5,330.04,15,1402.67
101297,2024-04-25,Asia Pacific,Electronics,Online,Candace Soto,8,860.73,0,6885.84
105535,2024-04-25,Latin America,Office Supplies,Online,Michael Travis,11,174.29,5,1821.33
101275,2024-04-25,Middle East & Africa,Home & Garden,Online,Jonathan Bates,1,366.8,5,348.46
103864,2024-04-26,Asia Pacific,Apparel,Partner Reseller,Kimberly Taylor,12,130.9,5,1492.26
104210,2024-04-26,North America,Home & Garden,Online,Andrea Morris,12,130.24,5,1484.74
104666,2024-04-26,Europe,Office Supplies,Online,Alexander Zavala,9,188.33,20,1355.98
103077,2024-04-26,North America,Electronics,Partner Reseller,Katherine Andrade,6,829.75,10,4480.65
102086,2024-04-26,Latin America,Apparel,Retail Store,Jack Sandoval,11,94.54,10,935.95
105661,2024-04-26,Middle East & Africa,Electronics,Online,Daniel Anderson,2,931.35,10,1676.43
103228,2024-04-26,Asia Pacific,Sporting Goods,Online,Dylan Contreras,2,93.89,20,150.22
105081,2024-04-26,Asia Pacific,Sporting Goods,Retail Store,Selena Bailey,1,287.13,10,258.42
101705,2024-04-26,Middle East & Africa,Sporting Goods,Partner Reseller,Robert Garza,10,240.9,0,2409.0
103167,2024-04-26,North America,Office Supplies,Retail Store,Linda Rodriguez,12,187.37,10,2023.6
102641,2024-04-26,Middle East & Africa,Home & Garden,Online,Robin Richardson,9,231.71,10,1876.85
100982,2024-04-27,Latin America,Electronics,Retail Store,Joshua Garcia,3,688.37,0,2065.11
100634,2024-04-27,North America,Electronics,Partner Reseller,Amber Cooper,1,1135.35,0,1135.35
105514,2024-04-27,Asia Pacific,Apparel,Online,James Schaefer,9,29.09,5,248.72
101177,2024-04-27,Latin America,Home & Garden,Retail Store,Tracy Chavez,11,47.6,20,418.88
104790,2024-04-27,Latin America,Sporting Goods,Online,Julia Maldonado,6,221.72,10,1197.29
101462,2024-04-27,Asia Pacific,Office Supplies,Partner Reseller,Yolanda Garrett,3,66.04,0,198.12
105540,2024-04-27,Europe,Sporting Goods,Retail Store,Jennifer Anderson,9,240.64,5,2057.47
105105,2024-04-27,Middle East & Africa,Office Supplies,Retail Store,Jerry Walsh,10,36.34,20,290.72
105752,2024-04-27,Europe,Apparel,Retail Store,Ryan Santos,7,118.39,20,662.98
101541,2024-04-27,Asia Pacific,Office Supplies,Retail Store,Tammy Melton,3,124.03,15,316.28
100099,2024-04-28,Asia Pacific,Office Supplies,Retail Store,Stephen Mckee,4,99.5,0,398.0
104204,2024-04-28,Europe,Sporting Goods,Online,Catherine Davis,12,29.59,0,355.08
105783,2024-04-28,Middle East & Africa,Office Supplies,Partner Reseller,Sandra Casey,1,21.25,0,21.25
102298,2024-04-28,Latin America,Apparel,Partner Reseller,Angela Brown,12,116.07,0,1392.84
104849,2024-04-29,Latin America,Sporting Goods,Retail Store,Deanna Edwards,9,246.16,5,2104.67
104613,2024-04-29,Middle East & Africa,Office Supplies,Online,Kevin Cole,11,11.13,20,97.94
100123,2024-04-30,Asia Pacific,Sporting Goods,Partner Reseller,Michelle Harmon,7,359.51,0,2516.57
101758,2024-04-30,Asia Pacific,Sporting Goods,Retail Store,Robert Green,9,155.95,10,1263.19
102505,2024-04-30,Middle East & Africa,Sporting Goods,Retail Store,Jennifer Moore,11,240.41,10,2380.06
104884,2024-04-30,North America,Sporting Goods,Online,Michael Wilson,4,301.35,5,1145.13
105920,2024-04-30,Europe,Home & Garden,Partner Reseller,Elizabeth Skinner MD,10,63.1,5,599.45
100454,2024-05-01,Middle East & Africa,Home & Garden,Online,Alfred Galvan,6,199.57,0,1197.42
103180,2024-05-01,Europe,Office Supplies,Retail Store,Rebecca Roberts,2,171.95,15,292.31
102194,2024-05-01,Europe,Apparel,Partner Reseller,Mark Warren IV,9,136.36,5,1165.88
100770,2024-05-01,Europe,Sporting Goods,Retail Store,Jesse Clark,2,461.79,5,877.4
102201,2024-05-01,North America,Home & Garden,Retail Store,Brad Gordon,11,104.21,0,1146.31
102551,2024-05-01,North America,Sporting Goods,Online,Teresa Martinez,11,184.37,10,1825.26
104741,2024-05-01,Asia Pacific,Home & Garden,Online,Chad Rojas,10,62.49,5,593.65
101067,2024-05-01,Europe,Office Supplies,Online,James Johnson,4,110.56,20,353.79
103673,2024-05-02,Asia Pacific,Apparel,Partner Reseller,Guy Reynolds,9,69.85,0,628.65
102678,2024-05-02,Latin America,Apparel,Retail Store,Michele George,3,119.34,20,286.42
100676,2024-05-02,Middle East & Africa,Sporting Goods,Online,Kristen Rowe,1,115.84,0,115.84
101411,2024-05-02,Latin America,Apparel,Retail Store,Brian Brown,11,125.32,0,1378.52
105546,2024-05-03,North America,Sporting Goods,Retail Store,David Williams,12,362.75,0,4353.0
102219,2024-05-03,Middle East & Africa,Office Supplies,Partner Reseller,John Johnson,9,52.07,10,421.77
105556,2024-05-03,North America,Apparel,Retail Store,Kimberly Ponce,1,132.1,20,105.68
104673,2024-05-03,Latin America,Office Supplies,Online,Shannon Cain,7,66.57,0,465.99
103042,2024-05-04,Europe,Home & Garden,Online,Brett Owen,3,220.46,0,661.38
105518,2024-05-04,North America,Sporting Goods,Retail Store,Justin Murphy,11,356.13,0,3917.43
100809,2024-05-04,Middle East & Africa,Home & Garden,Online,Heather Page,9,300.83,5,2572.1
100181,2024-05-04,Europe,Sporting Goods,Partner Reseller,Tina Sanders,3,483.12,10,1304.42
100546,2024-05-04,North America,Office Supplies,Retail Store,Johnny Khan,9,27.27,20,196.34
102308,2024-05-04,Middle East & Africa,Electronics,Online,Jennifer Martinez,11,1115.46,0,12270.06
102036,2024-05-04,Asia Pacific,Electronics,Retail Store,Justin Dalton,11,967.06,5,10105.78
102249,2024-05-05,North America,Home & Garden,Retail Store,Shawn Adams,3,94.21,15,240.24
102043,2024-05-05,Latin America,Office Supplies,Online,Erica Johnson,6,194.94,0,1169.64
100694,2024-05-05,North America,Office Supplies,Partner Reseller,Mary Jensen,5,157.01,20,628.04
102334,2024-05-05,Europe,Apparel,Retail Store,Scott Stewart,1,99.08,0,99.08
104260,2024-05-05,North America,Home & Garden,Partner Reseller,Debbie Allen,8,225.27,15,1531.84
100079,2024-05-06,Middle East & Africa,Electronics,Retail Store,Lisa Barnes,10,511.42,0,5114.2
102426,2024-05-06,North America,Apparel,Retail Store,Jennifer Gonzalez,1,131.71,0,131.71
103251,2024-05-06,Middle East & Africa,Electronics,Retail Store,Carrie Stafford,6,885.53,0,5313.18
100333,2024-05-06,North America,Home & Garden,Retail Store,Linda Smith,11,40.88,0,449.68
100750,2024-05-07,North America,Electronics,Retail Store,Krista Benton,7,852.52,5,5669.26
103253,2024-05-07,North America,Office Supplies,Partner Reseller,Ashley Bradford,10,163.49,15,1389.66
101668,2024-05-07,Asia Pacific,Office Supplies,Online,Cheryl Mclean,10,83.18,15,707.03
100429,2024-05-07,North America,Electronics,Retail Store,Nancy Jennings,8,1184.47,0,9475.76
103851,2024-05-07,Middle East & Africa,Sporting Goods,Online,Robert Cline,4,100.29,0,401.16
103769,2024-05-07,Latin America,Electronics,Partner Reseller,Joseph Garcia,3,849.15,0,2547.45
101252,2024-05-08,Latin America,Home & Garden,Partner Reseller,Christopher Marsh,11,94.37,0,1038.07
103215,2024-05-08,Europe,Apparel,Partner Reseller,Charles Yang,5,23.56,0,117.8
104150,2024-05-08,Europe,Home & Garden,Online,Joseph Moon,8,258.82,5,1967.03
100460,2024-05-08,North America,Office Supplies,Online,Kelsey Rodriguez,12,173.5,0,2082.0
100380,2024-05-08,Middle East & Africa,Sporting Goods,Online,Karla Ramos,5,360.2,5,1710.95
100938,2024-05-08,Asia Pacific,Sporting Goods,Online,Amy Ramirez,3,154.22,10,416.39
105093,2024-05-08,Latin America,Office Supplies,Retail Store,Gary Taylor,6,117.26,20,562.85
105089,2024-05-09,Latin America,Office Supplies,Online,Tracey Hogan,1,130.28,15,110.74
104735,2024-05-09,Europe,Electronics,Partner Reseller,Erika Hodge,12,437.31,10,4722.95
101960,2024-05-09,Asia Pacific,Office Supplies,Partner Reseller,Jennifer Vasquez,7,40.37,0,282.59
102832,2024-05-09,North America,Electronics,Online,Grace Swanson,6,290.78,20,1395.74
103788,2024-05-09,North America,Electronics,Partner Reseller,Wesley Williams,8,536.46,10,3862.51
103837,2024-05-09,Asia Pacific,Sporting Goods,Partner Reseller,Misty Martinez,2,453.48,10,816.26
100459,2024-05-09,Latin America,Apparel,Retail Store,Ruben Dunn,6,138.01,0,828.06
103760,2024-05-10,Asia Pacific,Sporting Goods,Retail Store,Elizabeth Camacho,9,459.2,0,4132.8
102706,2024-05-10,Middle East & Africa,Apparel,Partner Reseller,Matthew Richardson,12,142.63,0,1711.56
100644,2024-05-10,Middle East & Africa,Apparel,Online,Edwin Nunez,4,117.36,0,469.44
104630,2024-05-10,Middle East & Africa,Sporting Goods,Online,Christina Martin,12,214.43,0,2573.16
101481,2024-05-10,Europe,Electronics,Retail Store,Christina Washington,7,414.37,15,2465.5
100090,2024-05-10,Europe,Home & Garden,Retail Store,Matthew Mcmillan,1,71.73,0,71.73
100132,2024-05-10,Latin America,Sporting Goods,Online,Mary Marshall,2,400.61,0,801.22
104996,2024-05-10,Middle East & Africa,Sporting Goods,Partner Reseller,Darryl Christensen,11,81.1,20,713.68
102338,2024-05-11,Asia Pacific,Apparel,Partner Reseller,Lucas Nguyen,9,117.36,0,1056.24
104247,2024-05-11,North America,Home & Garden,Partner Reseller,Jackie Stewart,4,347.01,0,1388.04
101033,2024-05-11,Middle East & Africa,Electronics,Online,Debra Butler,11,789.95,5,8254.98
102355,2024-05-11,North America,Sporting Goods,Retail Store,Sara James,8,390.18,0,3121.44
104730,2024-05-11,Asia Pacific,Home & Garden,Retail Store,Corey Rodriguez,8,280.1,20,1792.64
103929,2024-05-11,Asia Pacific,Sporting Goods,Partner Reseller,Mary Copeland,6,41.62,0,249.72
105029,2024-05-11,North America,Electronics,Online,Mark Mcpherson,8,1048.77,10,7551.14
100604,2024-05-11,North America,Home & Garden,Online,Mrs. Virginia Daniels,1,300.2,0,300.2
105816,2024-05-11,Middle East & Africa,Apparel,Online,Anthony Mueller,8,108.13,15,735.28
101417,2024-05-12,North America,Electronics,Online,Alyssa Alvarado,5,431.57,20,1726.28
101821,2024-05-12,Asia Pacific,Sporting Goods,Retail Store,Brittany Riley,9,207.71,15,1588.98
101721,2024-05-12,Asia Pacific,Home & Garden,Partner Reseller,Mrs. Bethany Phillips,3,184.65,0,553.95
101846,2024-05-12,Asia Pacific,Electronics,Retail Store,Joseph Davis,9,1139.76,20,8206.27
100040,2024-05-12,North America,Electronics,Online,Paula Moreno,6,530.94,20,2548.51
101535,2024-05-12,Latin America,Office Supplies,Retail Store,Frank Wheeler,6,159.95,0,959.7
104798,2024-05-13,North America,Office Supplies,Retail Store,Michelle Mcneil,6,149.32,20,716.74
104902,2024-05-13,Europe,Apparel,Retail Store,Becky Garcia,11,122.6,0,1348.6
104400,2024-05-13,Latin America,Electronics,Online,Jeanette Obrien,1,84.94,0,84.94
102366,2024-05-13,North America,Home & Garden,Retail Store,John Valenzuela,2,90.99,0,181.98
102580,2024-05-13,Middle East & Africa,Sporting Goods,Retail Store,Brenda Harris,9,497.91,20,3584.95
104312,2024-05-14,Europe,Home & Garden,Online,Michele Conner,2,182.31,15,309.93
104976,2024-05-14,Europe,Electronics,Online,Roger Petty,3,497.13,15,1267.68
100718,2024-05-14,Middle East & Africa,Office Supplies,Online,Kathryn Mccann,5,123.76,15,525.98
104800,2024-05-14,Latin America,Sporting Goods,Partner Reseller,Donna Carter,3,162.37,0,487.11
105602,2024-05-15,North America,Electronics,Retail Store,Maria Sanders,9,1191.88,0,10726.92
101253,2024-05-15,Latin America,Sporting Goods,Partner Reseller,Sarah Randolph,3,134.84,10,364.07
102478,2024-05-15,Asia Pacific,Electronics,Retail Store,Nancy Gaines,1,327.88,15,278.7
102686,2024-05-15,Middle East & Africa,Electronics,Partner Reseller,Wendy Kelley,2,302.45,15,514.16
100812,2024-05-15,Asia Pacific,Home & Garden,Online,Douglas Ryan,8,253.92,20,1625.09
103588,2024-05-16,North America,Apparel,Partner Reseller,Kenneth Graham,2,136.66,20,218.66
102167,2024-05-16,North America,Home & Garden,Partner Reseller,Jordan Nelson,12,217.73,0,2612.76
103681,2024-05-16,North America,Apparel,Retail Store,Jack Garcia,11,127.56,0,1403.16
104066,2024-05-16,Middle East & Africa,Apparel,Retail Store,Jennifer Dominguez,7,118.63,15,705.85
105141,2024-05-16,Latin America,Apparel,Retail Store,Robert Roberts,3,18.18,15,46.36
104202,2024-05-16,Asia Pacific,Office Supplies,Partner Reseller,Jennifer Smith,1,110.0,20,88.0
105654,2024-05-16,Europe,Office Supplies,Partner Reseller,Tyrone Collins,6,51.68,0,310.08
102702,2024-05-16,Middle East & Africa,Electronics,Partner Reseller,John Watts,8,595.47,5,4525.57
105449,2024-05-16,Middle East & Africa,Electronics,Partner Reseller,Mr. Robert Acevedo MD,4,179.32,10,645.55
100294,2024-05-17,Middle East & Africa,Apparel,Partner Reseller,Ryan Gonzalez,8,115.33,0,922.64
104399,2024-05-17,North America,Electronics,Online,Alyssa Powers,5,1019.38,20,4077.52
104278,2024-05-17,Latin America,Home & Garden,Partner Reseller,Robert Newton,1,159.69,0,159.69
102900,2024-05-18,Europe,Home & Garden,Retail Store,James Griffith,12,307.51,15,3136.6
100588,2024-05-18,North America,Electronics,Online,Dale Ryan,1,737.85,0,737.85
101646,2024-05-18,North America,Apparel,Partner Reseller,Curtis Campbell,8,36.51,15,248.27
101592,2024-05-18,Europe,Apparel,Online,Logan Newton,3,85.66,20,205.58
100655,2024-05-18,Latin America,Office Supplies,Online,Kyle Chambers,5,24.7,0,123.5
101836,2024-05-18,Europe,Sporting Goods,Retail Store,Ryan Salazar,11,252.41,15,2360.03
105575,2024-05-18,Middle East & Africa,Electronics,Retail Store,Christopher Smith,12,909.22,0,10910.64
100772,2024-05-18,Middle East & Africa,Office Supplies,Retail Store,Eric Patrick,4,146.14,15,496.88
104186,2024-05-18,Latin America,Apparel,Partner Reseller,Mary Donaldson,10,98.92,0,989.2
100587,2024-05-19,Latin America,Apparel,Retail Store,Jeremy Scott,3,86.49,20,207.58
105271,2024-05-19,Europe,Sporting Goods,Retail Store,Mary Johnson DDS,2,220.24,0,440.48
101161,2024-05-19,North America,Office Supplies,Partner Reseller,Glenn Gallegos,2,168.17,10,302.71
105902,2024-05-19,Europe,Home & Garden,Online,Tammy Lynch,10,155.9,0,1559.0
100539,2024-05-19,Europe,Office Supplies,Online,David Davis,5,37.54,0,187.7
101119,2024-05-20,Middle East & Africa,Sporting Goods,Partner Reseller,Brittany Davis,6,218.74,0,1312.44
101199,2024-05-20,Europe,Home & Garden,Partner Reseller,David Oliver,6,237.44,0,1424.64
105655,2024-05-20,Latin America,Sporting Goods,Partner Reseller,Brendan Palmer,1,123.23,20,98.58
105724,2024-05-20,North America,Office Supplies,Partner Reseller,Jacob Kennedy,6,158.22,5,901.85
103411,2024-05-20,Europe,Home & Garden,Retail Store,Ronnie Johnson,10,138.24,0,1382.4
105167,2024-05-20,Asia Pacific,Electronics,Partner Reseller,Sharon Johnson,10,1153.6,0,11536.0
103535,2024-05-20,Europe,Apparel,Online,Janet White,1,74.64,0,74.64
101734,2024-05-21,Middle East & Africa,Sporting Goods,Partner Reseller,Christopher Hicks,2,491.89,15,836.21
101387,2024-05-21,Middle East & Africa,Apparel,Online,David Reynolds,5,117.31,0,586.55
101246,2024-05-21,Asia Pacific,Home & Garden,Retail Store,Kristen Peters,10,309.23,0,3092.3
102315,2024-05-21,Asia Pacific,Electronics,Online,Kenneth Knight,2,1164.65,15,1979.91
102476,2024-05-21,Europe,Apparel,Online,Melinda Hill,7,48.18,0,337.26
104587,2024-05-21,Europe,Home & Garden,Online,Kristen Matthews,12,333.95,5,3807.03
105149,2024-05-21,Europe,Sporting Goods,Retail Store,Mr. John Woodard MD,9,412.99,15,3159.37
104086,2024-05-21,Europe,Office Supplies,Online,Seth Jones,7,123.84,15,736.85
104643,2024-05-22,Middle East & Africa,Sporting Goods,Partner Reseller,Joseph Norris,7,108.57,10,683.99
102994,2024-05-22,Middle East & Africa,Sporting Goods,Partner Reseller,Mckenzie Green,10,153.69,5,1460.06
104871,2024-05-22,Middle East & Africa,Electronics,Partner Reseller,Benjamin Martinez,9,1187.49,10,9618.67
101868,2024-05-22,Asia Pacific,Home & Garden,Retail Store,Rachel Little,7,276.11,15,1642.85
101684,2024-05-22,Europe,Sporting Goods,Partner Reseller,Gina Wallace,10,132.19,20,1057.52
104331,2024-05-22,Europe,Apparel,Partner Reseller,Melinda French,1,58.43,0,58.43
101365,2024-05-22,Asia Pacific,Sporting Goods,Retail Store,Debra Valentine,5,308.19,15,1309.81
105510,2024-05-23,North America,Home & Garden,Retail Store,Emma Chan,10,234.19,20,1873.52
101291,2024-05-23,Europe,Apparel,Partner Reseller,Christopher Jones,5,59.38,10,267.21
104184,2024-05-23,Asia Pacific,Office Supplies,Partner Reseller,Katie Mitchell,11,151.46,10,1499.45
104497,2024-05-23,Asia Pacific,Sporting Goods,Partner Reseller,Joshua Powell,11,172.88,20,1521.34
104466,2024-05-23,Europe,Office Supplies,Online,Dana Wolfe,3,172.93,10,466.91
101984,2024-05-23,Europe,Office Supplies,Retail Store,Stacy Harper,7,36.27,20,203.11
105531,2024-05-23,North America,Apparel,Online,Robert Bauer,3,144.26,0,432.78
105442,2024-05-24,Latin America,Apparel,Partner Reseller,James Johnson,6,148.3,10,800.82
104141,2024-05-24,Europe,Home & Garden,Online,Theresa Knight,1,63.08,0,63.08
100703,2024-05-24,Middle East & Africa,Apparel,Online,Michael Abbott,9,124.94,20,899.57
105295,2024-05-24,Middle East & Africa,Apparel,Retail Store,Leslie Moody,9,144.34,0,1299.06
102764,2024-05-24,Europe,Apparel,Retail Store,Anthony Paul,1,16.13,0,16.13
105182,2024-05-24,Latin America,Home & Garden,Online,Nathan Stanley,4,171.69,15,583.75
102521,2024-05-24,Asia Pacific,Apparel,Partner Reseller,Cynthia Harrell,3,142.27,10,384.13
100556,2024-05-24,Europe,Sporting Goods,Partner Reseller,Kathryn Williams,5,461.01,20,1844.04
102599,2024-05-24,Middle East & Africa,Office Supplies,Online,Jennifer Williams,2,146.28,0,292.56
104463,2024-05-25,Latin America,Apparel,Partner Reseller,Ernest Sullivan,3,46.42,0,139.26
101993,2024-05-25,North America,Electronics,Retail Store,Michael Webster,1,317.34,20,253.87
103953,2024-05-25,Asia Pacific,Office Supplies,Retail Store,Riley Clark,7,134.75,5,896.09
105549,2024-05-25,Europe,Sporting Goods,Partner Reseller,Wesley Bowers,7,137.6,5,915.04
101697,2024-05-25,Asia Pacific,Home & Garden,Online,Sonya Chavez,11,104.72,10,1036.73
100562,2024-05-26,Latin America,Apparel,Online,Robert Richardson,9,129.01,5,1103.04
102666,2024-05-26,Asia Pacific,Electronics,Partner Reseller,Savannah Stokes,12,1196.98,5,13645.57
105796,2024-05-26,Middle East & Africa,Apparel,Online,Peggy Mendoza,10,36.9,15,313.65
101585,2024-05-26,Asia Pacific,Apparel,Online,Corey Johnson,2,62.57,0,125.14
103551,2024-05-27,Latin America,Sporting Goods,Partner Reseller,Sarah Stewart,2,415.13,0,830.26
104634,2024-05-27,Asia Pacific,Office Supplies,Retail Store,Richard Bauer,12,152.01,10,1641.71
100997,2024-05-27,Latin America,Office Supplies,Online,Christina Johnson,12,62.47,5,712.16
100179,2024-05-27,Europe,Office Supplies,Retail Store,Robert Oconnell,7,79.68,0,557.76
101749,2024-05-27,North America,Home & Garden,Partner Reseller,Donna Johnson,4,243.16,0,972.64
100946,2024-05-27,Middle East & Africa,Office Supplies,Online,Kendra Wang DVM,5,186.71,0,933.55
100590,2024-05-28,Middle East & Africa,Sporting Goods,Partner Reseller,Laurie Sanchez,7,223.32,0,1563.24
104698,2024-05-28,Asia Pacific,Electronics,Online,Zachary Mcgee,9,819.28,10,6636.17
104568,2024-05-28,Latin America,Apparel,Partner Reseller,Erin Williams,8,135.45,0,1083.6
100754,2024-05-29,Middle East & Africa,Office Supplies,Online,Dana Hopkins,2,27.96,20,44.74
102013,2024-05-29,Asia Pacific,Sporting Goods,Online,Ryan Alvarez,10,216.34,15,1838.89
105390,2024-05-29,Middle East & Africa,Sporting Goods,Online,Teresa Wallace,7,237.24,0,1660.68
100021,2024-05-29,North America,Sporting Goods,Retail Store,Patty Perez,8,203.18,10,1462.9
102455,2024-05-29,Middle East & Africa,Sporting Goods,Retail Store,Stacey Clark,8,260.99,15,1774.73
100930,2024-05-29,Latin America,Home & Garden,Retail Store,Jill Anderson,9,393.99,0,3545.91
100726,2024-05-29,Asia Pacific,Office Supplies,Partner Reseller,Christian Dawson,3,63.54,20,152.5
101434,2024-05-29,North America,Home & Garden,Retail Store,Phillip Kent,9,283.92,0,2555.28
104686,2024-05-29,Europe,Home & Garden,Online,Sharon Hicks,10,347.59,0,3475.9
102284,2024-05-30,Asia Pacific,Electronics,Retail Store,Nicole Moore,8,856.24,15,5822.43
102110,2024-05-30,Latin America,Sporting Goods,Online,Pamela Sullivan,9,340.75,10,2760.08
100832,2024-05-30,Latin America,Electronics,Retail Store,Scott Alexander,3,916.52,0,2749.56
102411,2024-05-30,North America,Home & Garden,Partner Reseller,Kyle Keller,3,295.88,0,887.64
104457,2024-05-30,Europe,Electronics,Online,Joshua Nelson,4,528.07,5,2006.67
100919,2024-05-30,Europe,Apparel,Retail Store,Samantha Terry,8,144.57,15,983.08
100262,2024-05-30,Middle East & Africa,Sporting Goods,Retail Store,Timothy Romero,12,295.23,15,3011.35
102743,2024-05-30,Latin America,Office Supplies,Retail Store,Gavin Nelson,3,107.18,10,289.39
103328,2024-05-30,Middle East & Africa,Office Supplies,Partner Reseller,Shannon Hurley,7,188.81,20,1057.34
105723,2024-05-31,Europe,Home & Garden,Partner Reseller,Theresa Ward,6,221.52,0,1329.12
104847,2024-05-31,Asia Pacific,Office Supplies,Online,Cynthia Hendricks,1,59.67,5,56.69
103600,2024-05-31,Latin America,Office Supplies,Online,Aaron Hernandez,4,140.85,10,507.06
100066,2024-05-31,Middle East & Africa,Electronics,Online,Tracy House,10,1014.75,10,9132.75
104407,2024-06-01,North America,Home & Garden,Retail Store,Jaclyn Long,2,53.86,5,102.33
102393,2024-06-01,Latin America,Home & Garden,Retail Store,Donald Fisher,4,252.54,5,959.65
102359,2024-06-01,Middle East & Africa,Office Supplies,Retail Store,Charles Hawkins,1,153.31,20,122.65
105318,2024-06-01,Europe,Apparel,Retail Store,Lisa Beard,2,56.24,0,112.48
100430,2024-06-01,Latin America,Home & Garden,Partner Reseller,Maria Henderson,11,311.05,15,2908.32
102537,2024-06-01,North America,Office Supplies,Partner Reseller,Phillip Byrd,5,56.82,0,284.1
103611,2024-06-01,North America,Office Supplies,Partner Reseller,John Yang,2,86.2,5,163.78
102156,2024-06-01,North America,Sporting Goods,Partner Reseller,Diane Mcdowell,5,39.66,20,158.64
102594,2024-06-01,Europe,Home & Garden,Retail Store,Andrea Taylor,3,92.66,5,264.08
101278,2024-06-01,Latin America,Sporting Goods,Online,Travis Hopkins,9,135.45,20,975.24
101720,2024-06-01,Middle East & Africa,Sporting Goods,Online,Brandon Smith,11,100.86,20,887.57
103255,2024-06-01,Europe,Home & Garden,Partner Reseller,Tammy Morris,5,332.38,10,1495.71
104118,2024-06-02,Middle East & Africa,Home & Garden,Retail Store,Michael Cruz,9,270.21,20,1945.51
104296,2024-06-02,Europe,Electronics,Retail Store,Bryan Thomas,9,330.88,5,2829.02
105856,2024-06-02,Latin America,Home & Garden,Retail Store,Janice Bailey,12,333.15,0,3997.8
105984,2024-06-02,Middle East & Africa,Electronics,Online,Jamie Romero,12,648.15,15,6611.13
105719,2024-06-02,Asia Pacific,Apparel,Retail Store,Sydney Elliott,9,75.56,0,680.04
105684,2024-06-03,North America,Electronics,Retail Store,Andrea Hughes,9,981.0,0,8829.0
103554,2024-06-03,Latin America,Electronics,Partner Reseller,Ryan Caldwell,6,427.87,15,2182.14
100152,2024-06-03,Asia Pacific,Sporting Goods,Partner Reseller,Denise Jones,4,54.17,0,216.68
105841,2024-06-03,Asia Pacific,Sporting Goods,Online,Heather Pittman,7,278.09,0,1946.63
104856,2024-06-04,Asia Pacific,Office Supplies,Retail Store,Darius Khan,10,78.47,20,627.76
105777,2024-06-04,Latin America,Sporting Goods,Retail Store,Heather Barry,2,350.74,15,596.26
105536,2024-06-04,Asia Pacific,Office Supplies,Online,Jonathan Glover,1,73.4,15,62.39
104378,2024-06-04,Middle East & Africa,Electronics,Partner Reseller,Austin Baker,5,888.37,0,4441.85
101693,2024-06-05,Latin America,Electronics,Online,Michael Mckinney,4,678.63,5,2578.79
104896,2024-06-05,Asia Pacific,Apparel,Online,Donna Mccarty,9,147.46,0,1327.14
103896,2024-06-05,Europe,Electronics,Online,Ryan Walker,10,556.47,0,5564.7
104622,2024-06-05,North America,Office Supplies,Partner Reseller,Amber Zhang,1,31.03,0,31.03
100576,2024-06-05,Europe,Home & Garden,Partner Reseller,Thomas Peterson,10,41.34,0,413.4
102747,2024-06-05,North America,Apparel,Retail Store,Elizabeth Nicholson,4,10.66,15,36.24
103542,2024-06-05,North America,Sporting Goods,Retail Store,Samantha Roy,9,60.53,0,544.77
105688,2024-06-05,Asia Pacific,Apparel,Retail Store,Ryan Skinner,7,46.57,0,325.99
105950,2024-06-05,Middle East & Africa,Office Supplies,Retail Store,Richard Burke,9,133.61,20,961.99
103525,2024-06-06,Asia Pacific,Office Supplies,Retail Store,Justin Bennett,4,36.58,10,131.69
102760,2024-06-06,North America,Sporting Goods,Online,Sierra Cervantes,2,249.83,0,499.66
101947,2024-06-06,Latin America,Sporting Goods,Partner Reseller,Robert Waller,1,29.94,20,23.95
105164,2024-06-06,Latin America,Apparel,Partner Reseller,Sarah Berry,9,84.05,0,756.45
100844,2024-06-07,Asia Pacific,Home & Garden,Online,Ashley Edwards,12,303.09,0,3637.08
101909,2024-06-07,Latin America,Electronics,Retail Store,Wayne Weaver,5,420.8,0,2104.0
102483,2024-06-07,Latin America,Home & Garden,Retail Store,Darrell Curry,3,219.91,15,560.77
101423,2024-06-07,Europe,Home & Garden,Retail Store,Emily Reed,8,388.42,5,2951.99
104004,2024-06-07,North America,Home & Garden,Partner Reseller,Monica Oconnor,6,21.25,5,121.12
104867,2024-06-07,North America,Electronics,Retail Store,William Wilson,7,873.44,0,6114.08
105977,2024-06-08,Middle East & Africa,Apparel,Retail Store,Tyler Stout,4,69.99,0,279.96
101764,2024-06-08,Europe,Home & Garden,Partner Reseller,Haley May,5,308.74,20,1234.96
101790,2024-06-08,Latin America,Home & Garden,Partner Reseller,Christopher Jones,2,24.89,20,39.82
105999,2024-06-08,Middle East & Africa,Office Supplies,Partner Reseller,Jeffrey Ford,5,148.63,0,743.15
100775,2024-06-08,Europe,Office Supplies,Online,Christopher Moore,10,178.95,0,1789.5
100519,2024-06-09,Middle East & Africa,Office Supplies,Retail Store,Vincent Reynolds,6,48.1,5,274.17
102037,2024-06-09,Middle East & Africa,Electronics,Retail Store,Michael Henry,3,1186.83,15,3026.42
104272,2024-06-09,Middle East & Africa,Home & Garden,Online,Diana Hawkins,2,225.66,5,428.75
104297,2024-06-09,Asia Pacific,Sporting Goods,Online,Timothy Lucero,12,110.0,20,1056.0
103730,2024-06-09,Asia Pacific,Sporting Goods,Online,Christopher Farrell,12,418.64,10,4521.31
101221,2024-06-09,Europe,Office Supplies,Retail Store,Janice Fernandez,8,130.45,15,887.06
100760,2024-06-10,North America,Apparel,Retail Store,Mary Kelly,8,100.21,0,801.68
100589,2024-06-10,North America,Electronics,Retail Store,Melissa Taylor,7,1142.52,10,7197.88
105228,2024-06-10,Latin America,Sporting Goods,Partner Reseller,Meagan West,2,461.53,0,923.06
101637,2024-06-10,North America,Office Supplies,Online,Taylor Andersen,10,144.09,20,1152.72
102115,2024-06-10,North America,Home & Garden,Retail Store,Heather Guzman,7,195.24,0,1366.68
101710,2024-06-10,Europe,Apparel,Partner Reseller,Casey Blanchard,9,133.56,0,1202.04
103631,2024-06-10,Asia Pacific,Office Supplies,Retail Store,George Villa,7,124.61,5,828.66
102894,2024-06-10,Latin America,Home & Garden,Partner Reseller,Meghan Hernandez,1,73.62,15,62.58
100665,2024-06-11,North America,Sporting Goods,Retail Store,Tracy Grant,7,230.35,0,1612.45
100801,2024-06-11,Asia Pacific,Home & Garden,Partner Reseller,Krista Wilson,11,392.81,0,4320.91
100790,2024-06-11,Latin America,Home & Garden,Retail Store,Jennifer Taylor,4,190.96,15,649.26
104985,2024-06-11,Asia Pacific,Home & Garden,Partner Reseller,Jennifer Ferguson,12,301.99,20,2899.1
104552,2024-06-12,Europe,Apparel,Retail Store,Gary Miller,8,88.45,0,707.6
105327,2024-06-12,Middle East & Africa,Home & Garden,Retail Store,Stephanie Peterson,11,267.9,0,2946.9
102439,2024-06-12,Europe,Home & Garden,Retail Store,Amanda Johnson,6,278.61,0,1671.66
101109,2024-06-12,Asia Pacific,Apparel,Retail Store,Lorraine Turner,2,135.65,20,217.04
100698,2024-06-12,Asia Pacific,Home & Garden,Retail Store,Renee Browning,8,33.98,0,271.84
102396,2024-06-12,Middle East & Africa,Electronics,Retail Store,Vanessa Coleman,1,759.59,15,645.65
103645,2024-06-12,Middle East & Africa,Office Supplies,Partner Reseller,Judy Jones,1,129.69,0,129.69
103480,2024-06-12,Asia Pacific,Home & Garden,Retail Store,Anna Jackson,9,318.9,0,2870.1
104003,2024-06-12,Europe,Home & Garden,Online,William Austin,3,66.39,10,179.25
103078,2024-06-13,Asia Pacific,Sporting Goods,Partner Reseller,Paul Cabrera,5,478.72,10,2154.24
103545,2024-06-13,Asia Pacific,Sporting Goods,Online,Amanda Johnson,7,164.11,0,1148.77
100866,2024-06-13,Europe,Electronics,Partner Reseller,Lori Mason,4,376.08,0,1504.32
105691,2024-06-14,Europe,Sporting Goods,Partner Reseller,Angela Hunt,11,85.3,0,938.3
100004,2024-06-14,North America,Home & Garden,Online,Cristian Santos,6,283.78,0,1702.68
100005,2024-06-14,Europe,Apparel,Retail Store,Connie Lawrence,7,24.31,0,170.17
104027,2024-06-14,Latin America,Office Supplies,Partner Reseller,Joseph Mccullough,12,13.18,0,158.16
100318,2024-06-14,Asia Pacific,Office Supplies,Partner Reseller,Stephen Hoffman,11,71.02,0,781.22
103343,2024-06-14,Europe,Office Supplies,Partner Reseller,Desiree Booth,6,123.95,0,743.7
105490,2024-06-14,Europe,Apparel,Partner Reseller,Kurt Martinez,2,127.43,15,216.63
104833,2024-06-14,North America,Home & Garden,Partner Reseller,Samantha Carter,12,32.41,0,388.92
100875,2024-06-14,North America,Home & Garden,Online,Patrick Yang,6,174.63,15,890.61
103461,2024-06-14,Middle East & Africa,Home & Garden,Partner Reseller,Mr. Eric Hall,3,325.07,15,828.93
104034,2024-06-14,Latin America,Home & Garden,Retail Store,Susan Zimmerman,6,77.97,20,374.26
102996,2024-06-15,Asia Pacific,Home & Garden,Partner Reseller,Paul Martin,6,279.53,15,1425.6
103872,2024-06-15,Middle East & Africa,Home & Garden,Retail Store,Ashley Perez,6,139.39,10,752.71
101991,2024-06-16,Latin America,Home & Garden,Retail Store,Ricky Palmer,2,118.92,0,237.84
101156,2024-06-16,North America,Apparel,Retail Store,Christine Powers,2,87.86,20,140.58
104467,2024-06-16,Latin America,Home & Garden,Partner Reseller,Robert Price,1,149.0,0,149.0
102102,2024-06-16,North America,Sporting Goods,Partner Reseller,Melissa Mccormick,8,163.25,5,1240.7
105951,2024-06-17,Latin America,Office Supplies,Online,Tammy Williams,2,91.85,0,183.7
104825,2024-06-17,Europe,Apparel,Retail Store,Amy Adams,6,105.66,0,633.96
101321,2024-06-17,Latin America,Apparel,Retail Store,Colin Fletcher,1,64.06,0,64.06
103172,2024-06-17,North America,Apparel,Online,Cheryl Blevins,9,32.23,20,232.06
102420,2024-06-18,Latin America,Apparel,Retail Store,Eric Graham,11,100.44,20,883.87
101164,2024-06-18,Latin America,Apparel,Online,Mitchell Griffith,11,79.2,0,871.2
103210,2024-06-18,Asia Pacific,Sporting Goods,Retail Store,Julia Brown,9,384.28,0,3458.52
103937,2024-06-18,Middle East & Africa,Sporting Goods,Online,Kristina Monroe,12,66.13,15,674.53
103667,2024-06-18,North America,Sporting Goods,Partner Reseller,Michael Chambers,4,312.26,0,1249.04
100209,2024-06-18,Middle East & Africa,Electronics,Partner Reseller,Brian Lee,11,589.36,15,5510.52
101884,2024-06-18,Asia Pacific,Office Supplies,Partner Reseller,Raymond Sawyer,1,166.02,5,157.72
100667,2024-06-18,Middle East & Africa,Home & Garden,Online,Tammy Boone,2,77.62,20,124.19
103173,2024-06-18,North America,Apparel,Partner Reseller,Tracie Wiley,11,33.57,10,332.34
104480,2024-06-19,North America,Electronics,Retail Store,Matthew Mueller,6,252.44,15,1287.44
100111,2024-06-19,Europe,Sporting Goods,Retail Store,Shannon Walker,7,176.89,0,1238.23
104254,2024-06-19,Middle East & Africa,Office Supplies,Retail Store,Teresa Young,12,97.56,5,1112.18
100202,2024-06-19,Europe,Electronics,Retail Store,Elizabeth Perkins,11,1091.81,0,12009.91
103999,2024-06-19,Europe,Electronics,Online,Kelly Liu,6,418.35,0,2510.1
104905,2024-06-19,Latin America,Apparel,Online,Amy Roberts,2,124.02,5,235.64
103844,2024-06-19,Latin America,Electronics,Partner Reseller,Sara Hamilton,6,641.22,5,3654.95
105343,2024-06-19,Europe,Home & Garden,Retail Store,Lori Valentine,10,267.88,0,2678.8
103221,2024-06-19,Asia Pacific,Electronics,Partner Reseller,Ross Wallace,10,179.36,0,1793.6
102807,2024-06-19,Europe,Home & Garden,Online,Danielle Wang,11,255.25,5,2667.36
100353,2024-06-20,Asia Pacific,Office Supplies,Online,Michael Farrell,9,109.03,15,834.08
104280,2024-06-20,Europe,Home & Garden,Retail Store,Sandra Craig,2,196.08,15,333.34
102971,2024-06-20,Europe,Office Supplies,Online,Scott Morales,9,85.58,0,770.22
103948,2024-06-20,Middle East & Africa,Apparel,Online,Annette Knapp,2,35.44,0,70.88
102130,2024-06-20,Asia Pacific,Home & Garden,Online,Caroline Morales,2,40.35,0,80.7
103728,2024-06-20,Asia Pacific,Apparel,Retail Store,Nathan Mcgee,1,62.2,0,62.2
102813,2024-06-20,Asia Pacific,Sporting Goods,Retail Store,William Hickman,6,498.15,0,2988.9
105850,2024-06-20,Latin America,Office Supplies,Retail Store,Kristine Bryant DVM,8,108.36,10,780.19
100505,2024-06-20,Latin America,Apparel,Retail Store,Jodi Roach,7,34.87,0,244.09
105799,2024-06-21,Europe,Apparel,Online,Brittany Farley,3,27.1,15,69.11
104368,2024-06-21,North America,Home & Garden,Partner Reseller,Mr. Reginald Roman,1,110.15,0,110.15
100729,2024-06-21,North America,Home & Garden,Retail Store,Derrick Anderson,12,151.78,20,1457.09
105534,2024-06-21,Latin America,Home & Garden,Online,Adrian Krueger,5,214.16,10,963.72
104796,2024-06-21,Middle East & Africa,Sporting Goods,Retail Store,Richard Ryan,9,379.31,15,2901.72
100730,2024-06-21,Latin America,Apparel,Retail Store,Jerry Peters,10,62.04,0,620.4
101380,2024-06-21,Middle East & Africa,Electronics,Online,Kevin Nguyen,1,1146.89,5,1089.55
105744,2024-06-21,Latin America,Home & Garden,Retail Store,Melanie Smith,9,66.14,0,595.26
101212,2024-06-21,North America,Office Supplies,Online,Daniel White,10,22.93,15,194.91
101867,2024-06-22,Europe,Home & Garden,Online,Greg Tanner,12,160.84,0,1930.08
103216,2024-06-22,Latin America,Electronics,Retail Store,Danny Lowe PhD,11,1190.27,10,11783.67
105909,2024-06-22,Middle East & Africa,Home & Garden,Partner Reseller,Chloe Ellis,6,98.71,10,533.03
103768,2024-06-22,North America,Home & Garden,Retail Store,Cindy Shaw,5,141.49,15,601.33
102068,2024-06-22,Europe,Apparel,Online,Shari Ray,3,46.68,0,140.04
105276,2024-06-23,North America,Electronics,Partner Reseller,Taylor Acevedo,6,120.7,15,615.57
103224,2024-06-23,North America,Apparel,Partner Reseller,Melanie Villarreal,3,36.96,0,110.88
104914,2024-06-23,Middle East & Africa,Sporting Goods,Online,Richard Riley,1,402.61,5,382.48
105010,2024-06-23,North America,Electronics,Retail Store,Kenneth Murphy,10,386.73,5,3673.93
102052,2024-06-23,Latin America,Electronics,Retail Store,Deborah Dominguez,4,1132.37,10,4076.53
100958,2024-06-23,Latin America,Office Supplies,Online,Thomas Harris,7,15.5,10,97.65
102127,2024-06-23,Asia Pacific,Home & Garden,Partner Reseller,Courtney Vaughan,10,170.04,0,1700.4
105034,2024-06-23,Latin America,Electronics,Partner Reseller,Rachel Patel,9,532.7,0,4794.3
102777,2024-06-23,Europe,Sporting Goods,Retail Store,Brian Sloan,6,314.05,15,1601.66
103524,2024-06-24,North America,Home & Garden,Online,Erin Mason,1,396.19,5,376.38
101296,2024-06-24,Latin America,Home & Garden,Online,Alison Williams,2,126.02,0,252.04
103455,2024-06-24,Latin America,Office Supplies,Retail Store,Heidi Gonzalez,11,148.94,0,1638.34
101087,2024-06-24,Latin America,Apparel,Partner Reseller,Philip Jackson,1,95.84,15,81.46
101400,2024-06-24,Middle East & Africa,Sporting Goods,Online,Dr. Steve James,10,406.21,15,3452.78
102391,2024-06-24,North America,Office Supplies,Online,Michael Owens,11,180.45,0,1984.95
105728,2024-06-24,Asia Pacific,Sporting Goods,Online,Greg Wood,1,20.9,5,19.85
102935,2024-06-24,Europe,Apparel,Retail Store,Paul Hansen,6,78.49,15,400.3
102633,2024-06-24,Asia Pacific,Office Supplies,Retail Store,Victoria Juarez,6,185.16,0,1110.96
105810,2024-06-24,North America,Sporting Goods,Partner Reseller,Kim Nelson,5,154.31,0,771.55
105677,2024-06-24,North America,Electronics,Partner Reseller,Benjamin Johnson,4,713.61,0,2854.44
104729,2024-06-25,North America,Home & Garden,Retail Store,Kristen Bradley,1,155.46,10,139.91
103876,2024-06-25,North America,Apparel,Partner Reseller,Javier Stanley,11,17.37,0,191.07
101571,2024-06-25,Latin America,Home & Garden,Partner Reseller,Brandy Forbes,6,348.54,0,2091.24
105222,2024-06-25,Middle East & Africa,Home & Garden,Retail Store,Justin Hammond,2,113.19,15,192.42
101401,2024-06-25,Middle East & Africa,Electronics,Partner Reseller,Mark Thomas,5,742.89,0,3714.45
104655,2024-06-25,Asia Pacific,Electronics,Retail Store,Tracy Atkins,11,810.66,15,7579.67
104827,2024-06-25,Asia Pacific,Apparel,Partner Reseller,Elizabeth Jackson,9,46.4,10,375.84
104810,2024-06-26,Middle East & Africa,Office Supplies,Partner Reseller,Cynthia Hernandez,1,131.54,0,131.54
100600,2024-06-26,North America,Electronics,Partner Reseller,Casey Gillespie,7,455.21,0,3186.47
105710,2024-06-26,Asia Pacific,Home & Garden,Retail Store,Gerald Allen,5,260.88,0,1304.4
104649,2024-06-26,Middle East & Africa,Office Supplies,Partner Reseller,Willie Perez,8,95.48,5,725.65
100254,2024-06-26,Latin America,Sporting Goods,Retail Store,Cynthia Moore,9,151.12,0,1360.08
105356,2024-06-26,Europe,Sporting Goods,Retail Store,Rhonda Clark,2,143.52,0,287.04
104398,2024-06-27,Middle East & Africa,Apparel,Retail Store,Jeffrey Harrell,3,107.58,0,322.74
105369,2024-06-27,Europe,Home & Garden,Retail Store,Laura Patton,5,56.22,0,281.1
100031,2024-06-27,Middle East & Africa,Home & Garden,Partner Reseller,James Ferrell,7,289.49,15,1722.47
103332,2024-06-27,Middle East & Africa,Sporting Goods,Online,Robert Tapia,10,325.65,0,3256.5
103469,2024-06-27,Asia Pacific,Apparel,Online,Emily Morris,5,88.69,5,421.28
103653,2024-06-27,Latin America,Office Supplies,Partner Reseller,Sarah Sanchez,9,14.38,0,129.42
101392,2024-06-27,North America,Electronics,Online,Jennifer Vaughn,2,1053.21,0,2106.42
100682,2024-06-28,North America,Apparel,Partner Reseller,Dean Donovan,7,123.15,20,689.64
103245,2024-06-28,North America,Office Supplies,Retail Store,Beverly Nguyen,8,33.83,0,270.64
100934,2024-06-28,Asia Pacific,Electronics,Partner Reseller,Michael Thompson,4,93.24,5,354.31
104540,2024-06-28,Europe,Apparel,Retail Store,Justin Small,8,69.31,20,443.58
103938,2024-06-28,Europe,Apparel,Online,Joseph Schaefer,4,20.26,10,72.94
100597,2024-06-29,Europe,Electronics,Online,Susan Davis,3,94.18,15,240.16
103798,2024-06-29,Asia Pacific,Home & Garden,Partner Reseller,Alex Barton,11,239.11,0,2630.21
105824,2024-06-30,Asia Pacific,Office Supplies,Online,Alan Mahoney,11,70.88,0,779.68
103676,2024-06-30,Asia Pacific,Home & Garden,Partner Reseller,Sarah Davis,2,262.81,0,525.62
100670,2024-06-30,Asia Pacific,Office Supplies,Online,Chelsea Gill,8,197.13,15,1340.48
101678,2024-06-30,North America,Electronics,Retail Store,Donald Flores,9,483.47,0,4351.23
101105,2024-06-30,Middle East & Africa,Apparel,Online,Amber Vang,2,56.36,0,112.72
100342,2024-06-30,Asia Pacific,Home & Garden,Online,Anthony Harmon,12,289.05,15,2948.31
102151,2024-06-30,North America,Office Supplies,Partner Reseller,Debbie Gordon,6,106.42,20,510.82
100317,2024-06-30,North America,Office Supplies,Online,Ashley Hall,6,148.36,0,890.16
102172,2024-07-01,Asia Pacific,Electronics,Retail Store,Melanie Long,7,925.98,0,6481.86
105922,2024-07-01,Middle East & Africa,Home & Garden,Partner Reseller,Carla Briggs,5,254.46,0,1272.3
100175,2024-07-01,Asia Pacific,Sporting Goods,Online,Alex Hernandez,9,183.14,0,1648.26
104510,2024-07-01,Middle East & Africa,Sporting Goods,Partner Reseller,Mr. John Khan,7,256.47,5,1705.53
105763,2024-07-01,Asia Pacific,Apparel,Partner Reseller,Holly Banks,2,49.22,0,98.44
104103,2024-07-01,Latin America,Office Supplies,Retail Store,Joe Page,3,79.97,10,215.92
101690,2024-07-01,Middle East & Africa,Apparel,Online,Kim Beltran,1,55.65,10,50.09
101808,2024-07-01,Asia Pacific,Office Supplies,Partner Reseller,Joseph Woodward,12,187.76,0,2253.12
103619,2024-07-01,Europe,Office Supplies,Retail Store,Tyler Fisher,10,82.19,10,739.71
102859,2024-07-02,Europe,Apparel,Retail Store,Cassandra Bonilla,8,98.74,20,631.94
105679,2024-07-02,North America,Electronics,Retail Store,Melissa Newton,6,929.63,10,5020.0
101624,2024-07-02,Asia Pacific,Electronics,Retail Store,Amanda Nash,2,781.11,0,1562.22
103591,2024-07-02,Middle East & Africa,Office Supplies,Retail Store,Wesley Rich,12,48.71,5,555.29
100952,2024-07-02,Middle East & Africa,Office Supplies,Online,Renee Wolfe,2,83.93,0,167.86
104419,2024-07-03,Latin America,Apparel,Retail Store,Roger Holmes,7,118.04,20,661.02
101445,2024-07-03,Europe,Electronics,Online,Amy Rowe,3,1153.0,10,3113.1
100602,2024-07-03,Latin America,Sporting Goods,Partner Reseller,Tammy Mcdowell,1,265.18,5,251.92
100833,2024-07-03,Asia Pacific,Electronics,Retail Store,Tyler Harris,1,178.02,0,178.02
101095,2024-07-03,Middle East & Africa,Home & Garden,Online,James Chapman,7,160.79,0,1125.53
104315,2024-07-03,Asia Pacific,Office Supplies,Retail Store,Jacqueline Winters,10,32.6,20,260.8
104170,2024-07-03,Asia Pacific,Sporting Goods,Retail Store,Julia Marks,11,176.82,0,1945.02
100239,2024-07-03,North America,Electronics,Online,Yvonne Chambers,2,1011.58,5,1922.0
101862,2024-07-04,Asia Pacific,Office Supplies,Partner Reseller,Timothy Gibson,8,165.16,0,1321.28
100842,2024-07-04,North America,Office Supplies,Online,Virginia Henderson,3,175.58,0,526.74
100387,2024-07-04,Europe,Sporting Goods,Partner Reseller,James Padilla,10,260.87,5,2478.26
103464,2024-07-05,Asia Pacific,Office Supplies,Online,Patrick Nelson,7,23.06,15,137.21
104844,2024-07-05,North America,Home & Garden,Online,Mrs. Valerie Owens,7,268.28,0,1877.96
105282,2024-07-05,Latin America,Sporting Goods,Retail Store,Tracey Reilly,2,351.24,10,632.23
104428,2024-07-05,Middle East & Africa,Sporting Goods,Partner Reseller,David Washington III,8,491.01,0,3928.08
100885,2024-07-05,Latin America,Home & Garden,Partner Reseller,Kenneth Sharp,4,56.8,10,204.48
103212,2024-07-05,North America,Office Supplies,Online,Brent Roberts,4,179.71,5,682.9
103040,2024-07-05,North America,Home & Garden,Online,Mark Madden,2,247.01,0,494.02
102990,2024-07-05,Asia Pacific,Electronics,Partner Reseller,Sean Cisneros,6,854.39,10,4613.71
101016,2024-07-06,Middle East & Africa,Sporting Goods,Retail Store,Suzanne Jones,11,378.13,10,3743.49
105209,2024-07-06,Latin America,Electronics,Retail Store,Alison Perez,10,175.41,5,1666.39
104883,2024-07-06,North America,Sporting Goods,Online,Jeffrey Gibbs,10,206.25,0,2062.5
101368,2024-07-06,North America,Sporting Goods,Online,Dale Wright,11,230.27,15,2153.02
102923,2024-07-07,Asia Pacific,Electronics,Retail Store,Robin Hernandez,8,749.81,20,4798.78
100721,2024-07-07,Europe,Office Supplies,Partner Reseller,Raymond Johnson,1,154.27,20,123.42
100784,2024-07-07,Asia Pacific,Electronics,Partner Reseller,Margaret Harper,8,994.58,0,7956.64
101371,2024-07-07,Middle East & Africa,Sporting Goods,Retail Store,Pamela Weaver,7,78.93,15,469.63
101536,2024-07-07,Europe,Electronics,Online,Eric Huerta,9,883.74,0,7953.66
105505,2024-07-07,Asia Pacific,Apparel,Partner Reseller,Felicia Matthews,4,34.6,15,117.64
104529,2024-07-07,North America,Office Supplies,Online,Thomas Davis,4,75.45,0,301.8
103931,2024-07-07,North America,Sporting Goods,Online,Diana Ramsey,5,489.13,0,2445.65
100902,2024-07-07,Middle East & Africa,Sporting Goods,Partner Reseller,Sherry Tapia,9,397.32,10,3218.29
104446,2024-07-07,Europe,Home & Garden,Online,Emily Robinson,3,378.32,5,1078.21
101538,2024-07-07,Latin America,Electronics,Partner Reseller,Andrew Meyers,11,819.4,0,9013.4
105008,2024-07-08,Latin America,Electronics,Online,Jennifer Hernandez,1,112.73,5,107.09
103605,2024-07-08,Europe,Sporting Goods,Partner Reseller,Michael Hale,4,71.82,5,272.92
101326,2024-07-08,Middle East & Africa,Sporting Goods,Retail Store,Jacob Hill,7,62.46,15,371.64
100592,2024-07-08,North America,Office Supplies,Retail Store,Jason Love,3,184.58,10,498.37
103871,2024-07-08,Middle East & Africa,Apparel,Retail Store,Brandon Powell,6,81.13,0,486.78
100014,2024-07-08,Europe,Apparel,Online,Dylan Miller,1,128.0,0,128.0
100867,2024-07-08,Europe,Office Supplies,Retail Store,Michael Miller,6,182.01,5,1037.46
104607,2024-07-08,Middle East & Africa,Electronics,Retail Store,Rebecca Gibson,7,512.73,15,3050.74
103281,2024-07-09,Latin America,Apparel,Partner Reseller,Cynthia Jones,9,130.83,10,1059.72
100015,2024-07-09,Asia Pacific,Sporting Goods,Partner Reseller,Brian Ramirez,4,148.52,10,534.67
105660,2024-07-10,Middle East & Africa,Home & Garden,Online,Donald Freeman,3,350.97,10,947.62
100049,2024-07-10,Latin America,Office Supplies,Online,Eric Carney,9,184.28,0,1658.52
104369,2024-07-10,Latin America,Electronics,Retail Store,Patricia Williams,12,428.27,10,4625.32
105291,2024-07-10,North America,Sporting Goods,Retail Store,Brandon Kirby,10,159.89,0,1598.9
104359,2024-07-10,Asia Pacific,Apparel,Online,Jason Smith,2,99.99,20,159.98
105156,2024-07-10,Middle East & Africa,Apparel,Online,Stacey Stone,11,24.46,10,242.15
105634,2024-07-10,Asia Pacific,Office Supplies,Partner Reseller,Joseph Jones,11,177.49,0,1952.39
100620,2024-07-10,North America,Office Supplies,Online,Casey Hernandez,7,115.73,15,688.59
101966,2024-07-10,North America,Apparel,Retail Store,Sarah Martin,3,149.27,20,358.25
103756,2024-07-10,Latin America,Office Supplies,Retail Store,Paula Lee,5,16.79,10,75.55
102112,2024-07-10,Latin America,Home & Garden,Online,Kaitlin Gutierrez,5,50.34,15,213.95
101000,2024-07-11,Middle East & Africa,Home & Garden,Retail Store,Matthew Davis MD,5,188.01,10,846.04
103723,2024-07-11,North America,Office Supplies,Online,Mark Alvarez,11,136.23,10,1348.68
103175,2024-07-11,Europe,Office Supplies,Partner Reseller,Kelsey Baker,7,51.52,0,360.64
104390,2024-07-11,Middle East & Africa,Electronics,Retail Store,Rebecca Lopez,12,834.58,10,9013.46
103602,2024-07-11,Middle East & Africa,Sporting Goods,Online,Dalton Davis,2,308.93,5,586.97
101807,2024-07-11,Europe,Apparel,Online,Mark Benjamin,2,26.2,0,52.4
101239,2024-07-11,Middle East & Africa,Home & Garden,Online,Richard Turner,4,300.3,0,1201.2
105052,2024-07-11,Europe,Electronics,Online,Cassandra Landry,4,1110.49,0,4441.96
102879,2024-07-11,Latin America,Apparel,Online,Noah Morgan,6,65.38,10,353.05
102237,2024-07-11,Asia Pacific,Electronics,Online,Toni Whitaker,10,431.82,15,3670.47
101980,2024-07-11,North America,Electronics,Online,Kim Arnold,7,717.49,0,5022.43
104781,2024-07-12,Europe,Home & Garden,Online,Shawn Lindsey,8,204.71,5,1555.8
104195,2024-07-12,North America,Home & Garden,Retail Store,Mr. Phillip Edwards,6,218.34,20,1048.03
100689,2024-07-12,Europe,Office Supplies,Online,Maria Brown,12,55.29,20,530.78
105632,2024-07-12,Middle East & Africa,Sporting Goods,Retail Store,Michael Khan,3,470.85,10,1271.3
104958,2024-07-12,Latin America,Home & Garden,Online,Connie Ramirez,4,48.02,10,172.87
100668,2024-07-12,Asia Pacific,Electronics,Retail Store,Nathaniel Lee,2,436.96,0,873.92
101097,2024-07-12,Europe,Electronics,Retail Store,Nicholas Carlson,5,549.93,15,2337.2
100117,2024-07-12,North America,Home & Garden,Online,Ashley Waller,2,386.42,10,695.56
100167,2024-07-12,Asia Pacific,Office Supplies,Online,Alyssa Day,11,152.51,5,1593.73
100493,2024-07-13,Latin America,Apparel,Online,Mark Cox,2,116.59,0,233.18
102138,2024-07-13,North America,Office Supplies,Online,Diane Byrd MD,8,73.67,10,530.42
103377,2024-07-13,Latin America,Home & Garden,Retail Store,Jennifer Richards,2,277.59,5,527.42
105716,2024-07-13,North America,Electronics,Retail Store,Ruben Charles,11,1143.72,0,12580.92
105633,2024-07-13,North America,Apparel,Online,Stacey Thomas,12,56.85,20,545.76
103354,2024-07-13,Middle East & Africa,Home & Garden,Partner Reseller,Sherri Thomas,11,43.9,0,482.9
101897,2024-07-13,Latin America,Home & Garden,Online,Lauren Haley,2,57.25,20,91.6
103094,2024-07-14,Europe,Electronics,Online,Francisco Gonzalez,3,82.34,0,247.02
104658,2024-07-14,North America,Home & Garden,Partner Reseller,Zachary Swanson MD,1,130.7,0,130.7
103755,2024-07-15,Asia Pacific,Office Supplies,Online,Shannon Rodriguez,4,153.97,0,615.88
104746,2024-07-15,Europe,Apparel,Partner Reseller,David George,2,121.97,0,243.94
102799,2024-07-15,Europe,Apparel,Online,Phillip Macias,9,52.45,0,472.05
104803,2024-07-15,North America,Electronics,Retail Store,Patricia Hernandez,5,449.09,10,2020.9
104229,2024-07-15,Europe,Sporting Goods,Online,Jerry Waters,9,84.47,20,608.18
100855,2024-07-16,Asia Pacific,Sporting Goods,Retail Store,Melissa Abbott,6,242.17,20,1162.42
103368,2024-07-16,Europe,Home & Garden,Retail Store,Jessica Adams,7,147.73,0,1034.11
102852,2024-07-16,North America,Apparel,Partner Reseller,Richard Day,2,144.6,0,289.2
105619,2024-07-17,North America,Sporting Goods,Partner Reseller,Omar Johnson,7,491.46,15,2924.19
105420,2024-07-17,Asia Pacific,Sporting Goods,Retail Store,Rebecca Perez,5,481.48,0,2407.4
105270,2024-07-17,Middle East & Africa,Electronics,Retail Store,Carmen Jordan,4,776.23,0,3104.92
101600,2024-07-17,Asia Pacific,Apparel,Retail Store,Louis Brown,12,98.92,5,1127.69
105893,2024-07-17,Asia Pacific,Apparel,Retail Store,Donald Reynolds,8,97.17,10,699.62
104855,2024-07-17,Europe,Home & Garden,Partner Reseller,Daniel Sullivan,7,388.86,0,2722.02
105042,2024-07-17,North America,Office Supplies,Retail Store,Debra White,1,137.96,0,137.96
100598,2024-07-17,Europe,Sporting Goods,Partner Reseller,Kimberly Sharp,9,477.45,10,3867.35
104013,2024-07-18,Middle East & Africa,Apparel,Partner Reseller,Miss Gina Walton,10,74.18,20,593.44
103202,2024-07-18,Asia Pacific,Home & Garden,Partner Reseller,Michelle Mcdonald,11,306.73,10,3036.63
105084,2024-07-19,Asia Pacific,Home & Garden,Online,Frederick Mejia,10,130.99,0,1309.9
103333,2024-07-19,Asia Pacific,Office Supplies,Partner Reseller,David Daniels,1,25.07,20,20.06
101737,2024-07-19,Asia Pacific,Sporting Goods,Partner Reseller,Cynthia Shaw,1,52.41,10,47.17
102447,2024-07-19,North America,Home & Garden,Retail Store,Yolanda Keith,2,131.25,0,262.5
100057,2024-07-20,Middle East & Africa,Apparel,Online,Richard Aguirre,6,28.54,0,171.24
103576,2024-07-20,Middle East & Africa,Office Supplies,Online,Robert Hogan,11,193.09,10,1911.59
104913,2024-07-20,Middle East & Africa,Apparel,Online,Ann Boyd,5,97.76,10,439.92
104707,2024-07-20,Asia Pacific,Home & Garden,Online,Sergio Hodge,4,45.36,15,154.22
101514,2024-07-20,Asia Pacific,Sporting Goods,Partner Reseller,Carrie Petersen,4,131.41,10,473.08
102742,2024-07-20,Europe,Apparel,Partner Reseller,Andrea Bowman,1,144.99,20,115.99
100234,2024-07-20,Latin America,Office Supplies,Partner Reseller,Michael Lyons,8,108.46,10,780.91
102289,2024-07-20,North America,Electronics,Partner Reseller,Belinda Evans,9,537.52,0,4837.68
102960,2024-07-20,Latin America,Home & Garden,Online,Steven Schroeder,1,312.4,0,312.4
100368,2024-07-20,Latin America,Office Supplies,Partner Reseller,Renee Bruce,4,94.16,0,376.64
104872,2024-07-21,North America,Sporting Goods,Online,Patricia Mitchell,8,379.49,10,2732.33
105014,2024-07-21,Latin America,Home & Garden,Online,Joshua Smith,5,139.48,20,557.92
103589,2024-07-21,Latin America,Electronics,Partner Reseller,Roy King,1,477.16,5,453.3
102787,2024-07-21,Asia Pacific,Apparel,Online,Bradley Robertson Jr.,3,39.89,5,113.69
103498,2024-07-21,Europe,Home & Garden,Online,Kelly Gilbert,10,350.72,20,2805.76
105726,2024-07-21,Latin America,Sporting Goods,Retail Store,Kathryn Rivers,9,41.27,20,297.14
104518,2024-07-21,Middle East & Africa,Apparel,Partner Reseller,Carol Gay,3,65.71,15,167.56
104201,2024-07-21,Europe,Home & Garden,Partner Reseller,Eugene Fritz,6,331.9,0,1991.4
101847,2024-07-22,Middle East & Africa,Sporting Goods,Retail Store,Philip Fernandez,8,87.13,15,592.48
102030,2024-07-22,North America,Sporting Goods,Online,Paul Saunders,5,184.17,0,920.85
105050,2024-07-22,North America,Office Supplies,Partner Reseller,Michael Moon,3,199.76,0,599.28
102673,2024-07-23,North America,Home & Garden,Retail Store,Michael Hogan,1,233.27,15,198.28
104819,2024-07-23,Latin America,Home & Garden,Retail Store,Derek Williams,7,17.85,0,124.95
104600,2024-07-23,North America,Electronics,Retail Store,Jennifer Townsend,10,396.15,10,3565.35
103114,2024-07-23,Latin America,Apparel,Partner Reseller,Gary Salazar,10,144.13,20,1153.04
100071,2024-07-23,Asia Pacific,Sporting Goods,Online,Whitney Peters,12,405.07,20,3888.67
104531,2024-07-23,Middle East & Africa,Electronics,Online,Troy Lee,2,135.89,10,244.6
105445,2024-07-23,Asia Pacific,Sporting Goods,Online,Tanner Decker,2,433.55,5,823.75
101336,2024-07-23,Asia Pacific,Home & Garden,Retail Store,Charles Frost,3,238.94,0,716.82
103030,2024-07-23,Latin America,Sporting Goods,Online,Natalie Smith,5,62.94,0,314.7
102504,2024-07-24,Europe,Apparel,Online,Joseph Jackson,2,28.57,0,57.14
100026,2024-07-24,Middle East & Africa,Office Supplies,Retail Store,Justin Baker,10,184.11,0,1841.1
101256,2024-07-24,North America,Office Supplies,Partner Reseller,Mr. Carl Rios,10,195.47,0,1954.7
101295,2024-07-24,North America,Home & Garden,Online,Mr. Daniel Martin,8,358.38,0,2867.04
103134,2024-07-24,Latin America,Office Supplies,Partner Reseller,Bridget Walter,3,146.52,10,395.6
102465,2024-07-25,North America,Office Supplies,Partner Reseller,Jacqueline Pierce,12,23.44,0,281.28
105151,2024-07-25,Asia Pacific,Home & Garden,Online,Chase Burnett,4,248.42,0,993.68
101438,2024-07-25,Asia Pacific,Office Supplies,Partner Reseller,Lisa Nelson,3,21.04,0,63.12
102066,2024-07-25,Asia Pacific,Electronics,Online,Mario Chavez,3,387.96,15,989.3
101626,2024-07-25,Europe,Electronics,Online,Amber Butler,6,610.41,20,2929.97
104049,2024-07-25,Asia Pacific,Office Supplies,Partner Reseller,Shelly Rodgers,3,146.4,0,439.2
105971,2024-07-25,Middle East & Africa,Sporting Goods,Partner Reseller,Brian Thompson,2,235.73,20,377.17
100728,2024-07-25,Asia Pacific,Office Supplies,Retail Store,Aaron Parker,3,153.77,15,392.11
103347,2024-07-26,Europe,Electronics,Partner Reseller,Amanda Love,7,709.21,0,4964.47
104370,2024-07-26,North America,Home & Garden,Partner Reseller,Gerald Vega,2,206.22,15,350.57
102111,2024-07-26,Middle East & Africa,Sporting Goods,Partner Reseller,Sean Morrow,5,337.41,0,1687.05
101905,2024-07-26,Europe,Home & Garden,Retail Store,Judith Miller,7,61.38,0,429.66
103082,2024-07-26,Asia Pacific,Sporting Goods,Partner Reseller,Laurie Carter,7,486.93,0,3408.51
105260,2024-07-27,Asia Pacific,Sporting Goods,Partner Reseller,Maria Gonzalez,6,399.16,0,2394.96
104880,2024-07-27,Asia Pacific,Electronics,Online,Joseph Russell,9,692.84,0,6235.56
104961,2024-07-27,Latin America,Office Supplies,Online,Charles Powell,8,20.14,0,161.12
101893,2024-07-27,Europe,Electronics,Retail Store,Manuel Diaz,1,292.32,0,292.32
102092,2024-07-27,North America,Office Supplies,Partner Reseller,Erin Silva,10,59.22,20,473.76
102491,2024-07-27,Europe,Home & Garden,Online,Jason Jennings,10,396.97,0,3969.7
103289,2024-07-27,Middle East & Africa,Sporting Goods,Online,Anthony Ayala,12,272.58,20,2616.77
105168,2024-07-27,Latin America,Apparel,Online,Kenneth Maxwell,6,63.63,20,305.42
100895,2024-07-28,Latin America,Home & Garden,Retail Store,Ryan Murphy,6,279.79,5,1594.8
100854,2024-07-28,Latin America,Apparel,Partner Reseller,Lindsay Lawson,3,127.62,15,325.43
105880,2024-07-28,Asia Pacific,Home & Garden,Partner Reseller,Mary Hoffman,12,106.74,0,1280.88
105194,2024-07-28,North America,Electronics,Retail Store,Mercedes Richardson,6,201.27,0,1207.62
103655,2024-07-28,Europe,Electronics,Online,Jessica Burgess,12,832.36,20,7990.66
103260,2024-07-28,Middle East & Africa,Electronics,Retail Store,Kevin Soto,3,344.1,20,825.84
102072,2024-07-28,Europe,Home & Garden,Partner Reseller,Lori Boyd,3,130.02,15,331.55
104722,2024-07-28,Middle East & Africa,Sporting Goods,Retail Store,Kelli Collins,7,22.85,10,143.96
102877,2024-07-28,North America,Electronics,Retail Store,Charles Burton,9,1051.87,5,8993.49
101820,2024-07-29,North America,Office Supplies,Retail Store,Judy Gregory,7,81.5,15,484.93
101410,2024-07-29,Asia Pacific,Sporting Goods,Online,Mercedes Miller,2,216.92,15,368.76
103050,2024-07-29,Middle East & Africa,Office Supplies,Partner Reseller,Heather Allen,9,146.62,5,1253.6
100606,2024-07-29,North America,Office Supplies,Partner Reseller,Brian Martin,12,161.61,15,1648.42
104907,2024-07-29,Middle East & Africa,Home & Garden,Retail Store,David Aguirre,6,349.41,10,1886.81
103257,2024-07-29,Latin America,Electronics,Partner Reseller,Christina King,1,129.44,0,129.44
104977,2024-07-29,North America,Office Supplies,Online,John Payne,2,152.71,0,305.42
105652,2024-07-29,Asia Pacific,Electronics,Retail Store,Tommy Romero,2,739.82,0,1479.64
102292,2024-07-30,North America,Home & Garden,Partner Reseller,Lori Ferguson,7,349.74,0,2448.18
100944,2024-07-30,North America,Home & Garden,Partner Reseller,Francis Robinson,5,38.11,5,181.02
102882,2024-07-30,North America,Office Supplies,Online,Christopher Brown,12,36.86,0,442.32
104591,2024-07-30,Latin America,Home & Garden,Retail Store,Cody Jimenez,11,237.48,0,2612.28
101666,2024-07-31,Middle East & Africa,Apparel,Retail Store,Paula Gentry,8,79.8,0,638.4
100900,2024-07-31,Asia Pacific,Sporting Goods,Partner Reseller,Danielle Smith,11,373.18,0,4104.98
104472,2024-07-31,Latin America,Electronics,Retail Store,Linda Patrick,9,646.35,5,5526.29
103639,2024-07-31,Middle East & Africa,Office Supplies,Partner Reseller,Linda Howard,1,72.67,0,72.67
103824,2024-08-01,Latin America,Home & Garden,Online,Spencer Camacho,3,15.47,10,41.77
105166,2024-08-01,Asia Pacific,Electronics,Online,Daniel Luna,7,104.28,15,620.47
104577,2024-08-01,Europe,Home & Garden,Retail Store,Melissa Patrick,8,25.41,15,172.79
104282,2024-08-01,Asia Pacific,Apparel,Partner Reseller,Mark Knight,6,125.8,10,679.32
100621,2024-08-01,Europe,Apparel,Retail Store,Lisa Perry,6,46.54,20,223.39
102650,2024-08-01,Latin America,Home & Garden,Online,Cory Thomas,4,309.37,5,1175.61
102779,2024-08-01,Asia Pacific,Home & Garden,Online,Edwin Carter,7,385.77,0,2700.39
103540,2024-08-02,Middle East & Africa,Electronics,Retail Store,John Williams,11,989.82,0,10888.02
104061,2024-08-02,Middle East & Africa,Sporting Goods,Online,Sharon Sims,7,277.18,0,1940.26
105870,2024-08-02,Asia Pacific,Office Supplies,Online,James Livingston,4,186.74,0,746.96
104484,2024-08-02,Asia Pacific,Home & Garden,Online,Andrea Garcia,4,255.16,0,1020.64
103519,2024-08-02,Europe,Office Supplies,Partner Reseller,Kara Jackson,3,121.26,20,291.02
102526,2024-08-02,Middle East & Africa,Sporting Goods,Partner Reseller,Randall Nguyen,3,248.95,0,746.85
100852,2024-08-02,Europe,Office Supplies,Online,Victor Edwards,6,115.54,5,658.58
101361,2024-08-02,North America,Home & Garden,Online,Kelli Smith,7,336.38,5,2236.93
105789,2024-08-03,Middle East & Africa,Home & Garden,Retail Store,Scott James,8,238.14,0,1905.12
103495,2024-08-03,Middle East & Africa,Sporting Goods,Online,Katelyn Curry,1,463.67,0,463.67
105846,2024-08-03,North America,Office Supplies,Online,Rachel Walsh,9,128.19,20,922.97
103991,2024-08-03,Europe,Sporting Goods,Online,Jeffrey Benton Jr.,11,95.63,15,894.14
105937,2024-08-03,Middle East & Africa,Home & Garden,Online,David Perkins,6,157.96,20,758.21
101555,2024-08-03,Latin America,Electronics,Retail Store,Kim Lopez,7,244.14,20,1367.18
102658,2024-08-03,North America,Sporting Goods,Partner Reseller,Timothy Orr,5,422.23,0,2111.15
100642,2024-08-03,Middle East & Africa,Apparel,Retail Store,Joshua Rice,3,64.37,0,193.11
105015,2024-08-03,Middle East & Africa,Home & Garden,Retail Store,Steven Johnson,12,164.61,0,1975.32
105683,2024-08-03,Middle East & Africa,Office Supplies,Partner Reseller,Ryan Harmon,7,154.43,15,918.86
103442,2024-08-03,Europe,Sporting Goods,Online,Dr. John Jenkins,6,23.23,0,139.38
105436,2024-08-03,Europe,Apparel,Online,Shelly Moss,9,77.17,0,694.53
102181,2024-08-04,North America,Office Supplies,Retail Store,Trevor James,4,23.89,0,95.56
100561,2024-08-04,Latin America,Apparel,Partner Reseller,Kim Erickson,12,91.47,0,1097.64
101232,2024-08-04,Asia Pacific,Sporting Goods,Retail Store,Brandon Brown,11,450.3,15,4210.31
103745,2024-08-04,North America,Office Supplies,Partner Reseller,Danielle Norris,5,116.93,10,526.19
100013,2024-08-04,Europe,Sporting Goods,Partner Reseller,Michele Williams,11,202.14,15,1890.01
104542,2024-08-05,Latin America,Electronics,Retail Store,Mary Conley,10,93.92,0,939.2
105452,2024-08-05,Latin America,Electronics,Online,Robert Smith,8,557.14,0,4457.12
101871,2024-08-05,Asia Pacific,Electronics,Retail Store,Zachary Vargas PhD,7,1141.15,20,6390.44
101751,2024-08-06,Europe,Home & Garden,Retail Store,Amy Kennedy,10,178.25,0,1782.5
103790,2024-08-06,North America,Electronics,Retail Store,Mr. Lawrence Brooks,12,692.34,5,7892.68
100973,2024-08-06,Europe,Office Supplies,Partner Reseller,Tracy Walker,10,154.08,20,1232.64
103350,2024-08-06,Europe,Home & Garden,Partner Reseller,Nathan Burke,5,241.23,20,964.92
103119,2024-08-06,Asia Pacific,Office Supplies,Retail Store,Joseph Lane,1,77.74,0,77.74
102662,2024-08-07,Latin America,Sporting Goods,Retail Store,Michael Wiggins,2,47.19,20,75.5
101458,2024-08-07,Middle East & Africa,Home & Garden,Retail Store,Richard Smith,9,115.21,5,985.05
104339,2024-08-07,Europe,Apparel,Retail Store,Travis Allen,12,53.69,0,644.28
100297,2024-08-07,Latin America,Office Supplies,Online,William Barrett,3,107.85,20,258.84
101707,2024-08-07,Asia Pacific,Sporting Goods,Online,Cynthia Bates,3,314.25,5,895.61
104965,2024-08-07,Europe,Home & Garden,Retail Store,Tammy Hendrix,12,370.93,0,4451.16
101574,2024-08-08,North America,Office Supplies,Partner Reseller,Bailey Stewart,12,127.87,0,1534.44
105455,2024-08-08,Asia Pacific,Apparel,Partner Reseller,Thomas Romero,1,90.98,0,90.98
105441,2024-08-08,Europe,Electronics,Partner Reseller,Donald Cole,2,629.17,0,1258.34
103314,2024-08-08,Latin America,Home & Garden,Partner Reseller,Melissa Santos,2,278.69,0,557.38
104084,2024-08-09,Latin America,Office Supplies,Retail Store,Edgar Brown,3,141.01,20,338.42
105211,2024-08-09,Europe,Home & Garden,Online,Grace Green,8,174.32,20,1115.65
103604,2024-08-09,Middle East & Africa,Home & Garden,Online,John Cooper,10,152.73,15,1298.2
103622,2024-08-09,North America,Electronics,Partner Reseller,Scott Lara,3,219.01,15,558.48
102407,2024-08-09,Asia Pacific,Electronics,Partner Reseller,Thomas Ramos,1,273.3,0,273.3
103370,2024-08-09,North America,Electronics,Online,Randall Cox,1,755.28,5,717.52
104131,2024-08-09,Europe,Sporting Goods,Retail Store,Donna Garcia,11,489.8,20,4310.24
101078,2024-08-09,Asia Pacific,Sporting Goods,Online,Julie Delacruz,11,126.83,0,1395.13
103304,2024-08-10,Latin America,Office Supplies,Online,Joshua Simpson,1,98.08,10,88.27
101323,2024-08-10,Latin America,Sporting Goods,Partner Reseller,Matthew Watts,5,405.77,0,2028.85
104724,2024-08-10,North America,Sporting Goods,Online,Steven King,7,209.99,20,1175.94
102296,2024-08-10,Middle East & Africa,Electronics,Partner Reseller,Kevin Carson,1,1193.43,0,1193.43
103236,2024-08-10,North America,Home & Garden,Partner Reseller,William Howard,7,171.24,20,958.94
101215,2024-08-11,North America,Home & Garden,Online,Gary Ward,8,112.53,15,765.2
105908,2024-08-11,North America,Electronics,Online,Michael Taylor,9,790.23,0,7112.07
101096,2024-08-11,Asia Pacific,Office Supplies,Online,Rodney Evans,3,174.9,0,524.7
101951,2024-08-11,Latin America,Office Supplies,Retail Store,Tyler Avila,3,179.02,0,537.06
103883,2024-08-11,Middle East & Africa,Sporting Goods,Retail Store,Jodi Lewis,9,64.34,0,579.06
101133,2024-08-11,Asia Pacific,Electronics,Partner Reseller,Caitlin Perry,2,951.13,5,1807.15
104567,2024-08-11,North America,Office Supplies,Retail Store,Kenneth Williams,11,151.73,20,1335.22
101010,2024-08-11,Europe,Sporting Goods,Partner Reseller,Kathryn Lester,2,465.63,5,884.7
104356,2024-08-11,Latin America,Office Supplies,Online,Jordan Curry,2,34.71,0,69.42
103829,2024-08-11,Europe,Electronics,Partner Reseller,Daniel Turner,12,833.9,15,8505.78
102856,2024-08-11,Middle East & Africa,Home & Garden,Retail Store,Miranda Ortiz,6,218.91,15,1116.44
103621,2024-08-11,Asia Pacific,Apparel,Partner Reseller,Bradley Parks,6,92.37,20,443.38
100879,2024-08-12,North America,Home & Garden,Retail Store,Richard Adams,3,114.43,10,308.96
100131,2024-08-12,Latin America,Sporting Goods,Retail Store,Dustin Jordan,4,286.48,15,974.03
103229,2024-08-12,Latin America,Sporting Goods,Partner Reseller,Katherine Contreras,6,23.66,0,141.96
102823,2024-08-12,North America,Apparel,Online,Heidi Torres,10,131.82,0,1318.2
100468,2024-08-13,Europe,Electronics,Online,Katie Mcneil,8,324.97,0,2599.76
103933,2024-08-13,North America,Office Supplies,Partner Reseller,Russell Bird,10,145.57,0,1455.7
101111,2024-08-14,Asia Pacific,Apparel,Partner Reseller,Breanna Rivas,9,83.79,0,754.11
100830,2024-08-14,Middle East & Africa,Electronics,Partner Reseller,Mr. Michael Williams,4,782.17,15,2659.38
102914,2024-08-14,North America,Electronics,Partner Reseller,Sharon Fuentes,8,891.79,20,5707.46
101112,2024-08-14,Europe,Office Supplies,Partner Reseller,Nathan Wilson,10,16.35,15,138.97
103982,2024-08-14,Middle East & Africa,Home & Garden,Partner Reseller,Taylor Flores,1,233.13,0,233.13
105380,2024-08-14,Latin America,Home & Garden,Online,Stanley Benson,3,330.74,0,992.22
104442,2024-08-14,Latin America,Sporting Goods,Online,George Weber,6,361.13,0,2166.78
100213,2024-08-14,Latin America,Electronics,Retail Store,Katherine Salas,1,236.55,0,236.55
101839,2024-08-14,Middle East & Africa,Office Supplies,Online,Stacie Butler,9,157.78,5,1349.02
102741,2024-08-15,Asia Pacific,Electronics,Retail Store,Caleb Rodriguez,1,678.41,0,678.41
102038,2024-08-15,Middle East & Africa,Electronics,Retail Store,Mike Freeman,12,120.86,0,1450.32
105486,2024-08-15,North America,Office Supplies,Retail Store,Melanie Davidson,2,88.03,0,176.06
105159,2024-08-15,North America,Sporting Goods,Retail Store,Jose Lopez,3,405.84,15,1034.89
104364,2024-08-16,North America,Office Supplies,Retail Store,Melissa Henry,10,105.78,20,846.24
102574,2024-08-16,Europe,Electronics,Partner Reseller,Ryan Rivera,12,1055.21,15,10763.14
103812,2024-08-16,Middle East & Africa,Electronics,Online,Sarah Miller,7,282.64,15,1681.71
104079,2024-08-16,Middle East & Africa,Apparel,Online,Timothy Wang,7,37.07,0,259.49
104927,2024-08-16,Asia Pacific,Electronics,Retail Store,Erika Bates,11,724.15,10,7169.09
102907,2024-08-16,North America,Office Supplies,Online,Jason Crawford,1,25.92,20,20.74
100173,2024-08-16,Latin America,Home & Garden,Online,Matthew Harrington,3,190.86,5,543.95
101602,2024-08-16,North America,Home & Garden,Retail Store,Nathan Wilson,1,263.88,10,237.49
103983,2024-08-16,Asia Pacific,Electronics,Partner Reseller,Tyler Taylor,2,232.72,0,465.44
102174,2024-08-17,North America,Electronics,Retail Store,Brad Rivas,11,382.6,0,4208.6
105275,2024-08-17,Asia Pacific,Sporting Goods,Online,Lori Davis,6,426.47,15,2175.0
101492,2024-08-17,Middle East & Africa,Apparel,Partner Reseller,Chelsey Fox,10,59.76,0,597.6
100124,2024-08-17,Middle East & Africa,Apparel,Retail Store,Helen Jones,9,96.23,20,692.86
102727,2024-08-17,Asia Pacific,Electronics,Partner Reseller,Kelly Andersen,3,470.94,10,1271.54
101554,2024-08-17,North America,Apparel,Retail Store,Ariana Stewart,4,82.3,20,263.36
105361,2024-08-17,Asia Pacific,Electronics,Retail Store,Chad Moreno,8,568.13,0,4545.04
102470,2024-08-17,Latin America,Office Supplies,Partner Reseller,Christopher Hall,2,196.15,0,392.3
103520,2024-08-18,Middle East & Africa,Sporting Goods,Retail Store,Virginia Davis,2,415.28,0,830.56
101332,2024-08-18,Europe,Sporting Goods,Online,Michael Martin,11,455.26,0,5007.86
100776,2024-08-18,Europe,Office Supplies,Online,Tina Hall,8,170.52,20,1091.33
100542,2024-08-18,Latin America,Sporting Goods,Retail Store,Kenneth Edwards,7,348.65,15,2074.47
102821,2024-08-18,North America,Home & Garden,Online,Christy Kennedy,6,43.65,0,261.9
105218,2024-08-18,Middle East & Africa,Electronics,Retail Store,Michael Bolton,6,154.52,10,834.41
100108,2024-08-18,Latin America,Home & Garden,Retail Store,Evelyn Galvan,9,392.58,0,3533.22
103436,2024-08-18,Europe,Apparel,Retail Store,Howard Castillo,4,96.71,20,309.47
103214,2024-08-19,Middle East & Africa,Sporting Goods,Online,Nancy Brown,4,364.85,15,1240.49
103596,2024-08-19,Asia Pacific,Home & Garden,Partner Reseller,Christina Compton,1,39.93,0,39.93
101231,2024-08-19,Europe,Home & Garden,Online,Brittany Stevens,7,228.47,15,1359.4
101032,2024-08-19,Asia Pacific,Sporting Goods,Online,William Ramos,2,219.93,20,351.89
102910,2024-08-19,Asia Pacific,Home & Garden,Retail Store,Melissa Goodman,7,263.62,15,1568.54
104019,2024-08-19,Asia Pacific,Electronics,Online,Marc White,11,512.68,10,5075.53
103954,2024-08-20,Asia Pacific,Office Supplies,Online,Kimberly Morris,8,92.33,0,738.64
101094,2024-08-20,North America,Office Supplies,Partner Reseller,Michael Cooper,12,142.92,20,1372.03
101089,2024-08-20,Middle East & Africa,Electronics,Partner Reseller,Lucas Schultz,10,281.34,15,2391.39
104564,2024-08-20,Asia Pacific,Sporting Goods,Partner Reseller,Wendy Smith,11,426.29,5,4454.73
100880,2024-08-20,Middle East & Africa,Office Supplies,Partner Reseller,Patricia Johnson,12,129.34,15,1319.27
103879,2024-08-20,Latin America,Office Supplies,Retail Store,Christopher Thomas,11,85.47,20,752.14
103534,2024-08-21,Latin America,Home & Garden,Online,Justin Cuevas,5,379.12,5,1800.82
105690,2024-08-21,Latin America,Sporting Goods,Retail Store,Janet Graves,12,430.78,20,4135.49
105502,2024-08-21,Middle East & Africa,Office Supplies,Online,Kristen Ramirez,4,122.88,0,491.52
100744,2024-08-21,Middle East & Africa,Office Supplies,Retail Store,Travis Harris,11,70.88,0,779.68
102566,2024-08-21,Latin America,Office Supplies,Partner Reseller,Stephanie Parker,1,96.62,20,77.3
104744,2024-08-21,North America,Sporting Goods,Partner Reseller,Stacy Orozco,8,25.03,20,160.19
104597,2024-08-21,Asia Pacific,Home & Garden,Partner Reseller,John Mcneil,12,26.63,15,271.63
103418,2024-08-21,Middle East & Africa,Sporting Goods,Partner Reseller,Ricky Luna,6,114.13,20,547.82
101580,2024-08-21,Europe,Sporting Goods,Retail Store,Debra Bradley,9,31.55,0,283.95
104213,2024-08-22,North America,Home & Garden,Partner Reseller,Eric Moore,9,280.73,15,2147.58
101071,2024-08-22,Asia Pacific,Sporting Goods,Partner Reseller,Sarah Pittman,5,481.37,5,2286.51
103949,2024-08-22,Europe,Electronics,Online,Monica Atkinson,6,736.42,20,3534.82
101608,2024-08-22,Latin America,Apparel,Online,Becky Wilson,8,141.07,0,1128.56
104081,2024-08-22,Asia Pacific,Home & Garden,Partner Reseller,Tiffany Peterson,4,356.22,10,1282.39
101046,2024-08-22,Middle East & Africa,Home & Garden,Partner Reseller,Nicole Barker,4,184.58,0,738.32
105867,2024-08-22,North America,Electronics,Partner Reseller,Elijah Archer,7,478.17,15,2845.11
104779,2024-08-22,Middle East & Africa,Home & Garden,Retail Store,Jennifer Banks,1,62.86,15,53.43
105779,2024-08-23,Middle East & Africa,Office Supplies,Retail Store,Mark Townsend,1,81.98,15,69.68
104772,2024-08-23,North America,Apparel,Retail Store,Christopher Copeland,1,106.42,0,106.42
103235,2024-08-23,Middle East & Africa,Sporting Goods,Online,Julie Sharp,5,154.0,10,693.0
105941,2024-08-23,Asia Pacific,Office Supplies,Partner Reseller,Travis Marsh,2,192.39,10,346.3
103693,2024-08-23,Latin America,Sporting Goods,Retail Store,Jacob Paul,9,78.42,0,705.78
101635,2024-08-23,North America,Apparel,Online,Ashley Blair,11,101.13,20,889.94
102981,2024-08-23,North America,Apparel,Partner Reseller,Stephanie Marshall,1,119.29,0,119.29
105680,2024-08-24,Europe,Home & Garden,Partner Reseller,James Franklin,3,369.96,0,1109.88
101390,2024-08-24,North America,Sporting Goods,Retail Store,Dr. Samuel Holmes DDS,6,185.67,5,1058.32
102268,2024-08-25,Middle East & Africa,Apparel,Online,Adam Drake,12,15.87,0,190.44
104426,2024-08-25,Middle East & Africa,Apparel,Retail Store,Christine Tyler,11,108.79,0,1196.69
105871,2024-08-25,Middle East & Africa,Apparel,Online,Jeffrey Evans,8,81.08,0,648.64
100663,2024-08-25,North America,Apparel,Online,Samuel Turner,5,72.53,0,362.65
101561,2024-08-25,Europe,Office Supplies,Online,Lori Johns,2,173.34,15,294.68
101490,2024-08-25,Middle East & Africa,Electronics,Online,Eric Blackburn,1,697.11,10,627.4
105077,2024-08-25,Middle East & Africa,Electronics,Online,Theresa Martinez,2,335.55,15,570.44
103683,2024-08-25,Middle East & Africa,Office Supplies,Retail Store,Joseph Myers,7,150.8,15,897.26
104873,2024-08-25,Asia Pacific,Office Supplies,Online,Courtney Sanders,8,17.64,10,127.01
103670,2024-08-25,North America,Office Supplies,Retail Store,Daniel Mercer,7,18.48,5,122.89
100215,2024-08-25,Latin America,Apparel,Partner Reseller,Anthony Everett,12,103.87,15,1059.47
101369,2024-08-25,North America,Home & Garden,Online,Brittney Rodriguez,12,167.0,10,1803.6
105845,2024-08-25,Middle East & Africa,Sporting Goods,Online,Colin Mckay,6,394.34,0,2366.04
100887,2024-08-26,Middle East & Africa,Electronics,Online,Dana Ruiz,9,1063.08,10,8610.95
101066,2024-08-26,Middle East & Africa,Apparel,Partner Reseller,Yolanda Green,3,72.88,0,218.64
103640,2024-08-26,Latin America,Home & Garden,Online,Parker Wright,2,344.4,0,688.8
105379,2024-08-26,Europe,Office Supplies,Partner Reseller,Victor Yates,1,21.26,15,18.07
102076,2024-08-26,Middle East & Africa,Office Supplies,Retail Store,Jason Colon,4,153.39,20,490.85
105451,2024-08-26,Europe,Electronics,Online,Tammy Jackson,4,207.49,15,705.47
100158,2024-08-26,Latin America,Apparel,Online,Melissa Gates,1,94.52,0,94.52
101719,2024-08-27,Europe,Electronics,Online,Jessica Haas,3,759.83,0,2279.49
105083,2024-08-27,North America,Apparel,Partner Reseller,Rhonda Patterson,5,24.33,20,97.32
105938,2024-08-27,Europe,Apparel,Partner Reseller,Rose Jackson,1,42.56,5,40.43
104572,2024-08-27,Europe,Office Supplies,Partner Reseller,Lisa Fox,1,169.41,20,135.53
100151,2024-08-27,Middle East & Africa,Sporting Goods,Partner Reseller,Pamela Boyd,4,159.8,0,639.2
102155,2024-08-27,Europe,Apparel,Retail Store,Sandy Adkins,2,78.16,20,125.06
102239,2024-08-27,North America,Electronics,Retail Store,Sarah Howell,9,360.22,0,3241.98
104021,2024-08-28,Europe,Apparel,Online,Linda Berry,2,80.81,0,161.62
104166,2024-08-28,Latin America,Electronics,Online,Christian Solis,9,654.54,10,5301.77
104893,2024-08-28,Asia Pacific,Sporting Goods,Online,Kenneth Washington,1,344.54,0,344.54
100585,2024-08-28,North America,Home & Garden,Partner Reseller,Tina Ballard,10,207.34,0,2073.4
104439,2024-08-28,North America,Apparel,Retail Store,Joshua Adams,8,93.47,5,710.37
104778,2024-08-28,Latin America,Office Supplies,Online,Kim Vincent,10,139.5,0,1395.0
101845,2024-08-28,Middle East & Africa,Home & Garden,Online,Aaron Young,11,177.87,0,1956.57
102851,2024-08-28,Latin America,Sporting Goods,Partner Reseller,Stephen Ho,3,474.72,5,1352.95
100155,2024-08-29,Asia Pacific,Office Supplies,Retail Store,Michelle Brown,10,151.05,0,1510.5
105427,2024-08-29,Latin America,Office Supplies,Partner Reseller,Haley Jackson,7,195.51,10,1231.71
103226,2024-08-29,Asia Pacific,Sporting Goods,Partner Reseller,Robert Sandoval,8,49.41,0,395.28
102223,2024-08-29,Europe,Home & Garden,Partner Reseller,Amber Smith,12,225.63,0,2707.56
103349,2024-08-29,North America,Apparel,Partner Reseller,Michael Mathews,5,128.06,5,608.28
101753,2024-08-29,Latin America,Electronics,Retail Store,Lori Mitchell,6,1145.13,5,6527.24
100189,2024-08-29,North America,Sporting Goods,Online,Jessica Gross,5,99.86,0,499.3
102785,2024-08-29,Middle East & Africa,Home & Garden,Partner Reseller,Aaron Zamora,12,109.71,0,1316.52
103408,2024-08-29,North America,Office Supplies,Retail Store,Daniel Roberson,11,17.38,15,162.5
102588,2024-08-29,North America,Office Supplies,Online,Jonathan Moss,1,166.5,0,166.5
101276,2024-08-29,North America,Sporting Goods,Retail Store,Renee Mendez,9,372.07,0,3348.63
105461,2024-08-29,Asia Pacific,Electronics,Partner Reseller,Marie Davidson,5,570.5,0,2852.5
102767,2024-08-29,Europe,Home & Garden,Partner Reseller,Karen Robertson,6,256.48,15,1308.05
103111,2024-08-29,North America,Electronics,Online,Steven Mayo,5,115.15,5,546.96
104981,2024-08-30,Middle East & Africa,Apparel,Retail Store,Kenneth Williams,7,56.97,15,338.97
100637,2024-08-30,Latin America,Home & Garden,Online,Randy Cannon,10,28.34,10,255.06
101518,2024-08-30,Asia Pacific,Electronics,Online,Hannah Montoya,3,827.1,0,2481.3
105617,2024-08-30,Asia Pacific,Apparel,Partner Reseller,Michaela Hernandez,7,31.38,0,219.66
100889,2024-08-30,Latin America,Office Supplies,Partner Reseller,Kristen Sloan,1,87.03,15,73.98
100693,2024-08-30,Europe,Home & Garden,Online,Jonathan Brooks,10,233.14,20,1865.12
103386,2024-08-30,North America,Sporting Goods,Partner Reseller,Heather Morales,10,397.09,10,3573.81
105613,2024-08-31,Middle East & Africa,Office Supplies,Retail Store,Angel Lewis,6,64.1,0,384.6
105400,2024-08-31,Latin America,Office Supplies,Online,Jose Collins,11,28.7,5,299.91
105750,2024-08-31,Latin America,Electronics,Online,Diana Kemp,5,1144.78,10,5151.51
100225,2024-08-31,Asia Pacific,Home & Garden,Online,Benjamin Smith,1,57.32,0,57.32
104402,2024-09-01,Europe,Apparel,Partner Reseller,Rachel Oneal,12,128.79,15,1313.66
105895,2024-09-01,North America,Apparel,Retail Store,Lacey Morrow,12,136.56,20,1310.98
105924,2024-09-01,Middle East & Africa,Home & Garden,Online,Paul Blair,12,319.61,0,3835.32
100962,2024-09-01,Asia Pacific,Apparel,Partner Reseller,Shannon Yu,8,130.99,20,838.34
103232,2024-09-01,Asia Pacific,Office Supplies,Partner Reseller,Justin Smith,11,144.18,10,1427.38
100666,2024-09-02,Latin America,Sporting Goods,Retail Store,David Harris,7,188.59,0,1320.13
104808,2024-09-02,Middle East & Africa,Sporting Goods,Partner Reseller,Glenn Ward,9,50.82,20,365.9
102001,2024-09-02,Europe,Sporting Goods,Partner Reseller,Steven Medina,11,57.8,0,635.8
104532,2024-09-02,Europe,Apparel,Online,Jennifer Mckenzie,9,116.82,10,946.24
102728,2024-09-02,Europe,Electronics,Partner Reseller,Joshua Clark,10,637.37,0,6373.7
103734,2024-09-02,Europe,Office Supplies,Retail Store,Eric Walker,12,124.15,20,1191.84
101887,2024-09-02,Latin America,Apparel,Online,Steven Cook,7,11.24,5,74.75
100988,2024-09-02,Europe,Apparel,Online,Anna Wheeler,11,134.25,0,1476.75
102612,2024-09-02,Europe,Apparel,Online,Jay Gallegos,2,133.07,20,212.91
102810,2024-09-03,Middle East & Africa,Sporting Goods,Retail Store,Meredith Shaw,6,496.02,20,2380.9
100537,2024-09-03,Europe,Office Supplies,Partner Reseller,Bianca Wood,10,80.75,0,807.5
100329,2024-09-03,Latin America,Apparel,Retail Store,Ariana Jennings,12,72.6,20,696.96
101374,2024-09-03,Europe,Sporting Goods,Retail Store,William Moon IV,5,71.86,5,341.33
101320,2024-09-03,Middle East & Africa,Electronics,Online,Diane Mcdowell,6,1097.46,5,6255.52
103121,2024-09-03,Middle East & Africa,Apparel,Partner Reseller,Courtney Baker,9,84.32,10,682.99
105403,2024-09-03,North America,Sporting Goods,Retail Store,Tiffany Williams,10,379.56,15,3226.26
103151,2024-09-04,Latin America,Office Supplies,Partner Reseller,Jonathan Graves,7,155.31,0,1087.17
104681,2024-09-04,Middle East & Africa,Electronics,Online,Deborah Garza,8,953.3,5,7245.08
104614,2024-09-04,Latin America,Home & Garden,Partner Reseller,Matthew Williams,9,169.81,0,1528.29
104763,2024-09-04,Europe,Home & Garden,Retail Store,Christopher Johnson,6,24.83,5,141.53
101397,2024-09-04,Europe,Apparel,Online,Tracey Gonzalez,11,79.54,0,874.94
103118,2024-09-04,Europe,Sporting Goods,Retail Store,Jennifer Griffin,1,38.46,15,32.69
105932,2024-09-04,North America,Sporting Goods,Online,Timothy Smith,4,43.13,20,138.02
103398,2024-09-04,Asia Pacific,Office Supplies,Online,Glenn Elliott,3,174.28,0,522.84
100105,2024-09-04,Latin America,Sporting Goods,Partner Reseller,Marc Moore,12,278.35,10,3006.18
100762,2024-09-04,Asia Pacific,Apparel,Partner Reseller,Jennifer Goodwin,6,122.22,5,696.65
102003,2024-09-05,Europe,Office Supplies,Partner Reseller,Michelle Richardson,12,105.68,10,1141.34
100319,2024-09-05,Latin America,Sporting Goods,Partner Reseller,Connie Brown,3,323.23,0,969.69
103183,2024-09-05,Middle East & Africa,Electronics,Partner Reseller,Mary Torres,4,1163.24,0,4652.96
101008,2024-09-05,Latin America,Sporting Goods,Retail Store,Karen Keith,12,272.39,10,2941.81
103624,2024-09-05,Latin America,Electronics,Online,Jesse Tucker,2,473.41,5,899.48
103002,2024-09-05,North America,Apparel,Partner Reseller,William Mcmillan,7,27.42,20,153.55
104700,2024-09-05,North America,Sporting Goods,Partner Reseller,Tyler Andrews,7,155.59,15,925.76
105127,2024-09-05,Middle East & Africa,Electronics,Online,Bryan Harrison,4,198.99,15,676.57
104246,2024-09-06,Latin America,Home & Garden,Retail Store,Becky Parrish,3,149.24,0,447.72
102847,2024-09-06,Europe,Home & Garden,Online,Joy Zimmerman,3,243.28,0,729.84
100141,2024-09-06,Europe,Sporting Goods,Retail Store,David Douglas Jr.,1,69.24,10,62.32
100782,2024-09-06,North America,Electronics,Retail Store,Chelsea Nguyen,10,966.8,15,8217.8
103068,2024-09-06,Middle East & Africa,Electronics,Partner Reseller,Sean Wilson,8,1069.56,5,8128.66
103903,2024-09-06,Europe,Home & Garden,Partner Reseller,Brittany Dunlap,3,72.12,15,183.91
102039,2024-09-06,Middle East & Africa,Home & Garden,Online,Michael Keller,4,246.36,0,985.44
101855,2024-09-07,Europe,Apparel,Partner Reseller,Richard Washington,11,88.91,20,782.41
105766,2024-09-07,Asia Pacific,Home & Garden,Partner Reseller,Eric Flores,9,37.31,20,268.63
100629,2024-09-07,Middle East & Africa,Office Supplies,Online,Kevin Davis,8,53.72,0,429.76
104219,2024-09-07,North America,Electronics,Partner Reseller,David Wiggins,4,505.41,5,1920.56
104647,2024-09-07,Middle East & Africa,Office Supplies,Online,Christy Lee,12,159.27,10,1720.12
104063,2024-09-07,Middle East & Africa,Electronics,Online,Michael Perry,5,516.2,20,2064.8
104974,2024-09-07,Europe,Home & Garden,Online,Megan Miller,5,343.36,0,1716.8
103814,2024-09-07,Middle East & Africa,Electronics,Online,Pamela Jordan,8,664.92,15,4521.46
105703,2024-09-07,Asia Pacific,Electronics,Retail Store,Christian Shelton,11,251.56,15,2352.09
103270,2024-09-08,Europe,Sporting Goods,Partner Reseller,Kyle Rivera,4,364.73,10,1313.03
103089,2024-09-08,North America,Apparel,Partner Reseller,Stephanie Hoffman,8,43.0,5,326.8
102280,2024-09-09,Middle East & Africa,Office Supplies,Online,Jennifer Gonzalez,9,148.12,15,1133.12
100708,2024-09-09,North America,Electronics,Retail Store,Joseph Williams,8,350.97,10,2526.98
103863,2024-09-09,Asia Pacific,Office Supplies,Partner Reseller,Ashley Alvarez DVM,1,102.4,0,102.4
101778,2024-09-09,Latin America,Home & Garden,Online,Megan Decker,3,82.91,15,211.42
104154,2024-09-09,Europe,Apparel,Retail Store,Bobby Arnold,6,29.59,0,177.54
103536,2024-09-10,Middle East & Africa,Electronics,Online,Alexandra Ramos,9,941.46,0,8473.14
104712,2024-09-10,Europe,Home & Garden,Retail Store,Dustin Campbell,4,21.96,10,79.06
104566,2024-09-10,Asia Pacific,Home & Garden,Retail Store,Michael Serrano,7,190.96,15,1136.21
101543,2024-09-10,Latin America,Apparel,Online,Jerry Johnson,11,134.27,5,1403.12
102028,2024-09-10,North America,Apparel,Retail Store,Janet Shelton,8,132.33,20,846.91
105772,2024-09-11,Europe,Sporting Goods,Online,Craig Dean,4,101.11,5,384.22
101525,2024-09-11,Middle East & Africa,Office Supplies,Retail Store,Kurt Wagner,12,135.55,0,1626.6
102330,2024-09-11,Latin America,Sporting Goods,Online,Danielle Thornton,11,308.51,0,3393.61
104925,2024-09-11,Europe,Office Supplies,Online,Carrie Lewis,11,83.99,15,785.31
105347,2024-09-11,Europe,Office Supplies,Retail Store,Jane Edwards,12,42.53,15,433.81
101340,2024-09-11,Middle East & Africa,Home & Garden,Partner Reseller,Theresa Wilkins,6,224.33,20,1076.78
105548,2024-09-11,Latin America,Sporting Goods,Retail Store,Clifford Mcdonald,3,445.35,15,1135.64
100929,2024-09-12,Asia Pacific,Office Supplies,Retail Store,Alison Brown,10,66.51,20,532.08
100579,2024-09-12,North America,Electronics,Partner Reseller,David Grant,2,236.81,10,426.26
100184,2024-09-12,Europe,Electronics,Partner Reseller,Lindsay Martinez,5,605.83,0,3029.15
105330,2024-09-12,Asia Pacific,Electronics,Partner Reseller,Christopher Knox,12,484.52,0,5814.24
100681,2024-09-12,Asia Pacific,Office Supplies,Online,Justin Walker,12,17.02,15,173.6
105026,2024-09-12,Europe,Sporting Goods,Retail Store,Craig Hammond,7,460.47,20,2578.63
100044,2024-09-12,North America,Home & Garden,Online,Angelica Tucker,8,79.03,5,600.63
101383,2024-09-12,Europe,Sporting Goods,Retail Store,Jonathan Clark,5,226.73,15,963.6
103104,2024-09-12,Latin America,Sporting Goods,Retail Store,Emily Salazar,4,407.34,20,1303.49
105875,2024-09-12,Asia Pacific,Office Supplies,Partner Reseller,Jennifer Reilly,12,71.74,0,860.88
105508,2024-09-12,Middle East & Africa,Apparel,Partner Reseller,Carlos Morrow,9,32.83,15,251.15
102067,2024-09-12,Middle East & Africa,Electronics,Online,Catherine Smith,10,204.24,0,2042.4
104098,2024-09-12,Europe,Electronics,Retail Store,Lisa Reed,8,775.71,10,5585.11
100908,2024-09-13,Latin America,Electronics,Partner Reseller,William Miller,11,305.91,20,2692.01
102793,2024-09-13,Europe,Sporting Goods,Partner Reseller,Ian Harrell,4,171.92,20,550.14
103383,2024-09-13,Middle East & Africa,Sporting Goods,Online,Natalie Martinez,7,132.25,20,740.6
105550,2024-09-13,Asia Pacific,Electronics,Retail Store,Jessica Warren,9,650.57,10,5269.62
101173,2024-09-13,Latin America,Sporting Goods,Partner Reseller,Monica Anderson,9,203.15,0,1828.35
103804,2024-09-13,Middle East & Africa,Electronics,Retail Store,Allison Wilson,11,395.38,0,4349.18
104015,2024-09-13,Europe,Apparel,Retail Store,Mrs. Jacqueline Jackson,6,17.3,0,103.8
101976,2024-09-13,Europe,Electronics,Partner Reseller,Joseph Watson,2,916.63,15,1558.27
102025,2024-09-13,North America,Apparel,Online,Ashley King,8,120.54,0,964.32
103171,2024-09-13,Latin America,Electronics,Partner Reseller,Valerie Howard,6,605.53,5,3451.52
102446,2024-09-13,Latin America,Electronics,Online,Mary Pugh,3,803.05,5,2288.69
101129,2024-09-13,Asia Pacific,Sporting Goods,Partner Reseller,James Rivers,3,320.73,10,865.97
102752,2024-09-13,Latin America,Electronics,Retail Store,Linda Atkinson,7,545.79,5,3629.5
101747,2024-09-13,Europe,Sporting Goods,Retail Store,Jose Harrison,2,322.3,20,515.68
105382,2024-09-14,Latin America,Home & Garden,Retail Store,Jeanette Garcia,7,276.57,20,1548.79
104490,2024-09-14,Europe,Electronics,Retail Store,Chad Williams,4,212.05,5,805.79
104498,2024-09-14,Latin America,Apparel,Online,Tonya Harding,3,63.63,15,162.26
102190,2024-09-14,Asia Pacific,Sporting Goods,Partner Reseller,Peter Shepherd,7,77.66,0,543.62
103719,2024-09-14,Asia Pacific,Home & Garden,Retail Store,Melissa Carroll,8,377.19,0,3017.52
102000,2024-09-15,Latin America,Sporting Goods,Online,Daniel Lee,1,301.45,0,301.45
105097,2024-09-15,Middle East & Africa,Sporting Goods,Retail Store,Shawn Ware,1,291.89,15,248.11
100975,2024-09-15,Latin America,Home & Garden,Retail Store,Cynthia Haas,3,343.59,0,1030.77
103625,2024-09-16,Latin America,Electronics,Partner Reseller,Jennifer Wise,10,334.32,10,3008.88
101652,2024-09-16,Asia Pacific,Electronics,Online,Maria Olson,1,162.58,10,146.32
105562,2024-09-16,Asia Pacific,Apparel,Retail Store,Heather Diaz,9,58.08,20,418.18
103372,2024-09-17,Europe,Sporting Goods,Retail Store,Nicholas Beard,10,257.96,0,2579.6
103363,2024-09-17,Middle East & Africa,Home & Garden,Online,Zachary Miller,9,147.65,20,1063.08
101812,2024-09-17,Middle East & Africa,Office Supplies,Online,Lydia Howard,2,120.2,5,228.38
103049,2024-09-17,Latin America,Office Supplies,Retail Store,Bianca Chavez,11,160.77,20,1414.78
103699,2024-09-18,North America,Electronics,Online,David Morrison,12,84.09,20,807.26
100224,2024-09-18,Middle East & Africa,Electronics,Partner Reseller,Matthew Moore,3,390.55,0,1171.65
105737,2024-09-18,Latin America,Sporting Goods,Partner Reseller,Mrs. Janice Fitzpatrick,11,294.93,0,3244.23
105705,2024-09-18,Asia Pacific,Home & Garden,Partner Reseller,Katherine Downs,7,273.79,0,1916.53
105790,2024-09-18,Asia Pacific,Home & Garden,Online,John Moore,6,60.38,0,362.28
102940,2024-09-18,Europe,Sporting Goods,Partner Reseller,Sarah Johnson,4,165.37,10,595.33
102707,2024-09-18,Middle East & Africa,Sporting Goods,Online,Bradley Burns,3,226.8,5,646.38
101118,2024-09-18,North America,Sporting Goods,Online,Susan Conley,2,320.22,15,544.37
103923,2024-09-18,North America,Apparel,Online,Dillon Travis,8,65.55,0,524.4
103065,2024-09-19,North America,Office Supplies,Online,Kimberly Moore,9,47.65,0,428.85
101144,2024-09-19,Middle East & Africa,Home & Garden,Retail Store,Michael Cruz,5,80.94,10,364.23
105464,2024-09-19,Europe,Home & Garden,Partner Reseller,Chloe Parker,1,171.24,0,171.24
103052,2024-09-20,Latin America,Apparel,Partner Reseller,Richard Hartman,7,83.29,0,583.03
103522,2024-09-20,Asia Pacific,Office Supplies,Online,Erica Huang,5,76.5,20,306.0
105600,2024-09-20,Middle East & Africa,Home & Garden,Online,Isaiah Jones,2,377.85,10,680.13
100926,2024-09-20,Europe,Apparel,Online,Vickie Anderson,4,38.95,20,124.64
102680,2024-09-20,Asia Pacific,Apparel,Partner Reseller,Michelle Mendoza DVM,12,24.18,0,290.16
104005,2024-09-20,North America,Home & Garden,Online,Kyle Blake,1,93.7,0,93.7
105768,2024-09-20,Latin America,Office Supplies,Retail Store,Eric Ponce,2,63.68,10,114.62
100911,2024-09-20,North America,Home & Garden,Retail Store,Cynthia Green,5,48.43,20,193.72
101260,2024-09-21,Asia Pacific,Apparel,Partner Reseller,Eugene Patterson,5,39.34,0,196.7
101936,2024-09-21,North America,Apparel,Retail Store,Brandon Brown,5,40.7,0,203.5
104530,2024-09-21,Latin America,Apparel,Online,James Williams,1,100.58,15,85.49
104599,2024-09-21,Asia Pacific,Apparel,Partner Reseller,Tina Solomon,11,106.19,10,1051.28
103367,2024-09-21,Latin America,Home & Garden,Retail Store,Amber Kennedy,3,49.34,0,148.02
103144,2024-09-21,Asia Pacific,Electronics,Online,Colleen Brown,7,475.63,20,2663.53
101412,2024-09-21,Middle East & Africa,Home & Garden,Online,Kimberly Johnson,2,171.26,0,342.52
100638,2024-09-21,Asia Pacific,Sporting Goods,Online,Maria Fisher,9,217.76,5,1861.85
105786,2024-09-21,North America,Home & Garden,Partner Reseller,Anthony Cherry,6,129.87,20,623.38
103120,2024-09-22,Middle East & Africa,Home & Garden,Partner Reseller,Vanessa Morris,6,96.26,15,490.93
100871,2024-09-22,North America,Office Supplies,Retail Store,Sandra Becker,4,54.06,10,194.62
102617,2024-09-22,Europe,Electronics,Retail Store,Charles Goodman,4,96.73,0,386.92
103346,2024-09-22,Latin America,Office Supplies,Online,Michael Valencia,7,78.77,15,468.68
103073,2024-09-22,North America,Home & Garden,Retail Store,Jennifer Lee,10,89.88,0,898.8
100309,2024-09-22,North America,Home & Garden,Online,Dawn Summers,10,176.63,5,1677.98
102450,2024-09-22,Latin America,Office Supplies,Online,James Greene,8,167.68,20,1073.15
104031,2024-09-22,Middle East & Africa,Office Supplies,Partner Reseller,Jacob Allen,6,54.1,0,324.6
104680,2024-09-22,Asia Pacific,Apparel,Partner Reseller,John Ward,8,48.51,0,388.08
105802,2024-09-23,Middle East & Africa,Sporting Goods,Retail Store,William Hodge,1,291.81,0,291.81
100992,2024-09-23,Europe,Home & Garden,Retail Store,Michael Bowen,11,207.47,10,2053.95
102004,2024-09-23,Middle East & Africa,Apparel,Retail Store,Jessica Rosario,3,72.65,0,217.95
100935,2024-09-23,North America,Apparel,Partner Reseller,Cody Ramirez,5,60.62,0,303.1
102596,2024-09-23,North America,Sporting Goods,Partner Reseller,Jonathan Swanson,12,32.2,20,309.12
103974,2024-09-23,Europe,Office Supplies,Partner Reseller,Mrs. Courtney Wong,9,135.46,15,1036.27
103911,2024-09-23,North America,Home & Garden,Partner Reseller,Rodney Duran,6,167.62,15,854.86
103754,2024-09-23,Asia Pacific,Home & Garden,Retail Store,John Hudson,12,388.77,0,4665.24
100061,2024-09-23,Europe,Apparel,Retail Store,Gerald Hensley,4,49.45,15,168.13
103361,2024-09-23,Middle East & Africa,Apparel,Retail Store,Hailey Lewis,1,64.7,15,54.99
104130,2024-09-23,Latin America,Apparel,Partner Reseller,Sandra Alvarez,5,23.59,20,94.36
101219,2024-09-24,Europe,Sporting Goods,Retail Store,Lisa Haley,4,53.31,10,191.92
100527,2024-09-24,Middle East & Africa,Sporting Goods,Retail Store,Michelle Jacobs,4,480.06,20,1536.19
101972,2024-09-24,North America,Home & Garden,Online,Paul Stephens,4,154.26,20,493.63
101533,2024-09-24,Latin America,Apparel,Partner Reseller,Erica Glass,4,98.12,0,392.48
105411,2024-09-24,Asia Pacific,Apparel,Partner Reseller,Jeffrey Ayala,8,68.84,0,550.72
101596,2024-09-25,Asia Pacific,Sporting Goods,Partner Reseller,Jennifer Moss,11,499.64,0,5496.04
101227,2024-09-25,Middle East & Africa,Home & Garden,Retail Store,Michael Ayala,12,16.27,20,156.19
101208,2024-09-25,Middle East & Africa,Home & Garden,Online,Brittney Hernandez,11,215.18,15,2011.93
104839,2024-09-25,Europe,Apparel,Online,James Jenkins,5,64.49,10,290.2
102958,2024-09-25,North America,Apparel,Partner Reseller,Gloria Floyd,7,94.16,0,659.12
102316,2024-09-25,North America,Apparel,Retail Store,Rachael Alvarez,6,31.94,0,191.64
103556,2024-09-25,Latin America,Sporting Goods,Online,Angela Ramos,5,79.68,0,398.4
100940,2024-09-25,Middle East & Africa,Sporting Goods,Partner Reseller,Lydia Pham,4,431.03,0,1724.12
102771,2024-09-25,Middle East & Africa,Electronics,Retail Store,Tiffany Morrow,3,772.82,15,1970.69
101563,2024-09-25,North America,Office Supplies,Retail Store,Diana Hernandez,2,171.2,0,342.4
105493,2024-09-25,Middle East & Africa,Apparel,Online,Laura Guerra,10,35.37,10,318.33
105645,2024-09-25,North America,Home & Garden,Partner Reseller,Joshua Miller,1,164.9,5,156.66
102480,2024-09-26,Latin America,Office Supplies,Partner Reseller,Jennifer Sullivan,10,87.05,0,870.5
105558,2024-09-26,Asia Pacific,Home & Garden,Retail Store,Lydia Horn,2,129.75,0,259.5
103972,2024-09-26,Middle East & Africa,Home & Garden,Retail Store,Mrs. Amanda Kelley DDS,1,71.25,10,64.12
105189,2024-09-26,North America,Home & Garden,Partner Reseller,Brian Mitchell,6,161.76,15,824.98
104077,2024-09-26,Latin America,Electronics,Partner Reseller,Dana Gilbert,12,906.0,0,10872.0
103460,2024-09-26,Middle East & Africa,Home & Garden,Online,Ashley Sanders,5,368.91,0,1844.55
102375,2024-09-26,Middle East & Africa,Sporting Goods,Retail Store,Alejandro Campbell,1,178.9,10,161.01
105057,2024-09-27,North America,Sporting Goods,Partner Reseller,Michael Wood,10,300.2,15,2551.7
102108,2024-09-27,Middle East & Africa,Sporting Goods,Partner Reseller,Cynthia Clark,3,149.56,0,448.68
100617,2024-09-27,North America,Home & Garden,Online,Jonathan Jacobson,2,288.99,0,577.98
104310,2024-09-27,Latin America,Sporting Goods,Online,Michael Patrick,7,499.99,0,3499.93
103482,2024-09-27,Latin America,Sporting Goods,Online,Luis Wells,7,125.06,0,875.42
101358,2024-09-27,Middle East & Africa,Electronics,Retail Store,Kevin Johnson,12,672.3,0,8067.6
103035,2024-09-27,Middle East & Africa,Electronics,Retail Store,James Montoya,9,360.44,0,3243.96
102607,2024-09-27,Asia Pacific,Electronics,Partner Reseller,Jesus Becker,4,237.62,0,950.48
102285,2024-09-27,Asia Pacific,Electronics,Retail Store,Robert Vargas,9,474.22,0,4267.98
103707,2024-09-28,Latin America,Electronics,Partner Reseller,Maria Ferguson,1,665.53,0,665.53
103034,2024-09-28,Europe,Electronics,Partner Reseller,Jennifer Smith,3,871.96,0,2615.88
103530,2024-09-28,North America,Home & Garden,Online,Katherine Mccormick,5,284.96,0,1424.8
100492,2024-09-28,Latin America,Apparel,Retail Store,William Gould,2,60.5,0,121.0
102176,2024-09-29,Asia Pacific,Electronics,Partner Reseller,Abigail Booker,10,216.02,15,1836.17
105321,2024-09-29,Middle East & Africa,Home & Garden,Online,Marcus Brown,9,317.82,15,2431.32
102525,2024-09-29,Middle East & Africa,Electronics,Partner Reseller,Whitney Jones,12,370.55,10,4001.94
103603,2024-09-29,Middle East & Africa,Electronics,Online,Michael Singleton,2,179.88,0,359.76
105563,2024-09-29,Latin America,Apparel,Partner Reseller,Daniel White,3,44.44,0,133.32
100601,2024-09-29,North America,Apparel,Online,Jennifer Simpson DVM,10,109.73,15,932.7
100149,2024-09-29,Europe,Apparel,Online,Stephanie Manning,3,102.46,0,307.38
105316,2024-09-29,Latin America,Sporting Goods,Partner Reseller,Laura Clarke,12,142.74,5,1627.24
104330,2024-09-30,North America,Office Supplies,Partner Reseller,Joshua Dunlap,7,27.66,0,193.62
100064,2024-09-30,Europe,Apparel,Partner Reseller,Jessica Callahan,8,32.62,10,234.86
100687,2024-09-30,North America,Sporting Goods,Online,Robert Jackson,3,102.98,0,308.94
102206,2024-09-30,Europe,Apparel,Online,Vincent Savage,8,25.07,5,190.53
102291,2024-09-30,North America,Sporting Goods,Retail Store,Virginia Cunningham,9,146.42,15,1120.11
100236,2024-09-30,Middle East & Africa,Home & Garden,Retail Store,Andrew Reynolds,4,180.58,5,686.2
100323,2024-09-30,Asia Pacific,Electronics,Online,Brandy Chavez,6,1049.69,0,6298.14
104435,2024-09-30,North America,Apparel,Partner Reseller,Jeffrey Holden,9,82.38,5,704.35
100487,2024-09-30,Middle East & Africa,Sporting Goods,Partner Reseller,Samantha Gardner,6,485.08,0,2910.48
105939,2024-10-01,North America,Office Supplies,Partner Reseller,Devin Hardin,4,22.77,20,72.86
102217,2024-10-01,North America,Home & Garden,Retail Store,Jessica Garrett,5,331.21,20,1324.84
105290,2024-10-01,Middle East & Africa,Office Supplies,Partner Reseller,Anthony Wells,12,136.82,10,1477.66
100379,2024-10-01,Middle East & Africa,Apparel,Partner Reseller,Megan Nelson,9,93.12,20,670.46
102567,2024-10-01,Latin America,Sporting Goods,Retail Store,Nicole Harvey,10,139.93,10,1259.37
103708,2024-10-01,Europe,Sporting Goods,Partner Reseller,John Barber,4,221.45,0,885.8
105119,2024-10-01,North America,Sporting Goods,Online,Richard Yoder,8,95.81,0,766.48
105813,2024-10-01,Europe,Apparel,Partner Reseller,Tiffany Barton,7,91.22,15,542.76
100386,2024-10-01,North America,Sporting Goods,Partner Reseller,Adam Burgess,3,170.57,5,486.12
103675,2024-10-01,Middle East & Africa,Electronics,Partner Reseller,David Morse Jr.,11,97.44,15,911.06
101999,2024-10-01,Middle East & Africa,Electronics,Partner Reseller,Annette Lane,3,642.44,0,1927.32
105320,2024-10-02,Asia Pacific,Office Supplies,Retail Store,Nicole Wallace DDS,12,43.73,20,419.81
102861,2024-10-02,Europe,Apparel,Partner Reseller,Ashley Reese,10,119.42,0,1194.2
102868,2024-10-02,Europe,Apparel,Partner Reseller,Scott Lopez,8,143.93,0,1151.44
102897,2024-10-02,Asia Pacific,Apparel,Retail Store,Tasha Cochran,11,64.97,0,714.67
105199,2024-10-02,Asia Pacific,Home & Garden,Partner Reseller,Alan Davis DVM,7,39.59,5,263.27
104543,2024-10-02,North America,Sporting Goods,Online,Melanie Drake,4,163.84,15,557.06
102598,2024-10-03,Europe,Sporting Goods,Online,John Davidson,2,303.3,0,606.6
104197,2024-10-03,Latin America,Office Supplies,Online,Joel Mclean,6,20.56,10,111.02
100656,2024-10-03,Europe,Sporting Goods,Retail Store,Eric Thomas,8,400.08,15,2720.54
104820,2024-10-03,Asia Pacific,Sporting Goods,Retail Store,James Davenport,7,348.5,0,2439.5
103607,2024-10-04,Asia Pacific,Office Supplies,Partner Reseller,Pamela Davis,7,104.65,0,732.55
105918,2024-10-04,Asia Pacific,Apparel,Online,Matthew Freeman,9,30.39,5,259.83
100144,2024-10-04,Middle East & Africa,Electronics,Online,Amber Wright,10,249.93,0,2499.3
101526,2024-10-04,Latin America,Electronics,Online,Dylan Foster,10,1171.62,10,10544.58
102490,2024-10-04,Latin America,Office Supplies,Retail Store,Robert Flowers,2,190.02,0,380.04
100466,2024-10-04,North America,Office Supplies,Partner Reseller,Jason Beck,2,11.6,20,18.56
100669,2024-10-04,Europe,Sporting Goods,Online,Michael Morrison,2,97.23,10,175.01
104505,2024-10-04,North America,Office Supplies,Retail Store,Craig Smith,8,171.01,10,1231.27
103020,2024-10-04,Latin America,Sporting Goods,Partner Reseller,Douglas Oliver,12,232.41,5,2649.47
105114,2024-10-04,Europe,Home & Garden,Retail Store,Brandon Bennett,3,100.32,10,270.86
101169,2024-10-05,North America,Office Supplies,Online,Patricia Hayes,9,6.58,5,56.26
100288,2024-10-05,North America,Apparel,Retail Store,Lisa Allen,4,53.24,0,212.96
103500,2024-10-05,Middle East & Africa,Apparel,Online,Christine Mendez,2,102.96,0,205.92
105671,2024-10-05,North America,Apparel,Online,Bianca Davis,7,145.9,15,868.11
102094,2024-10-05,Asia Pacific,Apparel,Retail Store,Charles Thompson,1,37.74,20,30.19
101850,2024-10-05,Europe,Home & Garden,Retail Store,Tracy Wells,4,246.83,10,888.59
103763,2024-10-06,North America,Apparel,Partner Reseller,Katherine Flores,3,144.53,0,433.59
104502,2024-10-06,North America,Electronics,Retail Store,Christine Greene,4,476.29,20,1524.13
103053,2024-10-06,Latin America,Home & Garden,Partner Reseller,Mary Hill,4,324.86,0,1299.44
101069,2024-10-06,Middle East & Africa,Home & Garden,Partner Reseller,Courtney Nichols,9,137.24,10,1111.64
103011,2024-10-06,Asia Pacific,Sporting Goods,Partner Reseller,Tristan Bonilla,4,135.53,10,487.91
105352,2024-10-06,Latin America,Electronics,Retail Store,Isaiah Terry,7,1114.66,0,7802.62
104561,2024-10-06,Asia Pacific,Home & Garden,Online,Bradley Miller,12,50.18,0,602.16
102675,2024-10-06,Asia Pacific,Apparel,Online,Joshua Murray,6,124.57,0,747.42
104041,2024-10-07,Middle East & Africa,Sporting Goods,Online,Brian Hoffman,11,387.66,0,4264.26
105974,2024-10-07,Latin America,Home & Garden,Online,Scott Hernandez,4,398.81,20,1276.19
102833,2024-10-07,Europe,Sporting Goods,Partner Reseller,Christina Le MD,10,324.94,0,3249.4
100696,2024-10-07,Middle East & Africa,Sporting Goods,Online,Joseph Hill,5,37.98,5,180.4
102433,2024-10-07,Middle East & Africa,Sporting Goods,Online,David Hanson,3,304.68,10,822.64
103181,2024-10-07,Asia Pacific,Office Supplies,Partner Reseller,Kathryn Jennings,2,102.05,5,193.89
100964,2024-10-07,Middle East & Africa,Office Supplies,Partner Reseller,Eric Taylor,12,94.03,15,959.11
102424,2024-10-07,Europe,Sporting Goods,Retail Store,Kevin Gregory,10,87.11,0,871.1
104821,2024-10-07,Latin America,Office Supplies,Retail Store,Justin Moreno,6,189.67,0,1138.02
102998,2024-10-08,Europe,Electronics,Online,Caitlyn Horton,5,891.54,15,3789.04
105450,2024-10-08,Middle East & Africa,Office Supplies,Partner Reseller,Ms. Kayla Williams,1,177.98,5,169.08
102755,2024-10-08,Europe,Electronics,Retail Store,Nicolas Brown,2,794.11,0,1588.22
100110,2024-10-08,Europe,Sporting Goods,Retail Store,Richard Rodriguez,5,107.23,5,509.34
104962,2024-10-09,Middle East & Africa,Sporting Goods,Retail Store,Megan Carlson,6,322.81,5,1840.02
105266,2024-10-09,Middle East & Africa,Office Supplies,Retail Store,Frank White,2,119.79,10,215.62
100019,2024-10-09,Europe,Home & Garden,Online,Carla Gray,2,211.17,20,337.87
103638,2024-10-09,Asia Pacific,Apparel,Retail Store,Alan Nguyen,7,17.59,15,104.66
104783,2024-10-09,North America,Sporting Goods,Retail Store,Angela Ryan,5,212.87,15,904.7
101269,2024-10-09,North America,Office Supplies,Retail Store,Amanda Perkins,3,16.63,0,49.89
105699,2024-10-10,Asia Pacific,Sporting Goods,Retail Store,Stephen Wilson,9,249.29,0,2243.61
100022,2024-10-10,Middle East & Africa,Electronics,Partner Reseller,Ethan Adams,2,841.92,15,1431.26
101829,2024-10-10,North America,Office Supplies,Online,Robert Hendrix,10,131.77,5,1251.82
102208,2024-10-10,Asia Pacific,Home & Garden,Partner Reseller,Shelby Rodriguez,3,92.46,5,263.51
102709,2024-10-10,Europe,Office Supplies,Online,Laura Hill,9,160.69,5,1373.9
100416,2024-10-10,Europe,Sporting Goods,Retail Store,Gwendolyn Klein,12,349.32,20,3353.47
103159,2024-10-10,North America,Electronics,Partner Reseller,Brian Fuentes,11,1131.73,0,12449.03
100896,2024-10-10,North America,Home & Garden,Retail Store,Aimee Gonzalez,10,179.04,0,1790.4
105529,2024-10-10,Asia Pacific,Home & Garden,Retail Store,Angelica Lopez,7,321.23,0,2248.61
100250,2024-10-11,Middle East & Africa,Home & Garden,Online,Isaiah Avila,8,159.83,0,1278.64
102303,2024-10-11,Middle East & Africa,Office Supplies,Retail Store,Samantha Thomas,10,179.97,10,1619.73
100916,2024-10-11,Europe,Sporting Goods,Partner Reseller,Jason Herrera,9,262.99,0,2366.91
100269,2024-10-11,Middle East & Africa,Home & Garden,Online,Patrick Thornton,11,307.68,0,3384.48
105481,2024-10-11,Asia Pacific,Electronics,Partner Reseller,Elizabeth Taylor,9,185.44,0,1668.96
104120,2024-10-11,Europe,Sporting Goods,Retail Store,Brittney Morales,8,86.98,0,695.84
104060,2024-10-11,Middle East & Africa,Electronics,Retail Store,Sonia Henderson,9,876.58,0,7889.22
104128,2024-10-12,North America,Apparel,Online,Chris Lewis,11,110.83,5,1158.17
102565,2024-10-12,Asia Pacific,Electronics,Partner Reseller,Virginia Hall,3,163.36,0,490.08
102532,2024-10-12,North America,Office Supplies,Retail Store,Kari Jones,12,180.14,0,2161.68
105700,2024-10-12,Latin America,Electronics,Online,Charles Robinson,10,579.31,20,4634.48
101816,2024-10-12,Asia Pacific,Office Supplies,Retail Store,Elizabeth Ferguson,4,98.27,5,373.43
102665,2024-10-12,Europe,Office Supplies,Partner Reseller,Jane May,10,101.52,5,964.44
102362,2024-10-12,Asia Pacific,Home & Garden,Retail Store,Dean Mullins,8,305.69,10,2200.97
101803,2024-10-13,Latin America,Electronics,Partner Reseller,Priscilla Floyd,9,825.33,15,6313.77
104396,2024-10-13,Latin America,Electronics,Partner Reseller,Paul Franco,8,515.61,15,3506.15
102942,2024-10-13,Europe,Home & Garden,Online,Nicole Parker,11,333.65,0,3670.15
104104,2024-10-13,Middle East & Africa,Electronics,Retail Store,Crystal Morales,8,234.97,0,1879.76
104295,2024-10-13,Asia Pacific,Office Supplies,Partner Reseller,Matthew Evans,8,90.22,0,721.76
103800,2024-10-13,North America,Electronics,Online,Scott Stein,1,97.06,10,87.35
101070,2024-10-13,North America,Home & Garden,Online,Susan Powers,3,137.28,15,350.06
101878,2024-10-14,Middle East & Africa,Office Supplies,Partner Reseller,Samantha Chavez,8,13.26,0,106.08
105272,2024-10-14,Latin America,Home & Garden,Partner Reseller,Sally Fernandez,11,220.51,0,2425.61
100967,2024-10-14,Asia Pacific,Sporting Goods,Online,Melissa Mcfarland,5,144.71,0,723.55
102228,2024-10-14,Asia Pacific,Sporting Goods,Online,Katherine Klein,4,249.24,0,996.96
102640,2024-10-14,Europe,Electronics,Partner Reseller,Sheila Ramirez,12,302.52,0,3630.24
101021,2024-10-14,Asia Pacific,Office Supplies,Retail Store,Olivia Ayers,9,51.94,0,467.46
104018,2024-10-14,Asia Pacific,Sporting Goods,Online,Shannon Sosa,10,70.82,20,566.56
104794,2024-10-14,Middle East & Africa,Sporting Goods,Partner Reseller,Rhonda Willis,10,148.29,5,1408.75
104683,2024-10-14,Asia Pacific,Electronics,Retail Store,Matthew Carroll,1,1113.77,15,946.7
104793,2024-10-14,Latin America,Apparel,Retail Store,Amanda Morris,12,142.42,0,1709.04
103060,2024-10-14,Europe,Electronics,Retail Store,Michael Brooks,1,410.87,0,410.87
104897,2024-10-14,North America,Apparel,Partner Reseller,Eric Spencer,8,18.94,0,151.52
105800,2024-10-15,Asia Pacific,Electronics,Partner Reseller,Katie Walters,2,1096.23,0,2192.46
102522,2024-10-15,Asia Pacific,Sporting Goods,Online,Mark Carter,11,362.28,0,3985.08
103533,2024-10-15,Asia Pacific,Sporting Goods,Retail Store,Michael Chandler,6,303.26,0,1819.56
102557,2024-10-15,Middle East & Africa,Sporting Goods,Retail Store,Mrs. Kimberly Mooney,5,394.28,0,1971.4
101974,2024-10-15,Asia Pacific,Apparel,Retail Store,Michael Barker,3,128.83,0,386.49
102229,2024-10-16,North America,Home & Garden,Partner Reseller,Jennifer Stewart,7,220.66,15,1312.93
104874,2024-10-16,Middle East & Africa,Office Supplies,Partner Reseller,Ryan Willis,9,63.99,10,518.32
105220,2024-10-16,North America,Home & Garden,Online,John Rodriguez,9,17.49,0,157.41
102715,2024-10-16,Latin America,Sporting Goods,Retail Store,Katherine Stone,8,203.02,0,1624.16
103765,2024-10-16,North America,Electronics,Partner Reseller,Jeffrey Torres,12,632.59,0,7591.08
100741,2024-10-17,North America,Home & Garden,Online,Manuel Brock,6,102.11,0,612.66
103162,2024-10-17,Asia Pacific,Sporting Goods,Online,Eric Fitzgerald,5,30.91,0,154.55
100143,2024-10-17,Latin America,Electronics,Online,Christopher Rubio,7,1000.77,5,6655.12
102226,2024-10-17,Middle East & Africa,Electronics,Retail Store,Donna Freeman,8,1074.02,0,8592.16
105155,2024-10-17,Middle East & Africa,Sporting Goods,Retail Store,Julian Obrien,4,202.39,0,809.56
101188,2024-10-17,Latin America,Office Supplies,Retail Store,Kelly Johnson,7,148.09,0,1036.63
105715,2024-10-17,Middle East & Africa,Sporting Goods,Online,Rhonda Allen,1,243.98,15,207.38
103548,2024-10-18,Latin America,Office Supplies,Online,Amy Walsh,1,54.48,0,54.48
103835,2024-10-18,Latin America,Home & Garden,Partner Reseller,Daniel James,1,16.11,0,16.11
102445,2024-10-18,Asia Pacific,Apparel,Partner Reseller,Elizabeth Allen,1,57.58,10,51.82
101722,2024-10-18,North America,Office Supplies,Partner Reseller,Joshua Brown,12,47.15,0,565.8
105333,2024-10-18,Europe,Office Supplies,Online,Corey Roberts,8,13.91,5,105.72
102919,2024-10-18,Asia Pacific,Sporting Goods,Partner Reseller,Vincent Watson,5,117.3,0,586.5
105030,2024-10-18,North America,Electronics,Online,Joseph Cruz Jr.,9,1193.25,0,10739.25
104618,2024-10-18,Middle East & Africa,Home & Garden,Retail Store,Tyler Lang,8,262.01,15,1781.67
101651,2024-10-18,Asia Pacific,Sporting Goods,Online,Michael Hendricks,3,118.55,20,284.52
102725,2024-10-18,Europe,Office Supplies,Partner Reseller,Kelly Patton,8,34.03,0,272.24
104581,2024-10-19,Middle East & Africa,Sporting Goods,Retail Store,David Hernandez,9,263.88,5,2256.17
105200,2024-10-19,Asia Pacific,Electronics,Partner Reseller,Donald Coleman,6,849.56,0,5097.36
105717,2024-10-19,Latin America,Home & Garden,Online,Jennifer Brooks,10,310.1,0,3101.0
102909,2024-10-19,Latin America,Sporting Goods,Online,Kevin Fisher,3,369.8,0,1109.4
102908,2024-10-19,Middle East & Africa,Electronics,Retail Store,Kim Underwood,5,1040.03,0,5200.15
102183,2024-10-19,Latin America,Sporting Goods,Partner Reseller,Ann Phelps,4,491.69,20,1573.41
100036,2024-10-19,Europe,Apparel,Online,Sherri Baker,4,103.66,10,373.18
100016,2024-10-19,Asia Pacific,Home & Garden,Retail Store,Holly Wood,7,267.34,15,1590.67
105479,2024-10-19,Middle East & Africa,Office Supplies,Online,Joseph Smith,12,176.51,0,2118.12
101657,2024-10-20,Europe,Sporting Goods,Online,Michael Marsh,2,334.34,0,668.68
104179,2024-10-20,North America,Electronics,Retail Store,Aaron Thompson,9,676.14,0,6085.26
101675,2024-10-20,Latin America,Electronics,Partner Reseller,Angel Meyer,4,281.11,0,1124.44
101910,2024-10-20,Asia Pacific,Sporting Goods,Online,Gregory Wallace,1,138.54,0,138.54
105269,2024-10-20,Asia Pacific,Electronics,Online,Jill Smith DDS,10,455.32,20,3642.56
102180,2024-10-20,Middle East & Africa,Home & Garden,Partner Reseller,Erica Brown,1,59.16,0,59.16
102215,2024-10-20,Middle East & Africa,Electronics,Online,Alan Waller,9,222.46,0,2002.14
102376,2024-10-21,Middle East & Africa,Home & Garden,Online,Heather Davis,11,40.71,10,403.03
103966,2024-10-21,Asia Pacific,Apparel,Retail Store,Christina Davis,7,67.95,0,475.65
101730,2024-10-21,Latin America,Sporting Goods,Retail Store,Benjamin Smith,4,77.99,0,311.96
103560,2024-10-21,Middle East & Africa,Office Supplies,Partner Reseller,Keith Horton,10,12.39,0,123.9
103012,2024-10-21,Middle East & Africa,Apparel,Online,Alexis Cervantes,6,139.9,20,671.52
104533,2024-10-21,Europe,Home & Garden,Online,Joshua Scott,8,129.68,0,1037.44
104903,2024-10-22,Latin America,Office Supplies,Partner Reseller,Michael Smith,7,61.92,5,411.77
104220,2024-10-22,Middle East & Africa,Electronics,Retail Store,Thomas Kaufman,9,819.23,0,7373.07
104777,2024-10-22,Asia Pacific,Home & Garden,Retail Store,Beth Brown,1,360.23,5,342.22
103190,2024-10-22,Europe,Home & Garden,Partner Reseller,Devin Ferrell,4,164.85,20,527.52
101527,2024-10-22,Middle East & Africa,Electronics,Online,Bradley Duncan,3,648.18,15,1652.86
103934,2024-10-22,Asia Pacific,Sporting Goods,Online,Brian Shaffer,6,282.62,20,1356.58
101436,2024-10-22,Latin America,Electronics,Online,Rhonda Gutierrez,11,933.41,15,8727.38
103907,2024-10-23,North America,Office Supplies,Retail Store,Chad Hurley,1,73.25,5,69.59
105421,2024-10-23,Latin America,Home & Garden,Online,Kathryn Thomas,4,205.28,15,697.95
105956,2024-10-23,Europe,Electronics,Online,Lauren Watts,7,394.77,15,2348.88
102323,2024-10-23,Europe,Home & Garden,Partner Reseller,Sharon Mann,12,29.94,0,359.28
100502,2024-10-23,Europe,Apparel,Partner Reseller,Mr. Justin Green III,7,10.95,0,76.65
105695,2024-10-23,Middle East & Africa,Apparel,Retail Store,Melinda Jacobs,3,113.3,0,339.9
105150,2024-10-24,Middle East & Africa,Apparel,Online,Kristin Herman,8,67.97,0,543.76
105759,2024-10-24,Asia Pacific,Home & Garden,Partner Reseller,John Rodriguez,2,324.97,0,649.94
104828,2024-10-24,Latin America,Apparel,Partner Reseller,Maureen Cross,4,10.69,0,42.76
101262,2024-10-24,Europe,Electronics,Online,Jessica Larsen,2,623.27,0,1246.54
103182,2024-10-24,Europe,Apparel,Partner Reseller,Chris Levy,10,106.78,0,1067.8
102997,2024-10-24,Middle East & Africa,Apparel,Partner Reseller,Jason Alvarez,8,38.63,10,278.14
105504,2024-10-24,Latin America,Office Supplies,Retail Store,Christopher Thomas,1,54.61,10,49.15
101530,2024-10-25,Asia Pacific,Apparel,Online,Justin Freeman,2,124.68,20,199.49
100084,2024-10-25,Europe,Sporting Goods,Partner Reseller,Zachary Ferrell,7,339.17,15,2018.06
104593,2024-10-25,North America,Office Supplies,Online,Casey Murphy,3,164.2,5,467.97
104631,2024-10-25,Middle East & Africa,Sporting Goods,Online,Timothy Collins,8,331.53,0,2652.24
102697,2024-10-25,Asia Pacific,Home & Garden,Partner Reseller,Brittany Clements MD,6,138.26,0,829.56
103715,2024-10-25,Latin America,Electronics,Online,Rebecca Clark,4,856.4,0,3425.6
100046,2024-10-25,Latin America,Apparel,Partner Reseller,John Pierce,12,69.22,20,664.51
105590,2024-10-25,Latin America,Sporting Goods,Retail Store,Lisa Booker,8,168.85,5,1283.26
100761,2024-10-25,Latin America,Electronics,Online,Amanda Terrell,3,191.79,20,460.3
102403,2024-10-25,North America,Office Supplies,Partner Reseller,Patricia Harvey,4,59.11,15,200.97
101702,2024-10-25,Europe,Office Supplies,Online,Rebecca Patel,5,117.14,10,527.13
105471,2024-10-26,Middle East & Africa,Sporting Goods,Online,Michael Graham,5,85.09,15,361.63
102619,2024-10-26,Latin America,Home & Garden,Retail Store,Dr. April Jones,11,344.91,0,3794.01
103072,2024-10-26,Latin America,Apparel,Retail Store,Patrick Simpson,1,65.22,0,65.22
104575,2024-10-26,Latin America,Electronics,Partner Reseller,Anne Obrien,1,457.96,0,457.96
103416,2024-10-26,Asia Pacific,Office Supplies,Retail Store,Sean Kaiser,12,39.3,0,471.6
104641,2024-10-26,Middle East & Africa,Apparel,Partner Reseller,Lisa Montes,8,89.37,20,571.97
104864,2024-10-27,Europe,Home & Garden,Partner Reseller,Carl Harper,3,192.16,0,576.48
103348,2024-10-27,Europe,Home & Garden,Retail Store,Miguel Green,6,325.78,10,1759.21
100102,2024-10-27,Europe,Electronics,Retail Store,Rebecca Valencia,6,544.65,10,2941.11
103752,2024-10-27,North America,Apparel,Partner Reseller,Christina Wilson,3,56.52,0,169.56
105673,2024-10-27,North America,Office Supplies,Retail Store,Michael Summers,7,125.67,0,879.69
103570,2024-10-27,Europe,Electronics,Retail Store,Stephen Thompson,1,320.06,10,288.05
102143,2024-10-27,Asia Pacific,Apparel,Partner Reseller,Melissa Reeves,6,74.23,0,445.38
102428,2024-10-27,Asia Pacific,Home & Garden,Online,Michael Neal,3,194.73,20,467.35
104235,2024-10-28,Latin America,Apparel,Partner Reseller,Tina Harper,6,131.96,0,791.76
101775,2024-10-28,Europe,Apparel,Partner Reseller,Raymond Curry,12,114.82,5,1308.95
104183,2024-10-28,Asia Pacific,Sporting Goods,Partner Reseller,Carla Reid DDS,9,152.93,20,1101.1
105417,2024-10-28,North America,Apparel,Online,Ryan Lawson,4,60.88,5,231.34
104424,2024-10-28,Latin America,Apparel,Online,Robert Perkins,4,52.97,10,190.69
104168,2024-10-28,Latin America,Home & Garden,Online,Robert Berg,9,18.71,5,159.97
105601,2024-10-28,Asia Pacific,Office Supplies,Partner Reseller,Victor Hudson,10,153.63,0,1536.3
101039,2024-10-28,Latin America,Apparel,Partner Reseller,Corey Whitaker,9,21.91,5,187.33
102669,2024-10-28,North America,Office Supplies,Partner Reseller,Audrey Richardson,4,23.51,0,94.04
105104,2024-10-28,North America,Office Supplies,Retail Store,Jonathan Jefferson DVM,8,59.67,15,405.76
102614,2024-10-29,Asia Pacific,Office Supplies,Online,Janet Parker,1,67.61,0,67.61
101420,2024-10-29,Middle East & Africa,Office Supplies,Retail Store,Wayne Wolfe,9,190.19,0,1711.71
105331,2024-10-29,Europe,Office Supplies,Partner Reseller,Eric Thomas,8,57.48,0,459.84
104615,2024-10-29,Latin America,Office Supplies,Retail Store,Tanner King,5,38.9,20,155.6
100253,2024-10-29,North America,Apparel,Partner Reseller,Barbara Dudley,7,72.04,5,479.07
102258,2024-10-29,Europe,Office Supplies,Online,Annette Holland,10,62.69,5,595.55
104890,2024-10-29,Europe,Apparel,Retail Store,Patrick Garcia,8,59.6,0,476.8
105463,2024-10-29,Asia Pacific,Sporting Goods,Partner Reseller,Mr. Paul Chase,3,436.47,0,1309.41
102105,2024-10-29,Latin America,Home & Garden,Retail Store,Sean Mathews,4,80.52,15,273.77
105120,2024-10-30,Middle East & Africa,Home & Garden,Online,Frank Francis,1,334.25,0,334.25
103702,2024-10-30,North America,Sporting Goods,Retail Store,Caitlin Ford,11,227.77,5,2380.2
100122,2024-10-30,Asia Pacific,Electronics,Retail Store,April Frost,8,1031.52,0,8252.16
102603,2024-10-30,North America,Sporting Goods,Online,Michael Horton DDS,7,405.64,20,2271.58
100410,2024-10-31,Asia Pacific,Office Supplies,Partner Reseller,Angela Lin,4,136.51,0,546.04
101028,2024-10-31,Asia Pacific,Apparel,Online,Patrick Mccall,7,22.87,10,144.08
100375,2024-10-31,Asia Pacific,Office Supplies,Partner Reseller,Paul Lewis,3,188.09,0,564.27
102384,2024-10-31,Middle East & Africa,Home & Garden,Online,Austin Green,8,70.18,20,449.15
101042,2024-10-31,Europe,Electronics,Partner Reseller,Kathy Reid,7,378.21,0,2647.47
104715,2024-11-01,Middle East & Africa,Home & Garden,Retail Store,Danny Harris,4,368.64,0,1474.56
104795,2024-11-01,Middle East & Africa,Home & Garden,Partner Reseller,Connor Benton,4,55.23,10,198.83
105848,2024-11-01,North America,Apparel,Retail Store,Benjamin Wilkinson,8,44.66,5,339.42
105419,2024-11-01,Asia Pacific,Electronics,Partner Reseller,Mark Johnson,3,265.78,0,797.34
100166,2024-11-01,North America,Office Supplies,Partner Reseller,Alyssa Long,1,95.09,0,95.09
100404,2024-11-01,North America,Home & Garden,Retail Store,Joann Glass,3,175.89,0,527.67
105408,2024-11-01,Middle East & Africa,Office Supplies,Retail Store,Jillian Carrillo,3,67.52,0,202.56
100641,2024-11-02,Latin America,Apparel,Partner Reseller,Martha Bailey,8,77.16,0,617.28
100706,2024-11-02,Europe,Electronics,Online,Adam Jackson,6,591.22,15,3015.22
105017,2024-11-02,Latin America,Home & Garden,Partner Reseller,Mary Daniels,10,303.0,20,2424.0
103303,2024-11-02,Middle East & Africa,Apparel,Online,Bryan Jones,5,25.24,0,126.2
102572,2024-11-02,Latin America,Home & Garden,Partner Reseller,Paige Meyer,9,141.22,20,1016.78
102824,2024-11-02,Middle East & Africa,Sporting Goods,Partner Reseller,Adam Arnold,6,322.88,20,1549.82
101203,2024-11-03,North America,Apparel,Partner Reseller,Tracey Phillips,8,139.81,5,1062.56
103390,2024-11-03,Latin America,Office Supplies,Online,Heather Cole,11,33.01,20,290.49
104137,2024-11-03,Asia Pacific,Apparel,Retail Store,Brandy James,9,143.66,5,1228.29
100690,2024-11-03,North America,Sporting Goods,Retail Store,Ryan Landry,9,287.05,0,2583.45
101601,2024-11-03,Europe,Apparel,Retail Store,Brenda Gallegos,8,57.83,10,416.38
105507,2024-11-03,Asia Pacific,Electronics,Online,Deborah Simon,4,583.74,0,2334.96
100135,2024-11-03,Asia Pacific,Sporting Goods,Online,Jose Schultz,5,150.04,0,750.2
100307,2024-11-03,Europe,Home & Garden,Partner Reseller,Carlos Ryan,12,226.29,10,2443.93
103366,2024-11-04,Middle East & Africa,Office Supplies,Online,Nicholas Abbott,4,56.25,0,225.0
101765,2024-11-04,Asia Pacific,Office Supplies,Retail Store,Audrey Jackson,11,143.28,15,1339.67
104070,2024-11-04,Europe,Electronics,Partner Reseller,Michael Arias,1,296.5,0,296.5
101484,2024-11-04,Middle East & Africa,Office Supplies,Retail Store,Jacob Obrien,7,87.5,20,490.0
101613,2024-11-04,Asia Pacific,Office Supplies,Online,Brittany Melton,3,102.56,10,276.91
103909,2024-11-05,Europe,Sporting Goods,Partner Reseller,Thomas Austin,2,311.42,20,498.27
102920,2024-11-05,Asia Pacific,Home & Garden,Online,Mary Jones,8,105.41,20,674.62
101385,2024-11-05,Middle East & Africa,Office Supplies,Online,Christopher Anderson,9,96.61,20,695.59
100216,2024-11-05,Latin America,Office Supplies,Partner Reseller,Rodney Morales,3,149.74,5,426.76
102169,2024-11-05,Latin America,Electronics,Retail Store,Kelly Duncan,1,1102.07,20,881.66
105162,2024-11-05,Asia Pacific,Apparel,Retail Store,Christina Ramirez,4,40.89,5,155.38
100059,2024-11-05,Middle East & Africa,Office Supplies,Partner Reseller,John Daniel,9,6.53,0,58.77
105212,2024-11-05,Asia Pacific,Electronics,Retail Store,Samantha Cohen,9,452.78,0,4075.02
103393,2024-11-05,Asia Pacific,Office Supplies,Retail Store,Ralph Hendricks,2,197.83,15,336.31
100085,2024-11-05,Europe,Office Supplies,Online,Daniel Baker,7,115.98,10,730.67
101908,2024-11-06,Europe,Home & Garden,Partner Reseller,Shaun Meyer DDS,8,144.43,0,1155.44
105642,2024-11-06,Asia Pacific,Sporting Goods,Partner Reseller,Susan Sharp,4,406.52,10,1463.47
100643,2024-11-06,Middle East & Africa,Home & Garden,Retail Store,Courtney Smith,5,26.28,0,131.4
104178,2024-11-06,Middle East & Africa,Office Supplies,Online,Sharon Brown,1,119.24,15,101.35
101284,2024-11-06,North America,Apparel,Partner Reseller,Mrs. Michele Boyd,5,69.63,15,295.93
103403,2024-11-06,North America,Electronics,Partner Reseller,Laura Gilbert,8,397.59,15,2703.61
101474,2024-11-06,Europe,Electronics,Retail Store,Cody Smith,12,170.79,15,1742.06
103193,2024-11-06,Latin America,Office Supplies,Retail Store,Mandy Henderson,7,61.37,0,429.59
103532,2024-11-06,Middle East & Africa,Sporting Goods,Online,Alexander Diaz,5,196.91,10,886.1
103781,2024-11-06,Europe,Apparel,Partner Reseller,Pamela Smith,1,118.2,0,118.2
104916,2024-11-07,Latin America,Home & Garden,Partner Reseller,Elizabeth Barton,6,294.95,15,1504.24
104997,2024-11-07,Middle East & Africa,Apparel,Online,Allison Floyd,3,114.71,0,344.13
103823,2024-11-07,Asia Pacific,Electronics,Online,Patricia Andrews,9,816.24,0,7346.16
100583,2024-11-07,Asia Pacific,Home & Garden,Partner Reseller,Denise Martinez,9,214.33,0,1928.97
100417,2024-11-07,North America,Apparel,Online,Carrie Wright,4,61.46,0,245.84
105063,2024-11-07,Latin America,Electronics,Online,Kayla Ray,7,590.37,5,3925.96
101948,2024-11-07,North America,Home & Garden,Online,Steven Taylor,2,110.61,0,221.22
103585,2024-11-07,Asia Pacific,Home & Garden,Partner Reseller,Matthew Garcia,7,245.96,10,1549.55
104636,2024-11-08,Asia Pacific,Office Supplies,Partner Reseller,Bryan Miranda,2,111.62,0,223.24
105476,2024-11-08,Latin America,Home & Garden,Partner Reseller,Douglas Morton,11,61.59,0,677.49
104789,2024-11-09,Latin America,Sporting Goods,Online,Mark Miller,6,395.12,10,2133.65
102287,2024-11-09,Europe,Office Supplies,Partner Reseller,Mrs. Amy Watson,7,52.76,15,313.92
100082,2024-11-09,Asia Pacific,Electronics,Retail Store,Michael Evans,5,886.12,10,3987.54
105931,2024-11-09,Europe,Electronics,Retail Store,Meagan Patterson,6,350.73,0,2104.38
102069,2024-11-09,Latin America,Apparel,Online,Victor Harmon,4,137.78,5,523.56
104046,2024-11-09,Asia Pacific,Home & Garden,Online,Margaret Stevenson,6,76.61,10,413.69
104239,2024-11-09,Latin America,Apparel,Retail Store,Dean Thomas,1,118.59,0,118.59
102890,2024-11-10,Latin America,Electronics,Online,Brian Sosa,5,651.48,5,3094.53
102880,2024-11-10,Asia Pacific,Apparel,Partner Reseller,Christina Castillo,10,89.19,0,891.9
104094,2024-11-10,Middle East & Africa,Sporting Goods,Online,Mark Elliott,12,176.18,15,1797.04
103023,2024-11-10,North America,Sporting Goods,Retail Store,Jennifer Crawford,7,263.63,20,1476.33
104626,2024-11-10,Latin America,Electronics,Partner Reseller,Michael Miller,1,170.97,15,145.32
105103,2024-11-10,Middle East & Africa,Office Supplies,Partner Reseller,Kevin Carney,6,16.42,0,98.52
105190,2024-11-10,Asia Pacific,Office Supplies,Online,Melanie Garrett,7,183.88,10,1158.44
105495,2024-11-11,Latin America,Office Supplies,Online,Abigail Acevedo,7,134.47,10,847.16
100822,2024-11-11,Asia Pacific,Home & Garden,Retail Store,Jose Ramirez,11,355.11,0,3906.21
103278,2024-11-11,Asia Pacific,Apparel,Retail Store,Dean Cook,1,116.07,0,116.07
101614,2024-11-11,Middle East & Africa,Office Supplies,Online,Michael Barnes,2,115.2,10,207.36
105277,2024-11-11,Europe,Home & Garden,Retail Store,Cynthia Cohen,10,18.22,5,173.09
100753,2024-11-12,Asia Pacific,Office Supplies,Online,Jennifer Porter,3,123.1,5,350.83
101968,2024-11-12,Middle East & Africa,Apparel,Retail Store,Christopher Nelson,11,29.35,0,322.85
102150,2024-11-12,Latin America,Office Supplies,Online,Walter Hansen,5,86.37,0,431.85
101162,2024-11-12,Latin America,Apparel,Retail Store,Dorothy Boyd,8,87.71,0,701.68
103996,2024-11-12,Asia Pacific,Home & Garden,Partner Reseller,Katherine Padilla,5,234.1,5,1111.97
103015,2024-11-12,North America,Office Supplies,Retail Store,Jason Bell,5,149.39,20,597.56
105048,2024-11-12,North America,Home & Garden,Partner Reseller,Kimberly Valenzuela,2,228.33,0,456.66
105336,2024-11-12,Europe,Apparel,Retail Store,Nicole Barton,6,88.27,0,529.62
104448,2024-11-12,Latin America,Office Supplies,Retail Store,Tiffany Davis,8,28.53,0,228.24
100980,2024-11-12,Europe,Apparel,Retail Store,James Oconnor,8,68.83,0,550.64
104863,2024-11-12,Middle East & Africa,Office Supplies,Online,Alyssa Rodriguez PhD,1,120.78,5,114.74
101941,2024-11-12,Asia Pacific,Home & Garden,Online,Larry Harding,2,362.33,5,688.43
100819,2024-11-12,Asia Pacific,Sporting Goods,Online,Megan Burns,9,399.16,0,3592.44
102962,2024-11-13,Europe,Sporting Goods,Online,Christian Burton,2,408.04,0,816.08
105310,2024-11-13,North America,Sporting Goods,Retail Store,David Baker,1,100.71,0,100.71
105897,2024-11-13,Middle East & Africa,Office Supplies,Partner Reseller,Brian Gross,4,14.14,0,56.56
105067,2024-11-13,Middle East & Africa,Sporting Goods,Partner Reseller,Christine Parker,5,433.35,0,2166.75
104418,2024-11-13,Europe,Sporting Goods,Retail Store,Kylie Bailey,5,29.05,20,116.2
103510,2024-11-13,Asia Pacific,Office Supplies,Partner Reseller,Tanya Hill,4,153.19,0,612.76
100702,2024-11-14,North America,Home & Garden,Retail Store,Karl Branch,7,185.06,15,1101.11
101325,2024-11-14,Europe,Home & Garden,Online,Dawn Wyatt,9,131.74,0,1185.66
104774,2024-11-14,Asia Pacific,Home & Garden,Partner Reseller,Rebecca Houston,5,96.78,5,459.7
100133,2024-11-14,Latin America,Home & Garden,Retail Store,Daniel Kennedy,10,132.89,0,1328.9
101394,2024-11-14,Middle East & Africa,Office Supplies,Partner Reseller,Joanna Cook,5,180.77,0,903.85
103254,2024-11-14,Middle East & Africa,Sporting Goods,Online,Phillip Obrien,9,157.85,20,1136.52
102684,2024-11-14,North America,Home & Garden,Partner Reseller,Sean White,9,239.01,15,1828.43
103988,2024-11-14,Asia Pacific,Office Supplies,Retail Store,Michelle Newman,5,63.18,15,268.51
101837,2024-11-15,Asia Pacific,Office Supplies,Partner Reseller,Alexis Tucker,6,29.42,0,176.52
105946,2024-11-15,Latin America,Home & Garden,Partner Reseller,Sydney Green,2,340.47,15,578.8
100281,2024-11-15,Latin America,Apparel,Partner Reseller,Tammie Bright,1,105.05,20,84.04
104919,2024-11-15,North America,Sporting Goods,Online,Ryan Roman,1,21.41,0,21.41
100194,2024-11-15,Asia Pacific,Sporting Goods,Retail Store,John Bishop,1,142.56,20,114.05
102299,2024-11-15,Europe,Office Supplies,Online,Karen Griffin,9,183.69,0,1653.21
104277,2024-11-15,Europe,Electronics,Retail Store,Jennifer Lopez,5,733.34,15,3116.7
103716,2024-11-16,North America,Home & Garden,Retail Store,Martin Jones,12,181.17,20,1739.23
104252,2024-11-16,Middle East & Africa,Sporting Goods,Partner Reseller,Mitchell Anderson,5,363.0,0,1815.0
101308,2024-11-16,Europe,Sporting Goods,Partner Reseller,Dale Heath,3,145.0,0,435.0
102437,2024-11-16,Europe,Home & Garden,Online,Alvin Wilson,5,354.94,0,1774.7
103656,2024-11-16,Middle East & Africa,Apparel,Retail Store,Destiny Powers,6,133.01,20,638.45
105003,2024-11-16,North America,Sporting Goods,Partner Reseller,Joshua Miller,7,396.7,15,2360.37
104610,2024-11-16,Europe,Office Supplies,Retail Store,Mark Conner,1,23.16,0,23.16
101036,2024-11-16,Latin America,Sporting Goods,Online,Samantha Robertson,10,381.36,10,3432.24
104091,2024-11-17,Middle East & Africa,Home & Garden,Partner Reseller,Charles Garcia,4,92.43,15,314.26
101503,2024-11-17,Latin America,Office Supplies,Retail Store,Dawn Nixon,5,42.23,20,168.92
100394,2024-11-17,Asia Pacific,Apparel,Retail Store,Tamara Davis,11,27.06,10,267.89
102400,2024-11-17,Middle East & Africa,Electronics,Partner Reseller,Felicia Wright,1,122.78,10,110.5
105945,2024-11-17,Europe,Electronics,Partner Reseller,Amy Olsen,7,1020.68,0,7144.76
100180,2024-11-17,Latin America,Sporting Goods,Partner Reseller,Alexander Collins,11,205.32,20,1806.82
104992,2024-11-17,Middle East & Africa,Sporting Goods,Retail Store,Nicholas Obrien II,2,219.91,0,439.82
104115,2024-11-17,Latin America,Office Supplies,Retail Store,Loretta Williams,6,189.03,0,1134.18
105560,2024-11-17,North America,Office Supplies,Retail Store,Jeremy Wallace,12,170.97,0,2051.64
104750,2024-11-17,Asia Pacific,Office Supplies,Online,Willie Flynn PhD,1,90.81,0,90.81
104140,2024-11-18,Latin America,Home & Garden,Online,Catherine Shannon,7,136.44,20,764.06
103757,2024-11-18,North America,Sporting Goods,Online,Lisa Bryant,10,234.95,10,2114.55
100768,2024-11-18,Europe,Electronics,Partner Reseller,Jason Nixon,10,545.95,5,5186.52
101181,2024-11-18,Europe,Office Supplies,Retail Store,Christina Weber,9,57.5,10,465.75
102449,2024-11-18,Latin America,Electronics,Online,Rebecca Lee,7,372.34,0,2606.38
105279,2024-11-18,North America,Office Supplies,Retail Store,Penny West,2,118.98,15,202.27
105377,2024-11-18,Latin America,Office Supplies,Online,Michael Leonard,6,29.67,20,142.42
105806,2024-11-18,Latin America,Electronics,Partner Reseller,Lisa Kaiser,7,449.55,0,3146.85
104931,2024-11-18,Latin America,Home & Garden,Online,Gregory Russell,1,121.99,0,121.99
103543,2024-11-18,Latin America,Electronics,Online,Yolanda Chen,8,356.08,15,2421.34
103440,2024-11-18,Europe,Sporting Goods,Partner Reseller,Francis Wilson,9,203.81,0,1834.29
104886,2024-11-18,Europe,Apparel,Retail Store,Corey Mooney,9,136.74,15,1046.06
105627,2024-11-18,North America,Electronics,Partner Reseller,Joyce Webster,4,466.69,0,1866.76
100907,2024-11-18,Middle East & Africa,Electronics,Retail Store,Kelly Haynes,3,1139.2,15,2904.96
104853,2024-11-18,Europe,Office Supplies,Retail Store,Kimberly Obrien,11,67.4,10,667.26
104940,2024-11-18,North America,Office Supplies,Online,Pamela Aguirre,8,79.83,20,510.91
104692,2024-11-19,North America,Sporting Goods,Retail Store,Donna Wright,1,414.2,0,414.2
105128,2024-11-19,Europe,Apparel,Retail Store,Michael Gonzalez,8,96.66,10,695.95
102368,2024-11-19,Middle East & Africa,Sporting Goods,Retail Store,Pamela Medina,5,211.71,0,1058.55
103772,2024-11-19,Europe,Home & Garden,Partner Reseller,Sarah Bishop,6,183.53,20,880.94
103720,2024-11-19,Middle East & Africa,Apparel,Retail Store,Pam Hernandez,2,146.01,5,277.42
102961,2024-11-20,Europe,Apparel,Retail Store,Daniel Bishop,10,131.18,20,1049.44
104288,2024-11-20,Europe,Home & Garden,Partner Reseller,Rebecca Estrada,1,193.49,0,193.49
100593,2024-11-20,Latin America,Office Supplies,Partner Reseller,Randy Smith,11,128.69,15,1203.25
104720,2024-11-20,Asia Pacific,Home & Garden,Retail Store,Brianna Adams,3,390.85,15,996.67
104769,2024-11-20,Asia Pacific,Home & Garden,Partner Reseller,Tonya Richards,4,184.13,10,662.87
103694,2024-11-20,Europe,Apparel,Online,Martha Arnold,2,63.72,0,127.44
102309,2024-11-20,North America,Home & Garden,Online,Amanda Hernandez,9,227.58,20,1638.58
102753,2024-11-20,Europe,Sporting Goods,Partner Reseller,Cameron Smith,1,141.64,15,120.39
103047,2024-11-21,Europe,Electronics,Partner Reseller,Alyssa Zimmerman,3,879.04,15,2241.55
101346,2024-11-21,Middle East & Africa,Electronics,Online,Penny Gomez MD,2,547.43,0,1094.86
103917,2024-11-21,North America,Electronics,Online,Jeremy Chambers,5,924.91,0,4624.55
100783,2024-11-21,Middle East & Africa,Office Supplies,Retail Store,Dennis Huffman,11,45.34,5,473.8
101680,2024-11-21,Asia Pacific,Home & Garden,Partner Reseller,Adrian Dean,3,286.67,20,688.01
101192,2024-11-21,Middle East & Africa,Electronics,Partner Reseller,Paul Johnson,2,401.23,0,802.46
105371,2024-11-21,Middle East & Africa,Electronics,Partner Reseller,Renee Johnson,6,203.42,0,1220.52
102395,2024-11-21,North America,Office Supplies,Retail Store,Kenneth Johnson,2,65.53,0,131.06
100826,2024-11-21,Latin America,Electronics,Retail Store,Heather Brown,9,512.18,15,3918.18
100827,2024-11-21,North America,Office Supplies,Partner Reseller,Claudia Jordan,6,165.31,10,892.67
105059,2024-11-22,Middle East & Africa,Apparel,Online,Tiffany Hansen,10,80.94,0,809.4
102016,2024-11-22,Middle East & Africa,Electronics,Partner Reseller,Charles Morales,4,909.97,15,3093.9
100569,2024-11-22,Asia Pacific,Apparel,Online,Michael Johnson,11,21.54,15,201.4
101631,2024-11-22,Middle East & Africa,Sporting Goods,Partner Reseller,James Jones,11,51.58,0,567.38
103807,2024-11-22,Latin America,Apparel,Online,Alexis Kim,1,33.45,0,33.45
102157,2024-11-22,North America,Electronics,Retail Store,Pam Baker,1,626.97,5,595.62
102453,2024-11-22,Latin America,Electronics,Retail Store,Erin Brown,11,624.48,5,6525.82
105404,2024-11-22,Latin America,Sporting Goods,Online,Jessica Torres,1,251.43,0,251.43
102712,2024-11-22,Middle East & Africa,Sporting Goods,Online,Arthur Stout,12,370.58,0,4446.96
105446,2024-11-22,North America,Home & Garden,Retail Store,Leslie Martin,6,244.61,20,1174.13
101141,2024-11-22,Latin America,Electronics,Online,Vanessa Santiago,3,385.37,0,1156.11
105643,2024-11-23,Latin America,Office Supplies,Partner Reseller,Krystal Hamilton,9,104.19,5,890.82
104737,2024-11-23,North America,Office Supplies,Partner Reseller,Jeffrey Hart DDS,9,8.18,0,73.62
102550,2024-11-23,Europe,Home & Garden,Retail Store,Chelsey Clark,7,40.24,15,239.43
102035,2024-11-23,Asia Pacific,Electronics,Retail Store,James Stevens,8,248.57,0,1988.56
100714,2024-11-23,North America,Home & Garden,Partner Reseller,Jennifer Jones,5,112.17,15,476.72
100195,2024-11-23,Asia Pacific,Office Supplies,Partner Reseller,Allen Rosales,8,35.81,0,286.48
101055,2024-11-24,North America,Sporting Goods,Partner Reseller,Gregory King,11,336.98,20,2965.42
101099,2024-11-24,Middle East & Africa,Apparel,Retail Store,Steven Howard,8,11.71,20,74.94
101804,2024-11-24,Latin America,Electronics,Online,April Finley,6,971.01,20,4660.85
103820,2024-11-24,Europe,Sporting Goods,Online,Alicia Perez,12,276.79,10,2989.33
101287,2024-11-24,North America,Sporting Goods,Retail Store,Matthew Houston,10,195.48,0,1954.8
104436,2024-11-24,Europe,Home & Garden,Retail Store,Karen Hughes,6,37.15,20,178.32
103305,2024-11-24,Latin America,Home & Garden,Online,Heather Herman,12,80.68,0,968.16
100564,2024-11-24,Asia Pacific,Office Supplies,Retail Store,Molly Watts,10,117.7,20,941.6
100428,2024-11-24,North America,Electronics,Partner Reseller,Robin Santiago,12,554.54,0,6654.48
104935,2024-11-25,Latin America,Sporting Goods,Partner Reseller,Kimberly Thomas,6,314.85,0,1889.1
101522,2024-11-25,Asia Pacific,Sporting Goods,Partner Reseller,Andrew Fernandez,4,74.71,0,298.84
103633,2024-11-25,Asia Pacific,Apparel,Retail Store,Jordan Williams,6,69.3,5,395.01
104842,2024-11-26,Asia Pacific,Sporting Goods,Retail Store,Monica Richardson,4,327.31,10,1178.32
102162,2024-11-26,Latin America,Sporting Goods,Retail Store,Michael Graham,2,211.57,0,423.14
100495,2024-11-26,North America,Electronics,Partner Reseller,Lawrence Harrington,9,180.37,0,1623.33
105653,2024-11-26,Middle East & Africa,Electronics,Retail Store,Stephanie Lara,4,1151.88,0,4607.52
103013,2024-11-26,Europe,Electronics,Online,Steven Shaw,6,700.16,20,3360.77
101802,2024-11-26,Asia Pacific,Sporting Goods,Retail Store,Katherine Graham,4,387.83,15,1318.62
104345,2024-11-26,Middle East & Africa,Home & Garden,Online,Michael Evans,6,77.83,20,373.58
101560,2024-11-26,Europe,Home & Garden,Retail Store,William Mason,8,209.73,15,1426.16
102869,2024-11-26,Middle East & Africa,Home & Garden,Partner Reseller,Nicholas Holland Jr.,11,332.29,0,3655.19
105416,2024-11-26,Latin America,Sporting Goods,Online,Miguel Pena,8,463.36,10,3336.19
104258,2024-11-27,Middle East & Africa,Electronics,Partner Reseller,Christopher Carson,5,119.7,5,568.57
101068,2024-11-27,Asia Pacific,Office Supplies,Online,Laura Lee,7,182.36,20,1021.22
102343,2024-11-27,Latin America,Sporting Goods,Online,Paul Cruz Jr.,5,40.3,0,201.5
105731,2024-11-27,Latin America,Home & Garden,Retail Store,Brandon Peterson,2,390.06,10,702.11
103194,2024-11-27,Europe,Apparel,Online,Annette Green,7,49.11,20,275.02
105223,2024-11-27,North America,Home & Garden,Retail Store,Kayla Williams,9,138.18,0,1243.62
103856,2024-11-27,Latin America,Office Supplies,Partner Reseller,Jonathan Torres,10,190.32,0,1903.2
104487,2024-11-27,Middle East & Africa,Home & Garden,Retail Store,Timothy Sanchez,5,62.14,20,248.56
103227,2024-11-27,Europe,Electronics,Retail Store,Patrick Payne,12,212.02,0,2544.24
105701,2024-11-27,Latin America,Apparel,Partner Reseller,Chad Poole,10,21.51,15,182.84
103187,2024-11-27,North America,Sporting Goods,Online,April King,4,71.34,5,271.09
104473,2024-11-28,North America,Sporting Goods,Retail Store,Veronica Diaz,6,379.13,20,1819.82
103865,2024-11-28,Middle East & Africa,Apparel,Partner Reseller,Mallory Collins,8,79.91,5,607.32
101603,2024-11-28,North America,Electronics,Partner Reseller,Teresa Horton,7,833.43,10,5250.61
101898,2024-11-28,Europe,Home & Garden,Partner Reseller,Patrick Perez,1,147.49,20,117.99
100330,2024-11-28,Middle East & Africa,Sporting Goods,Partner Reseller,Vanessa Howard,1,151.79,0,151.79
104866,2024-11-28,Europe,Home & Garden,Partner Reseller,Michael Baker,11,102.78,20,904.46
105596,2024-11-28,Asia Pacific,Apparel,Partner Reseller,Tina Mooney,10,132.76,0,1327.6
103537,2024-11-28,Europe,Electronics,Retail Store,Abigail Collins,12,982.83,20,9435.17
100660,2024-11-28,Latin America,Office Supplies,Partner Reseller,William David DDS,10,11.31,0,113.1
100965,2024-11-28,Latin America,Office Supplies,Retail Store,Travis Conner,9,129.76,0,1167.84
103486,2024-11-28,Europe,Electronics,Retail Store,Jennifer Smith,11,450.84,10,4463.32
101923,2024-11-28,North America,Home & Garden,Retail Store,Eugene Martinez,12,245.67,0,2948.04
100063,2024-11-29,North America,Sporting Goods,Retail Store,Donald Wright,1,418.09,0,418.09
103186,2024-11-29,Middle East & Africa,Electronics,Partner Reseller,Eric Jordan,12,810.08,0,9720.96
102845,2024-11-29,Latin America,Electronics,Partner Reseller,Clinton Moore,6,1058.17,5,6031.57
102819,2024-11-29,Middle East & Africa,Home & Garden,Retail Store,Jason Flores,5,203.2,0,1016.0
104153,2024-11-29,Middle East & Africa,Apparel,Retail Store,Paul Wolf,10,33.94,15,288.49
104691,2024-11-29,Latin America,Apparel,Retail Store,Jared Garza,11,44.84,0,493.24
104956,2024-11-29,Middle East & Africa,Home & Garden,Retail Store,Christina Aguilar,9,34.93,20,251.5
104232,2024-11-30,Latin America,Office Supplies,Retail Store,Erin Summers,7,160.47,5,1067.13
100734,2024-11-30,Europe,Home & Garden,Online,Steven Stein,10,146.93,5,1395.84
102147,2024-11-30,Latin America,Apparel,Retail Store,Tracy George,2,38.88,0,77.76
100078,2024-11-30,Middle East & Africa,Sporting Goods,Partner Reseller,Steve Sanchez,6,185.93,5,1059.8
102523,2024-11-30,Europe,Home & Garden,Partner Reseller,Melissa Bowen,7,248.87,0,1742.09
102578,2024-11-30,North America,Sporting Goods,Online,Jeremy Smith,8,225.12,20,1440.77
102849,2024-11-30,North America,Sporting Goods,Partner Reseller,Kristen Jackson,5,208.27,20,833.08
105882,2024-11-30,Latin America,Office Supplies,Online,Larry Woods,3,71.39,10,192.75
104403,2024-11-30,North America,Office Supplies,Online,Nicole Moore,4,109.95,10,395.82
100545,2024-11-30,Latin America,Office Supplies,Partner Reseller,Cindy Gomez,8,149.79,10,1078.49
104477,2024-11-30,Europe,Office Supplies,Partner Reseller,Scott Ramirez,5,11.35,10,51.08
105594,2024-12-01,Middle East & Africa,Electronics,Partner Reseller,Melissa Wolf,10,471.17,10,4240.53
103816,2024-12-01,Middle East & Africa,Sporting Goods,Partner Reseller,Marie Jones,6,121.49,0,728.94
100268,2024-12-01,Europe,Home & Garden,Online,Cynthia Rowe,5,54.58,0,272.9
101378,2024-12-01,Middle East & Africa,Sporting Goods,Partner Reseller,William Wolfe,4,400.51,0,1602.04
105469,2024-12-01,Middle East & Africa,Apparel,Partner Reseller,Terri Cisneros,10,118.52,0,1185.2
102645,2024-12-01,Middle East & Africa,Sporting Goods,Retail Store,Angel Aguirre,5,431.98,0,2159.9
101653,2024-12-01,Europe,Apparel,Retail Store,Stephanie Herrera,11,71.66,10,709.43
104029,2024-12-02,North America,Sporting Goods,Partner Reseller,Kimberly Price,8,430.43,0,3443.44
103582,2024-12-02,North America,Home & Garden,Online,James Chapman,7,339.22,10,2137.09
100293,2024-12-02,North America,Sporting Goods,Retail Store,Margaret Coleman,12,194.86,0,2338.32
105825,2024-12-02,Middle East & Africa,Electronics,Retail Store,Nathan Vargas,5,761.92,15,3238.16
103413,2024-12-02,Europe,Home & Garden,Online,Kelly Guerra,12,156.94,0,1883.28
100994,2024-12-02,North America,Home & Garden,Partner Reseller,Anthony Armstrong,6,202.82,10,1095.23
102616,2024-12-02,Middle East & Africa,Sporting Goods,Online,Mark Frank,12,386.0,10,4168.8
104006,2024-12-02,Europe,Home & Garden,Online,Christopher Banks,8,112.65,5,856.14
105581,2024-12-03,Middle East & Africa,Sporting Goods,Retail Store,Catherine Johns,3,103.87,0,311.61
101967,2024-12-03,Asia Pacific,Apparel,Retail Store,Francisco Johns,8,79.19,15,538.49
102281,2024-12-03,Middle East & Africa,Electronics,Partner Reseller,Andrew Cook,11,759.95,10,7523.51
104878,2024-12-03,North America,Home & Garden,Online,Jason Davis,7,106.55,15,633.97
100837,2024-12-03,North America,Office Supplies,Partner Reseller,Carol Sanders,2,13.88,0,27.76
102347,2024-12-03,Latin America,Electronics,Online,Justin Glover,9,96.51,10,781.73
105828,2024-12-03,Latin America,Electronics,Partner Reseller,Chad King,3,324.7,5,925.39
103821,2024-12-03,North America,Office Supplies,Partner Reseller,David Walker,10,195.92,0,1959.2
104943,2024-12-04,Europe,Sporting Goods,Retail Store,Chase Matthews,7,348.95,20,1954.12
100138,2024-12-04,Middle East & Africa,Office Supplies,Online,David Alvarez,2,121.37,20,194.19
104670,2024-12-04,Asia Pacific,Sporting Goods,Partner Reseller,Stephen White,11,93.41,15,873.38
100657,2024-12-04,Europe,Office Supplies,Retail Store,Connie Turner,10,140.24,20,1121.92
105187,2024-12-04,Middle East & Africa,Sporting Goods,Partner Reseller,Shawn Shepherd,9,31.01,0,279.09
102406,2024-12-05,North America,Electronics,Partner Reseller,Ryan Brown,9,296.09,0,2664.81
100607,2024-12-05,Latin America,Home & Garden,Retail Store,David Lopez,7,138.89,15,826.4
104226,2024-12-05,Asia Pacific,Sporting Goods,Online,Jorge Davis,1,417.55,0,417.55
102740,2024-12-06,Asia Pacific,Office Supplies,Online,Alexander Munoz,10,150.83,10,1357.47
100023,2024-12-06,Asia Pacific,Apparel,Retail Store,Tommy Walter,7,25.62,0,179.34
101485,2024-12-06,Middle East & Africa,Home & Garden,Online,Timothy Clark,7,182.13,0,1274.91
105456,2024-12-06,Middle East & Africa,Electronics,Partner Reseller,Megan Grant,11,351.79,0,3869.69
100223,2024-12-07,Middle East & Africa,Home & Garden,Online,Theresa Clark,4,240.76,0,963.04
100160,2024-12-07,Middle East & Africa,Electronics,Partner Reseller,Paul Castaneda,3,934.68,5,2663.84
102676,2024-12-07,Asia Pacific,Sporting Goods,Partner Reseller,Tommy Hood,6,396.18,5,2258.23
101738,2024-12-07,Latin America,Sporting Goods,Partner Reseller,Joshua Richardson,12,265.29,0,3183.48
103614,2024-12-07,Middle East & Africa,Office Supplies,Retail Store,Lisa Walton,12,191.5,0,2298.0
105106,2024-12-07,Asia Pacific,Apparel,Online,Travis Day,8,52.18,20,333.95
101907,2024-12-07,North America,Sporting Goods,Partner Reseller,Donald Terry,5,215.5,15,915.88
101694,2024-12-07,Asia Pacific,Office Supplies,Online,David Walker,11,192.58,0,2118.38
103380,2024-12-08,North America,Sporting Goods,Online,Ms. Mackenzie Barton,10,449.25,10,4043.25
104690,2024-12-08,Asia Pacific,Sporting Goods,Partner Reseller,Cheryl Rose,12,145.07,20,1392.67
101235,2024-12-08,Latin America,Sporting Goods,Retail Store,Jessica Smith,9,50.24,15,384.34
102651,2024-12-08,Latin America,Sporting Goods,Retail Store,Laura Vincent,4,303.88,20,972.42
101913,2024-12-08,Asia Pacific,Sporting Goods,Online,Jennifer Cooper,5,194.52,0,972.6
105957,2024-12-08,Latin America,Home & Garden,Partner Reseller,Peter Campbell,2,228.62,5,434.38
100625,2024-12-08,Latin America,Apparel,Online,Michael Miller,2,74.87,0,149.74
103145,2024-12-08,Middle East & Africa,Apparel,Online,Derek Jones,10,111.54,20,892.32
102337,2024-12-08,North America,Electronics,Partner Reseller,Eric Russell,2,978.7,20,1565.92
105239,2024-12-08,Europe,Apparel,Partner Reseller,Allen Martinez,1,119.06,0,119.06
102948,2024-12-08,Middle East & Africa,Electronics,Retail Store,Paul Swanson,10,553.43,10,4980.87
104603,2024-12-09,Asia Pacific,Apparel,Retail Store,Kathryn Clark,9,149.47,0,1345.23
100443,2024-12-09,Europe,Office Supplies,Online,Holly Valentine,5,48.1,0,240.5
103308,2024-12-09,North America,Apparel,Partner Reseller,Debra Wolfe,9,28.21,5,241.2
100622,2024-12-09,Asia Pacific,Apparel,Online,Kaitlin Medina,4,73.39,0,293.56
100243,2024-12-09,Middle East & Africa,Home & Garden,Online,Brandon Bailey MD,8,74.57,0,596.56
102652,2024-12-09,North America,Home & Garden,Retail Store,Bethany Robles,5,385.89,0,1929.45
100392,2024-12-10,Asia Pacific,Home & Garden,Retail Store,Brian Smith,5,377.47,20,1509.88
102386,2024-12-10,Latin America,Sporting Goods,Partner Reseller,Cheryl Gregory,6,339.12,0,2034.72
102713,2024-12-10,Middle East & Africa,Home & Garden,Retail Store,Cathy Hess,1,336.76,15,286.25
102839,2024-12-10,Middle East & Africa,Apparel,Online,Kyle Horton,10,107.73,15,915.7
105395,2024-12-10,Middle East & Africa,Home & Garden,Retail Store,Joseph Perez,2,186.87,0,373.74
104917,2024-12-10,Middle East & Africa,Apparel,Partner Reseller,Laura Sparks,11,86.27,0,948.97
105367,2024-12-10,Europe,Electronics,Online,Emily Henderson,10,242.68,20,1941.44
102924,2024-12-10,Middle East & Africa,Home & Garden,Partner Reseller,Patrick Adkins,6,158.71,15,809.42
101347,2024-12-10,North America,Sporting Goods,Online,Kelly Mclaughlin,12,187.14,0,2245.68
103140,2024-12-10,North America,Electronics,Online,Brent Wong,2,1180.75,20,1889.2
103575,2024-12-10,North America,Electronics,Partner Reseller,Christine Park,1,1173.13,15,997.16
101128,2024-12-11,Asia Pacific,Electronics,Online,Anna Briggs,5,1165.97,20,4663.88
101840,2024-12-11,Middle East & Africa,Office Supplies,Online,Patricia Schwartz,11,110.1,0,1211.1
101491,2024-12-11,Middle East & Africa,Sporting Goods,Partner Reseller,Anne Hardy,8,218.25,15,1484.1
103862,2024-12-11,Europe,Electronics,Online,Steven Davis,4,985.99,0,3943.96
103598,2024-12-11,Europe,Sporting Goods,Online,Tracy Parker,9,152.1,0,1368.9
103724,2024-12-11,Asia Pacific,Electronics,Online,Edward Manning,10,761.58,5,7235.01
103453,2024-12-11,Europe,Electronics,Online,Michael Barr,6,975.23,0,5851.38
100870,2024-12-11,Middle East & Africa,Home & Garden,Partner Reseller,Kimberly Myers,7,160.01,0,1120.07
103306,2024-12-11,Middle East & Africa,Office Supplies,Retail Store,Micheal Pugh,2,103.64,0,207.28
103612,2024-12-12,Latin America,Electronics,Retail Store,Connie Franklin,3,945.09,15,2409.98
103025,2024-12-12,Latin America,Home & Garden,Retail Store,Kevin Johnson,4,318.41,0,1273.64
102390,2024-12-12,Europe,Sporting Goods,Retail Store,Jessica Carney,8,289.03,15,1965.4
103976,2024-12-12,Middle East & Africa,Sporting Goods,Online,Logan Massey,12,81.96,0,983.52
100000,2024-12-12,North America,Electronics,Online,Allison Hill,4,910.54,0,3642.16
100348,2024-12-12,Latin America,Office Supplies,Partner Reseller,James Parks,9,72.18,15,552.18
100442,2024-12-12,Middle East & Africa,Office Supplies,Retail Store,Robert Harrison,6,155.64,0,933.84
103298,2024-12-13,Middle East & Africa,Electronics,Retail Store,Laura Ritter,7,353.71,0,2475.97
101768,2024-12-13,North America,Home & Garden,Online,Karen Thomas,8,115.61,15,786.15
100282,2024-12-13,Asia Pacific,Electronics,Retail Store,Jessica Garcia,9,449.25,15,3436.76
102489,2024-12-13,Middle East & Africa,Sporting Goods,Online,Bethany Harding,7,495.05,10,3118.82
104738,2024-12-13,Middle East & Africa,Office Supplies,Partner Reseller,Steven Hall,11,80.91,0,890.01
105903,2024-12-13,Europe,Sporting Goods,Partner Reseller,Debbie Ward,4,395.31,0,1581.24
100465,2024-12-13,Europe,Home & Garden,Partner Reseller,Jeffrey Mendez,8,292.32,0,2338.56
105775,2024-12-13,Latin America,Sporting Goods,Retail Store,Nicholas Chase,9,72.04,0,648.36
100516,2024-12-14,Europe,Office Supplies,Partner Reseller,William Day,11,13.64,15,127.53
100639,2024-12-14,North America,Apparel,Partner Reseller,Janet Kane DVM,7,63.62,0,445.34
104822,2024-12-14,Latin America,Apparel,Retail Store,Mario Green,3,23.98,0,71.94
105135,2024-12-14,Europe,Home & Garden,Partner Reseller,Margaret Young,7,46.89,15,279.0
100448,2024-12-14,Europe,Apparel,Retail Store,Ryan Rosales,3,130.06,20,312.14
100739,2024-12-14,Latin America,Sporting Goods,Partner Reseller,Linda Gonzalez,9,22.24,0,200.16
102624,2024-12-14,North America,Electronics,Online,Anthony White,5,883.34,10,3975.03
104785,2024-12-14,Europe,Sporting Goods,Retail Store,Joshua Clayton,6,402.83,10,2175.28
104836,2024-12-14,Middle East & Africa,Electronics,Online,Daryl Lowe,7,733.95,15,4367.0
104609,2024-12-14,North America,Electronics,Partner Reseller,Amanda Cook,5,505.17,20,2020.68
105205,2024-12-14,Middle East & Africa,Apparel,Online,Jenny Cox,10,15.05,0,150.5
105804,2024-12-15,North America,Home & Garden,Retail Store,Shannon White,7,27.57,10,173.69
104250,2024-12-15,Middle East & Africa,Apparel,Retail Store,Amanda Campbell,4,23.96,0,95.84
100909,2024-12-16,Asia Pacific,Home & Garden,Partner Reseller,Casey Wilkins,10,27.94,10,251.46
101498,2024-12-16,North America,Electronics,Partner Reseller,Zachary Ramos,8,272.34,5,2069.78
105035,2024-12-16,North America,Office Supplies,Online,April Schneider,4,122.43,0,489.72
103901,2024-12-16,Middle East & Africa,Home & Garden,Retail Store,Brett Martin,11,236.61,20,2082.17
102683,2024-12-16,Latin America,Apparel,Online,Rita Graves,3,115.67,0,347.01
104163,2024-12-16,Asia Pacific,Home & Garden,Online,Melvin Flores,9,203.01,0,1827.09
103677,2024-12-16,Latin America,Office Supplies,Partner Reseller,Willie Duncan,5,104.94,20,419.76
101670,2024-12-17,Latin America,Home & Garden,Online,Shane Short,7,132.81,10,836.7
100521,2024-12-17,Asia Pacific,Sporting Goods,Partner Reseller,Christopher Morris,2,461.86,0,923.72
102970,2024-12-17,Middle East & Africa,Apparel,Partner Reseller,Caleb Carroll,8,88.03,0,704.24
103830,2024-12-17,North America,Home & Garden,Retail Store,Devin Mayer,4,28.9,0,115.6
102089,2024-12-17,Europe,Apparel,Online,Kelly Calderon,6,27.12,15,138.31
104334,2024-12-17,North America,Electronics,Online,Gregory Russell,4,223.12,10,803.23
101504,2024-12-17,Europe,Sporting Goods,Online,James Barber,2,222.5,0,445.0
102199,2024-12-17,Middle East & Africa,Apparel,Partner Reseller,Jeffery Davis,6,28.12,10,151.85
104870,2024-12-18,Latin America,Sporting Goods,Partner Reseller,Brandi Brown,6,258.27,0,1549.62
101819,2024-12-18,Latin America,Sporting Goods,Online,Bruce Roman,11,163.57,20,1439.42
104408,2024-12-18,Asia Pacific,Office Supplies,Retail Store,Robert Stark,12,197.89,0,2374.68
104376,2024-12-18,North America,Office Supplies,Retail Store,Madison Rodriguez,11,165.41,10,1637.56
104851,2024-12-18,North America,Office Supplies,Partner Reseller,Brian Davis,12,180.37,0,2164.44
103357,2024-12-18,Middle East & Africa,Electronics,Retail Store,Lisa Martin,6,1040.78,0,6244.68
105755,2024-12-18,Latin America,Office Supplies,Online,Allison Rice,12,189.47,20,1818.91
104654,2024-12-19,Europe,Sporting Goods,Retail Store,Mariah Perry,1,24.72,0,24.72
102335,2024-12-19,Latin America,Home & Garden,Online,Brian Garcia,3,235.41,10,635.61
100746,2024-12-19,North America,Home & Garden,Partner Reseller,Michael Henry,3,101.36,0,304.08
100955,2024-12-19,Middle East & Africa,Office Supplies,Online,William Keith,7,193.28,0,1352.96
102416,2024-12-19,Europe,Apparel,Retail Store,Andrea Clarke,3,133.7,0,401.1
104338,2024-12-19,Asia Pacific,Electronics,Retail Store,Ashley Thomas,7,637.49,5,4239.31
101963,2024-12-19,North America,Home & Garden,Online,Lauren Cunningham,3,314.45,0,943.35
102974,2024-12-20,Asia Pacific,Office Supplies,Online,Michael Hunter,5,108.45,20,433.8
101076,2024-12-20,Asia Pacific,Home & Garden,Online,Elizabeth French,8,343.07,5,2607.33
100251,2024-12-20,Asia Pacific,Apparel,Online,Olivia Harris,10,111.02,10,999.18
103833,2024-12-20,Europe,Apparel,Online,Jeremy Manning,1,110.5,20,88.4
105370,2024-12-20,Asia Pacific,Apparel,Partner Reseller,Francis Walker,8,71.82,0,574.56
102436,2024-12-20,Europe,Apparel,Online,William Cox,3,74.22,5,211.53
105551,2024-12-20,Latin America,Apparel,Retail Store,Dana Savage,6,119.7,10,646.38
102271,2024-12-20,Latin America,Electronics,Retail Store,Margaret Orr,4,652.36,0,2609.44
105250,2024-12-21,Europe,Home & Garden,Partner Reseller,Becky King,9,137.68,10,1115.21
104371,2024-12-21,Middle East & Africa,Sporting Goods,Online,Crystal Wallace,1,45.38,0,45.38
100365,2024-12-21,Latin America,Home & Garden,Retail Store,Kenneth Lewis,3,385.63,20,925.51
102493,2024-12-21,Latin America,Office Supplies,Online,Alexander Floyd,6,59.38,15,302.84
103517,2024-12-21,North America,Office Supplies,Partner Reseller,Raymond Vargas,6,42.76,0,256.56
104894,2024-12-21,North America,Office Supplies,Partner Reseller,Jessica Hoffman,10,98.3,15,835.55
105415,2024-12-21,Europe,Office Supplies,Partner Reseller,Christopher Jones,2,74.1,0,148.2
100177,2024-12-21,Europe,Sporting Goods,Partner Reseller,Michael Wang,6,278.52,0,1671.12
105180,2024-12-22,North America,Office Supplies,Online,James Anderson,5,141.25,0,706.25
103687,2024-12-22,Middle East & Africa,Sporting Goods,Online,John Jackson,3,34.44,10,92.99
104263,2024-12-22,Europe,Electronics,Partner Reseller,David Hernandez,4,719.79,5,2735.2
105198,2024-12-22,Asia Pacific,Apparel,Online,Bethany Neal,1,99.33,0,99.33
102750,2024-12-22,Asia Pacific,Sporting Goods,Partner Reseller,Travis Price,12,346.59,20,3327.26
102629,2024-12-22,Europe,Home & Garden,Online,Karen Chambers,11,20.51,0,225.61
100360,2024-12-22,Latin America,Sporting Goods,Partner Reseller,Parker Cain,4,252.44,0,1009.76
102419,2024-12-22,North America,Office Supplies,Online,David Robles,9,80.21,10,649.7
103286,2024-12-22,Europe,Home & Garden,Retail Store,Andrew Johnson,4,367.85,20,1177.12
104165,2024-12-23,Europe,Home & Garden,Online,Ashley Jones,9,332.82,10,2695.84
101488,2024-12-23,Asia Pacific,Sporting Goods,Online,Jacob Erickson,8,229.93,0,1839.44
100963,2024-12-23,Asia Pacific,Office Supplies,Online,Tom Foster,12,91.74,10,990.79
103435,2024-12-23,North America,Apparel,Online,John Robles,4,125.86,0,503.44
102435,2024-12-23,Europe,Home & Garden,Retail Store,Patrick Harris,1,270.41,0,270.41
100060,2024-12-23,North America,Home & Garden,Partner Reseller,Victoria Garcia,2,116.82,15,198.59
105307,2024-12-23,Latin America,Electronics,Online,Margaret White,3,632.62,10,1708.07
105934,2024-12-23,Asia Pacific,Apparel,Partner Reseller,Nicole Edwards,8,55.4,0,443.2
100406,2024-12-23,Asia Pacific,Office Supplies,Retail Store,Lori Hernandez,6,122.54,0,735.24
103292,2024-12-23,Asia Pacific,Home & Garden,Online,Ralph Dominguez,7,30.1,20,168.56
101581,2024-12-24,Asia Pacific,Electronics,Online,David Mcdaniel,2,208.4,10,375.12
105457,2024-12-24,Asia Pacific,Apparel,Online,Karen Hughes,6,62.02,10,334.91
100566,2024-12-25,North America,Electronics,Retail Store,Paula Lane,3,1120.96,5,3194.74
103679,2024-12-25,Middle East & Africa,Home & Garden,Online,Jennifer Ortiz,12,355.65,10,3841.02
104011,2024-12-25,Middle East & Africa,Office Supplies,Online,Sherry Porter,8,155.07,0,1240.56
101918,2024-12-25,Europe,Sporting Goods,Partner Reseller,Patricia Williams,2,464.24,10,835.63
103234,2024-12-25,Middle East & Africa,Office Supplies,Online,Amanda Meadows,8,47.04,5,357.5
101381,2024-12-25,Latin America,Sporting Goods,Retail Store,Debbie Dunn,7,170.99,5,1137.08
104845,2024-12-25,Middle East & Africa,Apparel,Online,Amy Watts,11,47.84,20,420.99
103258,2024-12-25,Asia Pacific,Home & Garden,Online,Dustin Harris,11,160.49,0,1765.39
104748,2024-12-25,North America,Sporting Goods,Online,Donald Jackson,12,130.59,15,1332.02
104279,2024-12-25,Europe,Sporting Goods,Online,Christina Hudson,6,327.95,0,1967.7
105000,2024-12-26,Latin America,Home & Garden,Retail Store,Jennifer Hurley,9,301.8,0,2716.2
100227,2024-12-26,North America,Home & Garden,Partner Reseller,Michael Warner,9,300.56,0,2705.04
102840,2024-12-26,Middle East & Africa,Apparel,Retail Store,Angel Knight,6,111.8,5,637.26
104425,2024-12-26,Europe,Sporting Goods,Retail Store,Nathaniel Walter,2,162.32,20,259.71
104586,2024-12-26,Asia Pacific,Electronics,Partner Reseller,Bryan Newman,11,1025.1,0,11276.1
102929,2024-12-26,Latin America,Sporting Goods,Online,Ronnie Frazier,11,381.78,0,4199.58
103199,2024-12-26,Middle East & Africa,Home & Garden,Partner Reseller,Lori Gardner,12,57.28,0,687.36
100736,2024-12-26,Europe,Apparel,Retail Store,Charles Turner,1,98.83,5,93.89
103961,2024-12-26,Asia Pacific,Home & Garden,Retail Store,Heather Shaffer,6,34.07,10,183.98
104685,2024-12-26,North America,Office Supplies,Retail Store,Michael Jackson,6,171.4,0,1028.4
103943,2024-12-26,North America,Sporting Goods,Partner Reseller,Patrick Reed,12,480.39,10,5188.21
101266,2024-12-26,Latin America,Office Supplies,Online,Shannon Taylor,7,99.46,0,696.22
104823,2024-12-26,Latin America,Apparel,Partner Reseller,Cassandra Fry,1,10.8,5,10.26
101769,2024-12-27,Asia Pacific,Home & Garden,Online,Alexandra Ho,11,246.83,20,2172.1
101460,2024-12-27,Europe,Apparel,Retail Store,Jacqueline Davis,1,26.36,0,26.36
102317,2024-12-27,Middle East & Africa,Electronics,Retail Store,Lisa Gill,6,871.63,0,5229.78
105398,2024-12-27,Middle East & Africa,Office Supplies,Online,Amber Spencer,4,37.97,0,151.88
103997,2024-12-27,North America,Home & Garden,Partner Reseller,Victoria Lewis,11,356.16,0,3917.76
104950,2024-12-27,Asia Pacific,Apparel,Online,Brad Lee,12,62.92,15,641.78
105214,2024-12-27,Asia Pacific,Sporting Goods,Partner Reseller,David Martinez,12,177.03,0,2124.36
104241,2024-12-28,Latin America,Home & Garden,Partner Reseller,John Browning,8,226.13,15,1537.68
104294,2024-12-28,Europe,Home & Garden,Partner Reseller,Natalie Watson,4,317.39,0,1269.56
101486,2024-12-28,Middle East & Africa,Apparel,Partner Reseller,Steve Miller PhD,11,146.26,0,1608.86
102466,2024-12-28,Latin America,Sporting Goods,Partner Reseller,Bradley Wallace,6,448.5,5,2556.45
104465,2024-12-28,Middle East & Africa,Home & Garden,Retail Store,Julie Johnson,12,63.98,0,767.76
103915,2024-12-28,Asia Pacific,Sporting Goods,Online,Desiree Stafford,3,381.8,0,1145.4
102671,2024-12-28,Asia Pacific,Sporting Goods,Partner Reseller,Antonio Nichols,10,429.07,20,3432.56
103870,2024-12-28,North America,Office Supplies,Retail Store,Tom Perez,1,141.06,10,126.95
102099,2024-12-28,Middle East & Africa,Electronics,Retail Store,Heidi Baldwin,1,457.88,0,457.88
101106,2024-12-28,Latin America,Home & Garden,Partner Reseller,Martha Smith,5,77.11,10,347.0
101226,2024-12-29,Latin America,Sporting Goods,Online,Kimberly Smith,12,213.88,20,2053.25
101658,2024-12-29,Asia Pacific,Sporting Goods,Online,Heather Montes,6,135.27,15,689.88
100773,2024-12-29,Middle East & Africa,Office Supplies,Retail Store,Samuel Wong,10,139.21,0,1392.1
100893,2024-12-29,Asia Pacific,Office Supplies,Online,Cassie Brock,7,175.97,0,1231.79
102993,2024-12-29,Europe,Apparel,Retail Store,Michael Savage,4,146.13,20,467.62
104026,2024-12-29,North America,Home & Garden,Partner Reseller,Eddie Bailey,1,47.55,0,47.55
103969,2024-12-29,Latin America,Office Supplies,Partner Reseller,Thomas Garcia,10,185.96,0,1859.6
104373,2024-12-29,Middle East & Africa,Office Supplies,Online,Patrick Potts,1,182.92,0,182.92
103048,2024-12-29,North America,Electronics,Retail Store,Angela Reyes,3,1180.8,0,3542.4
101290,2024-12-29,Latin America,Office Supplies,Partner Reseller,Mr. Larry Shaw,12,174.87,0,2098.44
102305,2024-12-29,Europe,Sporting Goods,Retail Store,Sharon Wilson,10,269.18,10,2422.62
100572,2024-12-29,North America,Home & Garden,Retail Store,Reginald Knapp,9,243.57,15,1863.31
103651,2024-12-30,North America,Home & Garden,Retail Store,Jessica Wilson,4,218.57,15,743.14
103092,2024-12-30,Latin America,Electronics,Partner Reseller,Shannon Jones,2,192.74,20,308.38
101505,2024-12-30,Latin America,Sporting Goods,Online,Ms. Kelly Holder,8,246.31,10,1773.43
101692,2024-12-30,Middle East & Africa,Office Supplies,Online,Tamara Mcdonald,7,116.91,5,777.45
100817,2024-12-30,North America,Apparel,Online,Beth Cline,3,75.29,0,225.87
100823,2024-12-30,Asia Pacific,Apparel,Retail Store,Jackie Clements,10,40.58,10,365.22
102834,2024-12-30,Latin America,Office Supplies,Retail Store,Joshua King,4,129.92,5,493.7
102724,2024-12-30,Europe,Office Supplies,Partner Reseller,April Turner,3,77.96,5,222.19
100677,2024-12-30,Asia Pacific,Electronics,Retail Store,Joseph Howard,2,610.4,0,1220.8
100344,2024-12-30,Europe,Sporting Goods,Retail Store,Kayla Rodriguez,9,32.62,10,264.22
101636,2024-12-31,Latin America,Office Supplies,Online,Victoria Webb,4,69.0,0,276.0
104544,2024-12-31,Latin America,Apparel,Partner Reseller,Danielle Briggs,5,48.64,0,243.2
104443,2024-12-31,Latin America,Electronics,Partner Reseller,Jeffrey Hall,1,737.1,0,737.1
105224,2024-12-31,Latin America,Electronics,Partner Reseller,Thomas Sparks,1,1164.47,20,931.58
103780,2024-12-31,North America,Electronics,Partner Reseller,Heather Trujillo,5,1180.48,15,5017.04
103921,2024-12-31,Asia Pacific,Electronics,Partner Reseller,Patrick Gibson,4,1088.24,20,3482.37
105960,2024-12-31,North America,Office Supplies,Partner Reseller,Randy Jones,7,79.45,20,444.92
104259,2025-01-01,Latin America,Electronics,Retail Store,Joan Wilson,4,850.05,0,3400.2
102459,2025-01-01,Latin America,Electronics,Retail Store,Frank Brooks,1,600.53,0,600.53
103479,2025-01-01,Middle East & Africa,Home & Garden,Partner Reseller,Evelyn Pacheco,3,106.04,0,318.12
104276,2025-01-01,Europe,Home & Garden,Online,Larry Curtis,5,365.88,20,1463.52
100787,2025-01-01,Asia Pacific,Apparel,Partner Reseller,Elizabeth Mendez,5,126.18,10,567.81
104952,2025-01-01,North America,Electronics,Partner Reseller,Tony Brooks,10,372.0,5,3534.0
101891,2025-01-01,Middle East & Africa,Apparel,Retail Store,Amy Dougherty,8,25.22,15,171.5
100864,2025-01-01,Middle East & Africa,Home & Garden,Partner Reseller,Austin Baker,3,186.79,10,504.33
104460,2025-01-02,Asia Pacific,Sporting Goods,Retail Store,Sara Obrien,2,297.23,20,475.57
103748,2025-01-02,Latin America,Apparel,Retail Store,Amy Leach,5,28.41,0,142.05
101057,2025-01-02,Latin America,Office Supplies,Retail Store,Brian Hunt,2,195.44,0,390.88
102564,2025-01-02,Middle East & Africa,Home & Garden,Retail Store,Martin Hall,10,322.03,10,2898.27
103889,2025-01-02,Europe,Sporting Goods,Retail Store,Amy Diaz,3,242.14,10,653.78
104180,2025-01-02,Europe,Office Supplies,Partner Reseller,Charles Weaver,4,8.31,20,26.59
101677,2025-01-02,Middle East & Africa,Office Supplies,Online,Steven Flores,5,130.51,0,652.55
103858,2025-01-02,North America,Office Supplies,Online,Richard Rivera,7,116.32,0,814.24
104147,2025-01-02,Asia Pacific,Apparel,Partner Reseller,Larry Lloyd,3,40.54,15,103.38
101587,2025-01-03,Latin America,Electronics,Partner Reseller,Patrick Mcneil,6,381.6,5,2175.12
103017,2025-01-03,Latin America,Office Supplies,Retail Store,Christopher Patterson,3,37.3,0,111.9
100555,2025-01-03,Asia Pacific,Office Supplies,Online,Nicole Gonzalez,11,197.17,20,1735.1
101473,2025-01-03,Asia Pacific,Office Supplies,Retail Store,Aaron Little,2,186.18,20,297.89
103043,2025-01-03,Asia Pacific,Home & Garden,Online,Lynn Mueller,9,310.04,20,2232.29
102689,2025-01-03,Asia Pacific,Office Supplies,Online,Michael Lee,2,116.17,0,232.34
104771,2025-01-03,North America,Home & Garden,Partner Reseller,Mary Lewis,3,106.74,0,320.22
104598,2025-01-04,Middle East & Africa,Home & Garden,Online,Stephen Allen,2,389.4,15,661.98
105697,2025-01-04,Latin America,Apparel,Online,Matthew Bennett,9,132.47,0,1192.23
105355,2025-01-04,North America,Apparel,Partner Reseller,Ronnie Medina,6,126.26,5,719.68
105322,2025-01-04,Asia Pacific,Office Supplies,Retail Store,Daniel Gallegos,11,189.22,0,2081.42
104318,2025-01-04,Asia Pacific,Sporting Goods,Retail Store,William Saunders,8,217.34,0,1738.72
102570,2025-01-04,North America,Apparel,Online,Linda Bautista,12,146.81,5,1673.63
105781,2025-01-04,Europe,Home & Garden,Retail Store,Lisa Smith,5,164.04,15,697.17
103584,2025-01-05,Europe,Office Supplies,Partner Reseller,Aimee Fisher,11,178.74,20,1572.91
102548,2025-01-05,Middle East & Africa,Office Supplies,Online,Carol Jackson,8,65.22,0,521.76
105962,2025-01-05,North America,Sporting Goods,Online,Joseph Church,12,475.64,5,5422.3
101467,2025-01-05,Latin America,Sporting Goods,Online,Chad Roach,12,74.0,20,710.4
104515,2025-01-05,Asia Pacific,Office Supplies,Partner Reseller,Heather Hunt,6,158.19,15,806.77
105854,2025-01-05,Latin America,Home & Garden,Online,Kenneth Watkins,10,381.3,15,3241.05
104117,2025-01-05,Middle East & Africa,Office Supplies,Online,Joseph White,5,10.45,0,52.25
105910,2025-01-05,Asia Pacific,Sporting Goods,Partner Reseller,Jason Douglas,3,404.54,0,1213.62
105144,2025-01-05,North America,Office Supplies,Online,Molly White,3,16.68,0,50.04
100873,2025-01-06,Middle East & Africa,Home & Garden,Partner Reseller,Amy Miller,4,184.36,0,737.44
101127,2025-01-06,Middle East & Africa,Office Supplies,Retail Store,Jeffrey Howell,10,8.65,15,73.52
103086,2025-01-06,Middle East & Africa,Apparel,Partner Reseller,Matthew Watson,4,51.87,0,207.48
103843,2025-01-06,Europe,Office Supplies,Retail Store,Scott Gomez,4,20.83,0,83.32
104674,2025-01-06,North America,Sporting Goods,Online,Laura Vaughn,4,255.29,15,867.99
102547,2025-01-06,Asia Pacific,Apparel,Retail Store,Stephen Robles,4,131.42,0,525.68
104007,2025-01-06,North America,Sporting Goods,Online,Bryan Davis DVM,6,395.99,20,1900.75
102499,2025-01-06,Middle East & Africa,Office Supplies,Partner Reseller,Steven Davis,2,103.16,10,185.69
100913,2025-01-07,North America,Electronics,Partner Reseller,Emily Nelson,12,695.54,20,6677.18
104444,2025-01-07,Asia Pacific,Home & Garden,Retail Store,Laura Adams,8,340.36,0,2722.88
101229,2025-01-07,Asia Pacific,Sporting Goods,Retail Store,Michele Cherry,11,46.49,0,511.39
105475,2025-01-07,Europe,Office Supplies,Online,Ryan Kaiser,7,96.74,5,643.32
102887,2025-01-07,North America,Office Supplies,Partner Reseller,Matthew Perez,11,9.72,20,85.54
103169,2025-01-07,Asia Pacific,Sporting Goods,Partner Reseller,Selena Hopkins,6,64.62,0,387.72
101961,2025-01-07,Asia Pacific,Office Supplies,Retail Store,Danielle Wilson,6,164.42,0,986.52
100316,2025-01-07,Asia Pacific,Electronics,Partner Reseller,Lauren Carson,12,466.18,15,4755.04
102402,2025-01-07,North America,Electronics,Retail Store,Gavin Bauer,12,576.58,0,6918.96
105940,2025-01-08,Asia Pacific,Electronics,Partner Reseller,Amber Fernandez,12,471.21,0,5654.52
105837,2025-01-08,North America,Home & Garden,Retail Store,Lance Townsend,10,98.03,0,980.3
103410,2025-01-08,Middle East & Africa,Office Supplies,Partner Reseller,Kimberly Lloyd,9,183.49,5,1568.84
105423,2025-01-08,Latin America,Electronics,Partner Reseller,Alexandra Hodge,3,846.3,15,2158.06
105233,2025-01-08,Europe,Electronics,Partner Reseller,Anthony Berg,11,470.65,5,4918.29
105453,2025-01-08,Europe,Electronics,Retail Store,Stephen Smith,12,515.7,0,6188.4
104576,2025-01-08,Europe,Sporting Goods,Partner Reseller,Amanda Phelps,7,148.16,10,933.41
103747,2025-01-08,Middle East & Africa,Sporting Goods,Online,Anna Lee,9,218.34,10,1768.55
102015,2025-01-08,North America,Sporting Goods,Online,Brian Kim DDS,5,262.85,15,1117.11
100106,2025-01-08,Europe,Sporting Goods,Online,Sharon Cherry,7,125.32,5,833.38
104414,2025-01-08,North America,Home & Garden,Retail Store,John Peterson,2,225.21,5,427.9
104020,2025-01-08,Middle East & Africa,Sporting Goods,Partner Reseller,Gregory Wiggins,11,93.96,5,981.88
101557,2025-01-08,Latin America,Electronics,Partner Reseller,David Moreno,9,493.61,5,4220.37
100674,2025-01-08,North America,Electronics,Retail Store,Zachary Mendoza,9,520.05,20,3744.36
104044,2025-01-08,Europe,Home & Garden,Retail Store,Amanda Arroyo,10,379.84,15,3228.64
102319,2025-01-08,North America,Electronics,Online,Sean Nguyen,10,355.42,5,3376.49
100713,2025-01-09,North America,Sporting Goods,Partner Reseller,Laurie Goodwin,11,457.53,0,5032.83
100391,2025-01-09,Asia Pacific,Office Supplies,Partner Reseller,Laura Mckinney,4,99.42,0,397.68
102057,2025-01-09,Latin America,Electronics,Online,Heidi Graham,10,977.49,5,9286.15
104244,2025-01-09,North America,Office Supplies,Online,Donald Mccarthy,2,7.43,0,14.86
103247,2025-01-09,Asia Pacific,Apparel,Online,Andrew Christian,1,14.19,20,11.35
101919,2025-01-09,Asia Pacific,Apparel,Partner Reseller,Jesus Jackson,4,111.55,10,401.58
102687,2025-01-10,Latin America,Apparel,Retail Store,Michael Mooney,6,30.41,10,164.21
101739,2025-01-10,Middle East & Africa,Electronics,Online,Laura Bush,10,340.52,20,2724.16
104352,2025-01-10,Middle East & Africa,Electronics,Online,Wesley Henry,6,795.81,0,4774.86
101534,2025-01-10,Latin America,Home & Garden,Retail Store,Michael Henderson,7,68.13,5,453.06
104837,2025-01-10,Middle East & Africa,Sporting Goods,Online,Michael Carter,10,306.26,5,2909.47
103866,2025-01-10,Asia Pacific,Apparel,Retail Store,Steven Anderson,6,142.58,0,855.48
100845,2025-01-11,Latin America,Office Supplies,Partner Reseller,Breanna Ayala,3,32.78,0,98.34
104416,2025-01-11,Latin America,Office Supplies,Online,Devon Roberts,6,24.2,0,145.2
100526,2025-01-11,Europe,Home & Garden,Retail Store,Todd Moore,9,213.66,0,1922.94
104704,2025-01-11,Latin America,Sporting Goods,Partner Reseller,Erika Jenkins,12,40.43,10,436.64
105874,2025-01-11,Middle East & Africa,Home & Garden,Online,Benjamin Mosley,7,103.21,5,686.35
104262,2025-01-11,North America,Office Supplies,Retail Store,Courtney Williams,4,70.37,5,267.41
103240,2025-01-12,Europe,Electronics,Online,Mike Buchanan,9,660.11,0,5940.99
105809,2025-01-12,Latin America,Sporting Goods,Online,Robert Jones,7,435.52,20,2438.91
102903,2025-01-12,North America,Apparel,Retail Store,Zachary White,3,11.73,20,28.15
102655,2025-01-12,Middle East & Africa,Apparel,Retail Store,Matthew Allen,11,83.39,10,825.56
104458,2025-01-12,Asia Pacific,Electronics,Online,Katherine Clarke,5,1134.33,10,5104.48
101744,2025-01-12,Middle East & Africa,Sporting Goods,Online,Toni Miller,5,331.06,20,1324.24
102123,2025-01-13,Latin America,Office Supplies,Partner Reseller,John Moss,5,93.26,0,466.3
105258,2025-01-13,Latin America,Home & Garden,Online,Samantha Noble,1,126.69,20,101.35
103939,2025-01-13,Latin America,Office Supplies,Partner Reseller,Kyle Garza,9,83.69,10,677.89
103936,2025-01-13,Europe,Sporting Goods,Online,Ashley Norman,11,488.67,0,5375.37
101063,2025-01-13,Europe,Home & Garden,Online,Ralph Yoder,7,146.59,15,872.21
100130,2025-01-13,North America,Office Supplies,Partner Reseller,Elizabeth Kelley,2,189.87,0,379.74
103031,2025-01-13,Asia Pacific,Apparel,Online,Danny Campbell,5,137.62,5,653.69
105840,2025-01-13,North America,Sporting Goods,Online,Kimberly Alvarez,11,313.75,0,3451.25
101082,2025-01-13,Latin America,Office Supplies,Partner Reseller,Brenda Gonzalez,10,188.13,10,1693.17
103850,2025-01-13,Europe,Office Supplies,Partner Reseller,Michael Farmer,1,86.28,0,86.28
104784,2025-01-13,North America,Sporting Goods,Online,Joseph Davis,9,21.66,0,194.94
100511,2025-01-13,Europe,Apparel,Retail Store,Curtis Taylor,12,102.21,5,1165.19
104476,2025-01-13,Europe,Home & Garden,Retail Store,Timothy Chavez,6,312.08,20,1497.98
104499,2025-01-14,Middle East & Africa,Sporting Goods,Online,Larry Higgins,4,77.82,0,311.28
103957,2025-01-14,Europe,Apparel,Online,Natalie Huff,4,54.06,5,205.43
100835,2025-01-14,Latin America,Sporting Goods,Online,Timothy Hill,7,322.5,0,2257.5
105913,2025-01-14,North America,Apparel,Online,Jennifer Underwood,10,44.89,0,448.9
100954,2025-01-14,Asia Pacific,Office Supplies,Retail Store,Kristy Hart,5,130.71,5,620.87
105231,2025-01-14,Latin America,Electronics,Online,Andrew Chavez,1,244.0,20,195.2
103262,2025-01-14,Asia Pacific,Apparel,Partner Reseller,Heather Russell,10,125.02,5,1187.69
102873,2025-01-14,North America,Sporting Goods,Online,Joseph Acosta,8,57.78,20,369.79
102024,2025-01-14,Europe,Apparel,Retail Store,John Ramirez,10,89.55,20,716.4
102339,2025-01-14,North America,Office Supplies,Online,Anthony Price,9,46.04,0,414.36
100328,2025-01-14,Asia Pacific,Apparel,Online,Jeremy Sampson,12,72.43,5,825.7
101224,2025-01-14,North America,Electronics,Partner Reseller,Steven Lee,5,824.36,0,4121.8
104723,2025-01-14,North America,Apparel,Online,Arthur Krueger,1,139.94,5,132.94
103875,2025-01-14,Asia Pacific,Office Supplies,Retail Store,Sophia Wolf,5,197.52,0,987.6
103563,2025-01-14,Latin America,Office Supplies,Retail Store,Tracy Wang,2,90.61,20,144.98
104710,2025-01-14,Europe,Home & Garden,Partner Reseller,Richard Bass,2,268.38,10,483.08
105241,2025-01-15,Latin America,Apparel,Online,Christina Powell,8,37.48,10,269.86
104450,2025-01-15,Asia Pacific,Electronics,Partner Reseller,Mr. Ryan Walker,9,403.62,5,3450.95
105614,2025-01-16,Latin America,Sporting Goods,Retail Store,David Nolan,5,133.94,0,669.7
102202,2025-01-16,Latin America,Apparel,Online,Matthew White,12,116.39,20,1117.34
101357,2025-01-16,Middle East & Africa,Office Supplies,Online,Tonya Ellis,10,52.16,0,521.6
102918,2025-01-16,North America,Office Supplies,Retail Store,Michele Bennett,11,179.99,0,1979.89
100904,2025-01-16,Europe,Sporting Goods,Online,Ashley Moreno,7,464.41,0,3250.87
101064,2025-01-16,North America,Sporting Goods,Partner Reseller,Rebekah Greene,11,269.94,10,2672.41
102361,2025-01-16,North America,Apparel,Online,Emily Fleming,10,106.46,5,1011.37
101957,2025-01-16,North America,Sporting Goods,Online,Julie Johnson,2,101.39,0,202.78
104705,2025-01-16,Latin America,Electronics,Partner Reseller,Melanie Ramos,1,748.17,15,635.94
102318,2025-01-16,North America,Office Supplies,Partner Reseller,Julia Cole,9,66.92,15,511.94
105098,2025-01-16,Asia Pacific,Home & Garden,Online,Rebecca Oneill,9,215.13,5,1839.36
101565,2025-01-17,Asia Pacific,Apparel,Online,Tyler Salazar,8,52.46,0,419.68
105721,2025-01-17,Latin America,Apparel,Partner Reseller,Stephanie Salinas,9,23.33,0,209.97
104930,2025-01-17,Latin America,Sporting Goods,Retail Store,Robert Mitchell,1,477.22,0,477.22
103489,2025-01-17,Europe,Home & Garden,Online,Michael Robertson,11,25.81,20,227.13
103046,2025-01-17,Asia Pacific,Office Supplies,Retail Store,Jeffrey Fuller,8,157.72,0,1261.76
105863,2025-01-17,Europe,Electronics,Retail Store,Michael Walker,8,172.14,0,1377.12
100452,2025-01-18,Europe,Electronics,Partner Reseller,Alexander Brown,11,380.68,10,3768.73
100804,2025-01-18,Middle East & Africa,Apparel,Online,Kimberly Fritz,7,132.85,20,743.96
103351,2025-01-18,Asia Pacific,Electronics,Online,Billy Wallace,3,1037.19,5,2955.99
100924,2025-01-18,Europe,Sporting Goods,Retail Store,Danielle Murray,4,170.66,10,614.38
102898,2025-01-18,North America,Sporting Goods,Partner Reseller,Angela Smith,11,309.62,15,2894.95
100691,2025-01-19,Middle East & Africa,Sporting Goods,Partner Reseller,Pamela Gutierrez,1,460.24,20,368.19
105170,2025-01-19,Latin America,Sporting Goods,Retail Store,Eric Woods,4,106.08,15,360.67
104101,2025-01-19,Middle East & Africa,Apparel,Partner Reseller,Carrie Coffey,8,58.99,0,471.92
101345,2025-01-19,Middle East & Africa,Office Supplies,Partner Reseller,Aaron Moore,9,139.48,20,1004.26
104536,2025-01-19,North America,Apparel,Partner Reseller,John Zavala,7,66.0,0,462.0
101733,2025-01-19,Middle East & Africa,Apparel,Retail Store,Richard Munoz,4,16.15,5,61.37
103979,2025-01-19,Asia Pacific,Apparel,Online,Stacy Werner,10,76.17,0,761.7
101210,2025-01-19,North America,Sporting Goods,Retail Store,Mary Henry,2,66.9,15,113.73
101588,2025-01-20,Latin America,Electronics,Online,Andrea Ho,7,622.27,15,3702.51
104045,2025-01-20,Latin America,Home & Garden,Retail Store,Kevin Mccullough,8,118.18,5,898.17
105586,2025-01-20,Europe,Electronics,Retail Store,Juan Galvan,10,290.53,0,2905.3
104969,2025-01-20,North America,Apparel,Retail Store,Jesse Davis,3,138.17,0,414.51
103153,2025-01-20,North America,Office Supplies,Partner Reseller,Ethan Jones,11,74.31,0,817.41
100125,2025-01-20,Latin America,Sporting Goods,Retail Store,Erin Edwards,10,416.35,0,4163.5
104594,2025-01-20,Middle East & Africa,Home & Garden,Online,Jennifer Edwards,6,176.19,20,845.71
100097,2025-01-20,Middle East & Africa,Sporting Goods,Online,Deborah Figueroa,9,418.67,5,3579.63
101075,2025-01-20,North America,Sporting Goods,Partner Reseller,Brandon Kelly,10,84.36,5,801.42
102129,2025-01-20,Europe,Electronics,Partner Reseller,Valerie Gonzalez,1,325.93,0,325.93
100246,2025-01-20,Middle East & Africa,Electronics,Partner Reseller,Krista Gibson,11,762.07,20,6706.22
103241,2025-01-21,Europe,Electronics,Online,Phillip Turner,10,649.43,10,5844.87
105298,2025-01-21,Middle East & Africa,Electronics,Retail Store,Meagan Charles,3,1147.81,10,3099.09
104076,2025-01-21,North America,Office Supplies,Retail Store,Cathy Farmer,4,8.88,5,33.74
102828,2025-01-21,Middle East & Africa,Home & Garden,Retail Store,Stephen Anderson,4,198.28,15,674.15
103893,2025-01-21,Asia Pacific,Apparel,Online,Jeffrey Joyce,11,100.87,0,1109.57
100397,2025-01-21,Latin America,Home & Garden,Partner Reseller,Gary Jackson,9,92.8,0,835.2
105079,2025-01-21,Latin America,Home & Garden,Partner Reseller,Bonnie Woods,11,78.42,10,776.36
103758,2025-01-22,Asia Pacific,Apparel,Partner Reseller,Paul Guzman,9,140.33,0,1262.97
102392,2025-01-22,North America,Apparel,Partner Reseller,Peter Stephenson,11,129.75,0,1427.25
104734,2025-01-22,Asia Pacific,Apparel,Partner Reseller,James Weber,5,46.09,15,195.88
105757,2025-01-22,Middle East & Africa,Electronics,Online,Jeremy Chavez,3,179.08,15,456.65
105009,2025-01-22,Latin America,Home & Garden,Online,Matthew Giles,8,161.12,15,1095.62
102257,2025-01-22,Europe,Electronics,Online,Jeremy Hunter,11,394.38,0,4338.18
102373,2025-01-22,North America,Apparel,Online,Melissa Smith,3,68.28,5,194.6
101977,2025-01-22,Europe,Sporting Goods,Retail Store,Mr. Thomas Garcia,12,371.88,5,4239.43
103647,2025-01-22,Latin America,Office Supplies,Partner Reseller,Sonia Reyes,2,29.93,0,59.86
102383,2025-01-22,Latin America,Home & Garden,Online,Krystal Jones,4,79.72,0,318.88
101255,2025-01-22,Asia Pacific,Apparel,Online,Brett Swanson,9,68.63,0,617.67
104525,2025-01-22,Europe,Home & Garden,Retail Store,Richard Chandler,5,109.59,0,547.95
101396,2025-01-22,Latin America,Apparel,Partner Reseller,Alejandro Martinez,8,90.16,0,721.28
100654,2025-01-23,Middle East & Africa,Apparel,Partner Reseller,Robert Dennis,6,144.48,15,736.85
101841,2025-01-23,North America,Home & Garden,Online,Mark Mills,12,346.87,0,4162.44
101222,2025-01-23,North America,Electronics,Retail Store,Thomas Short,10,161.67,15,1374.19
105833,2025-01-23,North America,Electronics,Online,Travis Powell,8,141.8,20,907.52
105372,2025-01-23,North America,Apparel,Partner Reseller,Scott Wood,4,98.02,0,392.08
103900,2025-01-23,Europe,Office Supplies,Online,Travis Schmidt,3,156.24,15,398.41
103036,2025-01-23,Europe,Apparel,Online,Lindsay Rogers,7,29.83,0,208.81
103381,2025-01-23,North America,Home & Garden,Partner Reseller,Sherri Smith,7,115.52,0,808.64
100018,2025-01-23,Asia Pacific,Office Supplies,Retail Store,Lisa Jackson,10,88.54,5,841.13
103806,2025-01-23,Middle East & Africa,Home & Garden,Partner Reseller,Joseph Durham,10,48.77,15,414.55
102775,2025-01-24,Middle East & Africa,Electronics,Partner Reseller,Ryan Palmer,8,102.17,10,735.62
103021,2025-01-24,Latin America,Electronics,Partner Reseller,Shannon Cowan,5,686.22,0,3431.1
102648,2025-01-24,Asia Pacific,Office Supplies,Partner Reseller,Timothy Galvan,4,135.28,15,459.95
103300,2025-01-24,Latin America,Electronics,Retail Store,Cameron White,11,1068.16,0,11749.76
101701,2025-01-24,Europe,Home & Garden,Retail Store,Rebecca Nguyen,12,134.26,15,1369.45
105304,2025-01-24,Asia Pacific,Sporting Goods,Partner Reseller,Melissa Grant,11,496.36,0,5459.96
103099,2025-01-24,Middle East & Africa,Apparel,Partner Reseller,Susan Mitchell DVM,9,96.16,0,865.44
104298,2025-01-24,Europe,Electronics,Partner Reseller,Barbara Fields,4,1197.62,15,4071.91
102622,2025-01-24,Latin America,Sporting Goods,Online,Christina White,10,379.39,0,3793.9
104941,2025-01-24,Latin America,Home & Garden,Retail Store,George Bradshaw,10,40.6,20,324.8
101949,2025-01-25,Middle East & Africa,Electronics,Online,Angelica Clark,1,967.49,20,773.99
100343,2025-01-25,Asia Pacific,Office Supplies,Online,Nichole Alvarez,4,48.73,20,155.94
100987,2025-01-25,Middle East & Africa,Office Supplies,Retail Store,Nicholas Payne,8,28.82,15,195.98
102259,2025-01-25,Middle East & Africa,Apparel,Partner Reseller,Chad Allison,11,60.64,0,667.04
103105,2025-01-25,Asia Pacific,Home & Garden,Online,Michael Gibson,3,107.66,15,274.53
103767,2025-01-25,North America,Sporting Goods,Partner Reseller,Catherine Maxwell,7,393.88,0,2757.16
105528,2025-01-25,Middle East & Africa,Home & Garden,Online,Stacey Rodriguez,5,201.52,0,1007.6
105207,2025-01-25,Middle East & Africa,Home & Garden,Online,Kyle Brown,2,201.24,5,382.36
103103,2025-01-25,Latin America,Sporting Goods,Retail Store,Paul Ross,9,192.2,0,1729.8
102864,2025-01-26,Middle East & Africa,Apparel,Partner Reseller,Derrick Perkins,8,21.38,5,162.49
104718,2025-01-26,Latin America,Sporting Goods,Retail Store,Richard Brewer,3,498.95,20,1197.48
101479,2025-01-26,Latin America,Apparel,Online,Ashley Mills,7,34.92,0,244.44
105054,2025-01-26,North America,Sporting Goods,Online,Connie Neal,6,282.98,0,1697.88
100915,2025-01-26,Europe,Sporting Goods,Retail Store,Brittney Martin,10,466.26,0,4662.6
105021,2025-01-26,North America,Sporting Goods,Online,Lori Holland,9,347.33,0,3125.97
105626,2025-01-27,Asia Pacific,Sporting Goods,Partner Reseller,Michael Rosario,12,295.01,0,3540.12
101988,2025-01-27,Latin America,Office Supplies,Partner Reseller,Carlos Miller,7,15.92,0,111.44
102794,2025-01-27,Europe,Sporting Goods,Partner Reseller,Colton Williams,10,171.78,10,1546.02
100567,2025-01-27,North America,Sporting Goods,Partner Reseller,Lauren Jackson,12,117.11,0,1405.32
102980,2025-01-27,Asia Pacific,Home & Garden,Retail Store,Brandon Owens,7,333.77,0,2336.39
105056,2025-01-27,North America,Electronics,Retail Store,Scott Ayers,6,235.6,0,1413.6
105758,2025-01-27,Europe,Home & Garden,Online,Jennifer Nguyen,11,44.09,15,412.24
105095,2025-01-27,Middle East & Africa,Office Supplies,Retail Store,Jacqueline Hall,1,64.68,10,58.21
101777,2025-01-27,North America,Sporting Goods,Partner Reseller,Michael White,11,271.98,0,2991.78
100310,2025-01-28,North America,Sporting Goods,Partner Reseller,Dr. Paul Morgan,1,306.43,15,260.47
100738,2025-01-28,Europe,Office Supplies,Retail Store,Mr. David Wright,7,89.57,5,595.64
103665,2025-01-28,North America,Office Supplies,Retail Store,Gilbert Reed,2,16.85,10,30.33
102507,2025-01-28,Middle East & Africa,Apparel,Retail Store,Troy Glenn,3,132.09,0,396.27
103208,2025-01-28,Middle East & Africa,Office Supplies,Retail Store,Pedro Long,2,114.98,5,218.46
105579,2025-01-28,Europe,Sporting Goods,Online,Robert Ellison,5,222.95,20,891.8
101352,2025-01-28,North America,Home & Garden,Partner Reseller,Jason Rodriguez,11,56.51,10,559.45
101842,2025-01-28,Middle East & Africa,Sporting Goods,Online,Todd Bishop,2,404.25,0,808.5
105328,2025-01-29,Europe,Sporting Goods,Partner Reseller,Mrs. Dawn Hawkins,12,498.47,0,5981.64
100039,2025-01-29,Latin America,Sporting Goods,Partner Reseller,Brittany Farmer,1,434.64,15,369.44
101704,2025-01-29,North America,Sporting Goods,Retail Store,Valerie Reyes,4,310.33,10,1117.19
101946,2025-01-29,Middle East & Africa,Home & Garden,Online,Willie Lara,1,294.8,10,265.32
100863,2025-01-29,Middle East & Africa,Electronics,Online,Tiffany Townsend,10,822.2,15,6988.7
104694,2025-01-29,Asia Pacific,Apparel,Online,Kathleen Levine,5,26.41,0,132.05
104332,2025-01-29,Latin America,Electronics,Partner Reseller,Gabriel Copeland MD,1,1069.37,5,1015.9
103529,2025-01-29,North America,Apparel,Partner Reseller,Michelle Larsen,3,54.72,20,131.33
102444,2025-01-29,Latin America,Office Supplies,Online,Richard Rodriguez,10,10.24,0,102.4
102116,2025-01-29,North America,Apparel,Partner Reseller,Nancy Chavez,10,39.21,20,313.68
103995,2025-01-30,Latin America,Office Supplies,Partner Reseller,Theresa Luna,1,167.08,10,150.37
104367,2025-01-30,Europe,Apparel,Retail Store,Ryan Gonzalez,11,53.54,15,500.6
104265,2025-01-30,Asia Pacific,Electronics,Online,Meagan Smith,8,147.12,0,1176.96
100426,2025-01-30,Middle East & Africa,Sporting Goods,Online,Jenna Larson,5,342.93,15,1457.45
104198,2025-01-31,North America,Office Supplies,Partner Reseller,Valerie Ford,12,133.05,10,1436.94
102263,2025-01-31,Europe,Sporting Goods,Partner Reseller,Heather Ortega,2,48.12,0,96.24
104340,2025-01-31,Europe,Home & Garden,Partner Reseller,Roger Weaver,7,391.71,0,2741.97
103718,2025-01-31,Asia Pacific,Electronics,Partner Reseller,Edward Wallace,1,699.69,20,559.75
103433,2025-01-31,Asia Pacific,Office Supplies,Retail Store,Kari Sandoval,1,51.02,0,51.02
103154,2025-01-31,Asia Pacific,Sporting Goods,Retail Store,Steven Thomas,1,379.87,0,379.87
105865,2025-01-31,Middle East & Africa,Home & Garden,Online,Cassidy Bailey,12,268.54,0,3222.48
105407,2025-01-31,Europe,Apparel,Partner Reseller,Tony Moore,1,88.49,20,70.79
104933,2025-02-01,North America,Home & Garden,Online,Jessica Johnson,7,294.2,10,1853.46
102456,2025-02-01,Middle East & Africa,Apparel,Partner Reseller,John Alvarado,3,25.63,5,73.05
101443,2025-02-01,Middle East & Africa,Home & Garden,Retail Store,Glenn Collins DDS,8,364.14,0,2913.12
105424,2025-02-01,North America,Apparel,Online,Rachel Yang,9,35.98,0,323.82
103160,2025-02-01,Asia Pacific,Sporting Goods,Retail Store,Wanda Conley,5,499.65,0,2498.25
104172,2025-02-01,Middle East & Africa,Office Supplies,Partner Reseller,Christina Reese,6,173.38,5,988.27
104751,2025-02-01,Europe,Apparel,Partner Reseller,Jonathan Perez,4,52.31,0,209.24
105216,2025-02-01,Middle East & Africa,Office Supplies,Retail Store,Thomas Bowman MD,3,36.8,5,104.88
102778,2025-02-02,Latin America,Home & Garden,Online,Joshua Miranda,6,189.88,0,1139.28
105482,2025-02-02,Asia Pacific,Apparel,Partner Reseller,Latoya Howell,5,47.58,20,190.32
105821,2025-02-02,Latin America,Sporting Goods,Retail Store,Mary Richardson,8,167.2,0,1337.6
101376,2025-02-02,Latin America,Electronics,Partner Reseller,Karen Fernandez,7,1168.72,10,7362.94
105386,2025-02-02,North America,Apparel,Online,Anthony Hodges,1,48.38,0,48.38
101207,2025-02-02,Middle East & Africa,Sporting Goods,Online,Dawn Rivera,11,241.33,15,2256.44
105174,2025-02-02,Asia Pacific,Sporting Goods,Partner Reseller,Anna Ponce,12,241.51,20,2318.5
102378,2025-02-02,Middle East & Africa,Apparel,Partner Reseller,Johnny Cox,7,61.42,0,429.94
100999,2025-02-02,Asia Pacific,Office Supplies,Online,Elizabeth Sanders,9,183.32,0,1649.88
105906,2025-02-03,Latin America,Home & Garden,Online,Jacqueline Dyer,7,330.54,0,2313.78
101659,2025-02-03,Middle East & Africa,Office Supplies,Online,Andre Terrell,12,176.92,0,2123.04
103732,2025-02-03,Latin America,Apparel,Online,Mr. Joseph Thompson,8,143.09,0,1144.72
104975,2025-02-03,Asia Pacific,Home & Garden,Online,James Robinson,10,349.59,0,3495.9
102763,2025-02-03,Latin America,Office Supplies,Online,Nicholas Duffy,11,154.98,10,1534.3
100635,2025-02-03,Latin America,Sporting Goods,Retail Store,Zachary Michael,7,258.14,15,1535.93
102195,2025-02-03,North America,Home & Garden,Partner Reseller,Terry Woods,6,267.53,15,1364.4
105100,2025-02-04,Latin America,Home & Garden,Retail Store,Damon Schultz,5,104.91,0,524.55
105608,2025-02-04,Latin America,Electronics,Partner Reseller,Laura Roberts,2,300.24,0,600.48
105696,2025-02-04,Asia Pacific,Home & Garden,Retail Store,Danny Butler,1,229.48,15,195.06
103669,2025-02-04,Asia Pacific,Home & Garden,Partner Reseller,Lynn Hoffman,1,354.22,0,354.22
102512,2025-02-04,Latin America,Electronics,Partner Reseller,Austin Ross,12,486.98,10,5259.38
105878,2025-02-04,North America,Office Supplies,Online,Darrell Ibarra,2,30.18,10,54.32
101914,2025-02-04,North America,Office Supplies,Retail Store,Erin Watkins,3,155.24,0,465.72
100415,2025-02-04,Asia Pacific,Home & Garden,Retail Store,Antonio Garcia,2,38.92,5,73.95
102583,2025-02-04,Middle East & Africa,Home & Garden,Retail Store,Emily Griffith,2,322.46,10,580.43
101489,2025-02-04,Europe,Apparel,Retail Store,Deborah Williams,9,127.82,5,1092.86
100538,2025-02-05,Latin America,Sporting Goods,Partner Reseller,Emma Owens,11,109.16,10,1080.68
102006,2025-02-05,Latin America,Home & Garden,Online,Darren Rodriguez,10,95.4,10,858.6
105348,2025-02-05,Asia Pacific,Apparel,Partner Reseller,Ann Peterson,2,57.91,0,115.82
101629,2025-02-05,North America,Electronics,Retail Store,Jesse Riley,1,1171.47,5,1112.9
103987,2025-02-05,Middle East & Africa,Office Supplies,Partner Reseller,Robert Munoz,2,47.59,0,95.18
101736,2025-02-05,Latin America,Home & Garden,Partner Reseller,Larry Lane,11,142.84,20,1256.99
103090,2025-02-05,Europe,Sporting Goods,Online,Lance Rose,4,226.45,0,905.8
104954,2025-02-05,Europe,Electronics,Retail Store,Angel Rojas,10,404.25,0,4042.5
102158,2025-02-05,North America,Electronics,Partner Reseller,Steven Stewart,6,361.61,0,2169.66
100808,2025-02-06,Europe,Office Supplies,Partner Reseller,Patricia Young PhD,8,11.3,0,90.4
101418,2025-02-06,Latin America,Apparel,Partner Reseller,Erika Alvarez,2,104.03,5,197.66
103280,2025-02-06,Europe,Electronics,Retail Store,Tammy Alvarado,8,828.9,5,6299.64
101569,2025-02-06,Asia Pacific,Sporting Goods,Partner Reseller,Joshua Mcbride,12,248.11,20,2381.86
104257,2025-02-06,Asia Pacific,Home & Garden,Partner Reseller,Kelly May,2,81.37,0,162.74
102077,2025-02-06,North America,Home & Garden,Online,Dawn Burke,3,26.36,0,79.08
105889,2025-02-06,North America,Office Supplies,Online,Steven Stone,4,185.51,15,630.73
101211,2025-02-06,Asia Pacific,Home & Garden,Online,Heather Bowers,5,294.22,0,1471.1
105712,2025-02-07,Middle East & Africa,Home & Garden,Partner Reseller,Valerie Lopez,12,381.04,0,4572.48
100831,2025-02-07,Europe,Sporting Goods,Partner Reseller,Richard Stevens,4,421.12,10,1516.03
100829,2025-02-07,Middle East & Africa,Electronics,Partner Reseller,Kenneth Knight,3,1142.0,20,2740.8
101314,2025-02-07,Asia Pacific,Electronics,Partner Reseller,Marie Boyd,1,899.44,0,899.44
100861,2025-02-07,Europe,Apparel,Retail Store,Bonnie Valencia,10,64.95,15,552.07
105315,2025-02-07,Asia Pacific,Apparel,Retail Store,Joshua Martinez,11,64.74,10,640.93
101760,2025-02-08,Europe,Electronics,Partner Reseller,Grace Miller,9,94.37,15,721.93
103149,2025-02-08,Latin America,Home & Garden,Retail Store,Richard Bailey,10,79.5,15,675.75
104243,2025-02-08,Asia Pacific,Sporting Goods,Online,Olivia Rodriguez,5,235.76,0,1178.8
100482,2025-02-08,Middle East & Africa,Home & Garden,Retail Store,Evelyn Martinez,12,304.62,20,2924.35
103450,2025-02-08,North America,Electronics,Online,Mario Gould,7,989.91,0,6929.37
102409,2025-02-08,Asia Pacific,Apparel,Retail Store,Kristin Phillips,2,88.48,0,176.96
103586,2025-02-08,Europe,Sporting Goods,Partner Reseller,Elizabeth Owens,7,368.58,10,2322.05
101389,2025-02-08,Middle East & Africa,Electronics,Retail Store,Robert Thompson,11,937.02,0,10307.22
101430,2025-02-08,Latin America,Electronics,Retail Store,Adam Brooks,7,1098.96,0,7692.72
105739,2025-02-09,Middle East & Africa,Apparel,Partner Reseller,Lauren Wright,2,53.93,5,102.47
102336,2025-02-09,North America,Office Supplies,Partner Reseller,Charles Scott,3,124.1,10,335.07
101263,2025-02-09,Latin America,Office Supplies,Partner Reseller,Nicholas Humphrey,7,118.05,0,826.35
103466,2025-02-09,Europe,Office Supplies,Online,Jennifer Smith,1,95.32,10,85.79
105860,2025-02-09,Middle East & Africa,Office Supplies,Online,Vanessa Cunningham,8,103.78,0,830.24
100490,2025-02-09,Middle East & Africa,Apparel,Online,Heather Williams,12,121.73,0,1460.76
105116,2025-02-09,Asia Pacific,Office Supplies,Retail Store,Christopher Robbins,3,184.72,10,498.74
100024,2025-02-09,North America,Apparel,Online,Matthew Foster,3,146.06,10,394.36
105248,2025-02-10,Europe,Sporting Goods,Online,Kevin Fischer,10,187.35,15,1592.47
102649,2025-02-10,Middle East & Africa,Electronics,Online,Dr. Susan Navarro,7,146.33,0,1024.31
105397,2025-02-10,Middle East & Africa,Apparel,Online,Kevin Cruz,1,32.36,0,32.36
103632,2025-02-11,North America,Apparel,Online,Christina Hess,5,120.48,0,602.4
104554,2025-02-11,Asia Pacific,Sporting Goods,Retail Store,Erik Small,4,394.83,10,1421.39
103123,2025-02-11,Latin America,Office Supplies,Retail Store,Mary Moss,9,111.69,20,804.17
103834,2025-02-11,Middle East & Africa,Electronics,Retail Store,Jamie Griffin,1,548.08,5,520.68
100580,2025-02-11,Latin America,Apparel,Online,William Evans,6,144.85,20,695.28
103564,2025-02-11,Latin America,Office Supplies,Retail Store,Claudia Brooks,5,113.53,0,567.65
105523,2025-02-11,North America,Office Supplies,Partner Reseller,James Peck,7,146.95,0,1028.65
102050,2025-02-11,Middle East & Africa,Sporting Goods,Retail Store,Alejandro Nguyen,8,74.96,0,599.68
103811,2025-02-11,North America,Electronics,Partner Reseller,Phyllis Schmidt,3,977.29,0,2931.87
104711,2025-02-11,Latin America,Electronics,Partner Reseller,Kelly Harris,8,410.7,20,2628.48
105584,2025-02-11,Europe,Office Supplies,Retail Store,Douglas Blanchard,2,120.2,0,240.4
102723,2025-02-11,Middle East & Africa,Sporting Goods,Online,Joshua Henderson,4,107.26,0,429.04
102146,2025-02-11,Europe,Home & Garden,Partner Reseller,Terry Barajas,1,152.52,0,152.52
102423,2025-02-11,Latin America,Apparel,Partner Reseller,Grant Wood,2,14.4,10,25.92
102063,2025-02-11,North America,Office Supplies,Online,Daniel Flynn,12,79.57,15,811.61
101982,2025-02-11,Latin America,Apparel,Online,Robert Mclean,11,72.16,15,674.7
100362,2025-02-11,Latin America,Home & Garden,Online,Bryan Gomez,9,307.86,10,2493.67
105609,2025-02-11,Asia Pacific,Apparel,Retail Store,Tracey Brooks,1,37.41,0,37.41
100605,2025-02-12,Europe,Electronics,Online,Todd Rosales MD,7,608.38,0,4258.66
101857,2025-02-12,Latin America,Electronics,Retail Store,Erika Gonzalez,4,1159.7,0,4638.8
105992,2025-02-12,Latin America,Apparel,Retail Store,Jason Blackwell,7,148.65,20,832.44
104758,2025-02-12,Middle East & Africa,Home & Garden,Partner Reseller,Antonio Cole,6,90.0,15,459.0
102196,2025-02-12,Middle East & Africa,Apparel,Partner Reseller,Carl Leach,3,74.33,0,222.99
105284,2025-02-12,Middle East & Africa,Home & Garden,Partner Reseller,Tanya Shannon,4,172.53,5,655.61
105440,2025-02-12,Middle East & Africa,Sporting Goods,Online,Emily Riley MD,1,319.66,0,319.66
103559,2025-02-12,North America,Apparel,Partner Reseller,Donald Bell,1,119.82,0,119.82
102773,2025-02-12,North America,Sporting Goods,Retail Store,Traci Craig,1,21.64,20,17.31
101713,2025-02-12,Latin America,Sporting Goods,Online,Ann Montoya,4,99.12,10,356.83
101770,2025-02-12,North America,Electronics,Retail Store,Michael Nixon,11,943.49,15,8821.63
101885,2025-02-13,Latin America,Electronics,Retail Store,Richard Wood,10,478.43,5,4545.09
104662,2025-02-13,Europe,Apparel,Partner Reseller,Victor Taylor,6,137.2,10,740.88
101782,2025-02-13,Europe,Electronics,Retail Store,Mary Houston,7,408.3,0,2858.1
102953,2025-02-13,Latin America,Home & Garden,Partner Reseller,Christian Ford,2,251.28,0,502.56
100788,2025-02-13,Asia Pacific,Electronics,Online,Cesar Wilson,3,131.27,5,374.12
101497,2025-02-14,Asia Pacific,Electronics,Retail Store,James Morgan,1,565.85,0,565.85
100626,2025-02-14,Asia Pacific,Office Supplies,Online,Amy Kelley,6,12.86,0,77.16
100740,2025-02-14,Asia Pacific,Electronics,Online,Eric Rush,9,1079.05,0,9711.45
102484,2025-02-14,Asia Pacific,Sporting Goods,Partner Reseller,Jose Hartman,10,35.49,0,354.9
102056,2025-02-14,Europe,Office Supplies,Partner Reseller,Pamela Morgan,4,194.83,10,701.39
101341,2025-02-14,Asia Pacific,Apparel,Online,Jessica Harris,12,105.96,0,1271.52
105509,2025-02-15,Middle East & Africa,Apparel,Partner Reseller,Edward Tucker,8,95.23,20,609.47
102032,2025-02-15,Latin America,Apparel,Online,Dennis Cooper PhD,10,137.76,5,1308.72
103507,2025-02-15,North America,Office Supplies,Online,Kimberly Rivera,11,155.42,0,1709.62
102693,2025-02-15,Asia Pacific,Home & Garden,Retail Store,Chad Dominguez,10,386.37,5,3670.51
103309,2025-02-15,North America,Apparel,Retail Store,Amy Mccullough,6,98.27,0,589.62
102082,2025-02-15,Europe,Sporting Goods,Partner Reseller,Robert Hopkins,8,228.07,5,1733.33
103787,2025-02-15,Middle East & Africa,Apparel,Online,John Griffith,6,30.51,5,173.91
105894,2025-02-15,Europe,Office Supplies,Retail Store,Timothy Hernandez,7,195.02,0,1365.14
104926,2025-02-15,Europe,Electronics,Partner Reseller,Wendy Perez,7,989.34,20,5540.3
100494,2025-02-15,Europe,Sporting Goods,Retail Store,Meghan Cisneros,9,235.44,10,1907.06
103643,2025-02-16,Latin America,Electronics,Partner Reseller,Melissa Sanchez,3,196.1,0,588.3
103284,2025-02-16,Asia Pacific,Home & Garden,Partner Reseller,Linda Salazar,12,194.29,0,2331.48
104228,2025-02-16,Latin America,Home & Garden,Retail Store,Lance Macdonald DVM,3,18.18,5,51.81
104095,2025-02-16,Latin America,Sporting Goods,Online,Matthew Bartlett,2,256.64,15,436.29
100286,2025-02-16,Latin America,Apparel,Partner Reseller,Joseph Knight,11,123.85,15,1158.0
101620,2025-02-16,Middle East & Africa,Electronics,Retail Store,Karen Ortiz,4,1069.86,0,4279.44
105539,2025-02-17,Europe,Electronics,Retail Store,Kevin Berry,11,930.18,10,9208.78
101085,2025-02-17,Latin America,Office Supplies,Retail Store,Katherine Welch,1,154.21,0,154.21
103826,2025-02-17,Europe,Home & Garden,Retail Store,Alexander Guzman,2,37.78,0,75.56
104042,2025-02-17,Middle East & Africa,Apparel,Retail Store,Elizabeth Gay,11,36.53,5,381.74
105296,2025-02-17,North America,Electronics,Retail Store,Jessica Mckee,5,1108.67,0,5543.35
105267,2025-02-18,Middle East & Africa,Electronics,Partner Reseller,Tracy Santiago,5,894.37,20,3577.48
103642,2025-02-18,Latin America,Apparel,Online,Jessica Hill,6,66.17,10,357.32
102225,2025-02-18,North America,Apparel,Partner Reseller,Nancy Larson,7,147.35,10,928.31
105163,2025-02-18,Latin America,Apparel,Retail Store,Thomas Brewer,7,140.25,10,883.58
100457,2025-02-18,Asia Pacific,Apparel,Retail Store,Brenda Thornton,9,63.29,15,484.17
103521,2025-02-18,North America,Home & Garden,Partner Reseller,Brianna Martin,7,121.05,0,847.35
105587,2025-02-18,North America,Electronics,Partner Reseller,Leslie Diaz,12,1121.63,20,10767.65
100525,2025-02-18,North America,Electronics,Partner Reseller,Joseph Shaw,11,1031.08,0,11341.88
104881,2025-02-18,Middle East & Africa,Office Supplies,Partner Reseller,Sandra Mccoy,7,106.98,20,599.09
102756,2025-02-19,North America,Home & Garden,Retail Store,Vanessa Zimmerman,3,221.72,15,565.39
102144,2025-02-20,Asia Pacific,Office Supplies,Online,Nancy Scott,10,156.03,5,1482.28
103735,2025-02-20,North America,Electronics,Partner Reseller,Richard Mccormick,9,179.63,15,1374.17
100712,2025-02-20,Europe,Apparel,Partner Reseller,Timothy Edwards,9,101.22,0,910.98
100857,2025-02-20,Asia Pacific,Home & Garden,Partner Reseller,Nicole Phillips,4,358.15,0,1432.6
104511,2025-02-20,Latin America,Office Supplies,Online,Jason Williams,4,43.66,0,174.64
104481,2025-02-20,Asia Pacific,Electronics,Retail Store,Teresa Thompson,12,207.14,0,2485.68
102164,2025-02-20,Middle East & Africa,Home & Garden,Online,Karina Vasquez,4,278.08,0,1112.32
102660,2025-02-20,Asia Pacific,Home & Garden,Partner Reseller,Steven Martinez,2,216.29,15,367.69
100089,2025-02-20,Middle East & Africa,Apparel,Retail Store,Aimee Montoya,4,23.07,15,78.44
105274,2025-02-20,Middle East & Africa,Electronics,Retail Store,Maurice Johnson,10,470.64,0,4706.4
102282,2025-02-21,Latin America,Apparel,Online,Natalie Martinez,10,47.69,0,476.9
105001,2025-02-21,Asia Pacific,Home & Garden,Partner Reseller,Jared Chan,5,376.97,5,1790.61
100341,2025-02-21,Asia Pacific,Apparel,Retail Store,Cynthia Morris,9,109.34,10,885.65
101237,2025-02-21,Asia Pacific,Electronics,Retail Store,Nicole Richards,12,458.24,0,5498.88
101025,2025-02-22,North America,Apparel,Partner Reseller,Amanda Hill,9,138.68,10,1123.31
102731,2025-02-22,Asia Pacific,Home & Garden,Retail Store,Lindsey Robinson,8,107.19,0,857.52
105221,2025-02-22,Europe,Sporting Goods,Partner Reseller,Danielle Hamilton,7,105.81,5,703.64
104970,2025-02-22,North America,Electronics,Retail Store,Timothy Howard,3,403.99,0,1211.97
103344,2025-02-22,Europe,Sporting Goods,Partner Reseller,Mark Thomas,6,303.45,10,1638.63
100338,2025-02-22,Middle East & Africa,Electronics,Retail Store,Scott Thomas,5,373.19,15,1586.06
104432,2025-02-22,Europe,Apparel,Retail Store,Timothy Reilly,9,39.15,5,334.73
105066,2025-02-22,Asia Pacific,Electronics,Retail Store,Debra Johnson,1,1019.49,20,815.59
105249,2025-02-22,Asia Pacific,Sporting Goods,Partner Reseller,Amber Chapman,10,456.67,5,4338.36
105494,2025-02-22,North America,Home & Garden,Retail Store,Adrian Levine,7,108.12,15,643.31
103266,2025-02-22,Middle East & Africa,Home & Garden,Online,Luke Hansen,1,63.42,0,63.42
101405,2025-02-22,Latin America,Office Supplies,Partner Reseller,Eddie Adams,1,40.22,15,34.19
100595,2025-02-22,North America,Home & Garden,Retail Store,Sherry Woods,7,48.19,0,337.33
105831,2025-02-22,Europe,Office Supplies,Retail Store,Ann Parker,7,115.18,0,806.26
105158,2025-02-22,Middle East & Africa,Home & Garden,Retail Store,Patrick Bush,2,30.88,20,49.41
103842,2025-02-23,Middle East & Africa,Apparel,Online,Adam Lara,7,19.36,5,128.74
102875,2025-02-23,North America,Apparel,Partner Reseller,Ronald Hines,4,73.83,15,251.02
102468,2025-02-23,Middle East & Africa,Sporting Goods,Online,Jessica Mcdonald,6,39.51,0,237.06
100969,2025-02-23,Latin America,Sporting Goods,Retail Store,Eric Barker,7,163.81,20,917.34
102573,2025-02-23,Asia Pacific,Office Supplies,Online,Maria Roberts,5,108.55,15,461.34
104652,2025-02-23,Asia Pacific,Office Supplies,Online,Andrew Chavez,2,163.55,0,327.1
101767,2025-02-23,Latin America,Electronics,Partner Reseller,Kim James,6,1112.04,15,5671.4
103819,2025-02-24,Middle East & Africa,Office Supplies,Retail Store,Kenneth Smith,1,13.67,20,10.94
102808,2025-02-24,North America,Home & Garden,Partner Reseller,Wendy Wright,6,385.21,0,2311.26
105306,2025-02-24,Europe,Apparel,Partner Reseller,Lauren Trevino,2,98.71,15,167.81
104273,2025-02-24,Latin America,Apparel,Online,Caitlin Harris,7,52.9,0,370.3
104306,2025-02-24,Europe,Home & Garden,Partner Reseller,Adam Merritt,4,278.92,5,1059.9
102517,2025-02-24,Latin America,Home & Garden,Partner Reseller,Louis Patrick,6,306.44,0,1838.64
105595,2025-02-24,Asia Pacific,Home & Garden,Partner Reseller,Joshua Sims,8,282.1,10,2031.12
104092,2025-02-25,Europe,Electronics,Online,James Hart,9,833.79,15,6378.49
101501,2025-02-25,North America,Home & Garden,Online,Nicholas Franklin,1,58.09,15,49.38
104205,2025-02-25,Middle East & Africa,Home & Garden,Online,Chris Rogers,2,318.1,0,636.2
105255,2025-02-26,North America,Home & Garden,Online,Zachary Jones,8,50.27,15,341.84
101138,2025-02-26,North America,Apparel,Partner Reseller,Jason Williams,1,75.36,0,75.36
101274,2025-02-26,Latin America,Home & Garden,Online,John Dixon,7,110.42,10,695.65
102830,2025-02-26,North America,Sporting Goods,Online,Martha Lee,1,108.77,0,108.77
101058,2025-02-26,Middle East & Africa,Office Supplies,Retail Store,Sarah Brooks,4,22.16,10,79.78
105884,2025-02-26,North America,Electronics,Partner Reseller,Patricia Boyd,4,560.88,20,1794.82
101267,2025-02-26,Middle East & Africa,Sporting Goods,Retail Store,Deborah Mercado,6,105.47,0,632.82
101927,2025-02-26,Asia Pacific,Home & Garden,Online,Thomas Sullivan,3,85.87,10,231.85
100699,2025-02-27,North America,Apparel,Retail Store,Brent Hernandez,5,124.43,0,622.15
101745,2025-02-27,Europe,Apparel,Online,Rebecca Edwards,4,57.98,10,208.73
101251,2025-02-27,Europe,Electronics,Retail Store,Daniel Davenport,10,871.55,0,8715.5
102288,2025-02-27,Europe,Office Supplies,Retail Store,Heather Williams,5,55.75,0,278.75
104323,2025-02-27,Middle East & Africa,Home & Garden,Partner Reseller,Melanie Preston,11,369.45,0,4063.95
105117,2025-02-27,Europe,Electronics,Retail Store,Alexander Martin,3,393.08,10,1061.32
103827,2025-02-27,Latin America,Apparel,Partner Reseller,Penny Fernandez,12,101.68,0,1220.16
104760,2025-02-28,Middle East & Africa,Electronics,Online,Holly Sherman,8,499.17,0,3993.36
103051,2025-02-28,Middle East & Africa,Apparel,Partner Reseller,Elizabeth Nichols,10,120.09,15,1020.77
104475,2025-02-28,North America,Office Supplies,Online,Michael Williams,3,192.17,10,518.86
103580,2025-02-28,Latin America,Electronics,Online,Brian Barrett,1,683.79,20,547.03
105964,2025-02-28,Latin America,Home & Garden,Retail Store,Renee Newton,8,258.43,0,2067.44
105078,2025-02-28,Europe,Apparel,Retail Store,Kaitlyn Brown,6,103.38,0,620.28
104375,2025-02-28,North America,Home & Garden,Partner Reseller,Alicia Warren,12,56.17,5,640.34
102486,2025-02-28,Middle East & Africa,Apparel,Partner Reseller,Emily Lopez,6,52.56,5,299.59
104964,2025-02-28,Middle East & Africa,Electronics,Partner Reseller,Molly Mckenzie,7,239.92,20,1343.55
101983,2025-02-28,Asia Pacific,Electronics,Partner Reseller,Eric Cox,11,254.59,0,2800.49
104901,2025-02-28,Latin America,Sporting Goods,Online,Daniel Brewer,9,316.6,0,2849.4
101545,2025-02-28,Europe,Office Supplies,Online,Deanna Webb,5,198.43,0,992.15
105072,2025-03-01,Asia Pacific,Home & Garden,Online,Jeffery York,3,68.9,10,186.03
103547,2025-03-01,Middle East & Africa,Office Supplies,Partner Reseller,Bonnie Barnes,8,136.89,5,1040.36
105998,2025-03-01,Latin America,Electronics,Retail Store,Peter Haynes,2,286.59,15,487.2
103277,2025-03-01,North America,Sporting Goods,Online,Deborah Johnson,11,159.98,5,1671.79
103905,2025-03-01,Middle East & Africa,Home & Garden,Retail Store,Tiffany Phillips,6,15.55,20,74.64
103316,2025-03-01,Asia Pacific,Electronics,Online,Donald Cruz,9,995.49,10,8063.47
100623,2025-03-01,Europe,Office Supplies,Retail Store,Colleen Wright,2,26.25,0,52.5
105374,2025-03-01,North America,Electronics,Partner Reseller,Cathy Barnes,3,847.96,15,2162.3
105281,2025-03-01,Asia Pacific,Electronics,Retail Store,Monica Medina,2,928.36,5,1763.88
102051,2025-03-01,Latin America,Sporting Goods,Partner Reseller,Scott Bradley,11,455.84,15,4262.1
102729,2025-03-01,Asia Pacific,Sporting Goods,Retail Store,Robert Young,9,465.73,20,3353.26
105885,2025-03-02,Latin America,Electronics,Retail Store,Debra Wright,3,396.31,0,1188.93
104612,2025-03-02,Asia Pacific,Electronics,Online,Lisa Hall,1,579.82,0,579.82
105123,2025-03-02,Europe,Sporting Goods,Online,Luke Dixon,1,432.05,5,410.45
101354,2025-03-02,Asia Pacific,Electronics,Online,Tina Walter,2,925.1,10,1665.18
101524,2025-03-02,North America,Office Supplies,Partner Reseller,Nicholas Long,3,57.16,20,137.18
102363,2025-03-02,Asia Pacific,Home & Garden,Partner Reseller,David Bird,12,138.91,5,1583.57
103635,2025-03-02,Asia Pacific,Home & Garden,Partner Reseller,Stephen Parks,9,89.03,20,641.02
102412,2025-03-02,North America,Home & Garden,Retail Store,James Pope,4,318.66,15,1083.44
102009,2025-03-03,Latin America,Apparel,Online,Garrett Wilson,5,33.76,0,168.8
101687,2025-03-03,North America,Apparel,Partner Reseller,Kyle Watkins,3,29.45,0,88.35
102272,2025-03-03,Middle East & Africa,Apparel,Online,Mark Reeves,11,126.08,5,1317.54
101763,2025-03-03,Latin America,Electronics,Partner Reseller,Mark Clark,2,1191.57,5,2263.98
105879,2025-03-03,North America,Electronics,Partner Reseller,Deborah Fox,3,1030.19,10,2781.51
103557,2025-03-03,Asia Pacific,Office Supplies,Partner Reseller,Craig Wagner,9,51.01,0,459.09
101757,2025-03-03,Europe,Office Supplies,Retail Store,Kevin Hernandez,5,146.7,5,696.82
100921,2025-03-03,Europe,Home & Garden,Partner Reseller,David Kelly,7,323.06,0,2261.42
102545,2025-03-03,North America,Apparel,Retail Store,Javier Hays,10,115.64,0,1156.4
104496,2025-03-03,Latin America,Apparel,Retail Store,Robert Byrd,7,42.5,0,297.5
103646,2025-03-03,North America,Electronics,Retail Store,Charles Davila,9,611.54,5,5228.67
103594,2025-03-04,Asia Pacific,Office Supplies,Partner Reseller,Allen Hunt,9,78.38,0,705.42
103577,2025-03-04,North America,Office Supplies,Partner Reseller,Michael Gordon,5,185.97,0,929.85
101432,2025-03-04,Asia Pacific,Sporting Goods,Online,Omar Price,5,398.87,20,1595.48
101009,2025-03-04,North America,Apparel,Online,Blake Orr,12,40.9,0,490.8
103478,2025-03-04,Asia Pacific,Office Supplies,Partner Reseller,Jacob Hart,5,19.7,0,98.5
100153,2025-03-04,Middle East & Africa,Home & Garden,Partner Reseller,Devon Flores,9,178.68,0,1608.12
101204,2025-03-04,Asia Pacific,Office Supplies,Partner Reseller,Michael Lopez,1,138.16,0,138.16
102458,2025-03-04,Asia Pacific,Home & Garden,Retail Store,Katrina Jimenez,10,213.24,15,1812.54
104415,2025-03-04,Asia Pacific,Electronics,Partner Reseller,Lynn King,10,230.06,0,2300.6
104934,2025-03-04,Latin America,Sporting Goods,Online,Rachel Sullivan,12,191.88,0,2302.56
105046,2025-03-05,Middle East & Africa,Home & Garden,Partner Reseller,Nancy Bradford,8,388.35,20,2485.44
103165,2025-03-05,Asia Pacific,Electronics,Online,Harold Mckinney,4,284.53,10,1024.31
105418,2025-03-05,Europe,Office Supplies,Partner Reseller,David Williams,9,169.98,5,1453.33
102495,2025-03-06,Latin America,Sporting Goods,Online,Mark Morrison,8,157.42,0,1259.36
101373,2025-03-06,Latin America,Office Supplies,Retail Store,William Prince PhD,8,190.28,10,1370.02
105503,2025-03-06,Latin America,Apparel,Retail Store,Leslie Case,12,24.35,10,262.98
103579,2025-03-06,Middle East & Africa,Home & Garden,Retail Store,Deanna Mcdonald,8,234.87,10,1691.06
100578,2025-03-06,Europe,Sporting Goods,Online,Melissa Bishop,8,315.72,20,2020.61
100582,2025-03-06,Middle East & Africa,Office Supplies,Partner Reseller,Gregory Peck,12,60.56,0,726.72
100233,2025-03-06,Asia Pacific,Office Supplies,Retail Store,Laura Roberts,9,128.45,15,982.64
100340,2025-03-06,Europe,Electronics,Online,Allison Smith,12,586.29,5,6683.71
100455,2025-03-06,Europe,Home & Garden,Retail Store,Marie Moody,2,385.4,15,655.18
105892,2025-03-06,Asia Pacific,Apparel,Partner Reseller,Beth Sanchez,5,36.78,0,183.9
101257,2025-03-06,Middle East & Africa,Home & Garden,Online,Manuel Mccullough,11,193.72,15,1811.28
103994,2025-03-06,Europe,Sporting Goods,Partner Reseller,Ana Higgins,7,362.82,10,2285.77
104788,2025-03-07,Asia Pacific,Electronics,Online,Charles Ramos,8,228.15,0,1825.2
102688,2025-03-07,Latin America,Home & Garden,Partner Reseller,Jeanne Rose,2,369.68,20,591.49
102312,2025-03-07,Asia Pacific,Office Supplies,Online,Steven Small,8,88.17,10,634.82
102628,2025-03-07,Middle East & Africa,Electronics,Online,Donald Peterson,7,917.69,15,5460.26
103764,2025-03-07,Europe,Electronics,Retail Store,Julie Martin,9,745.35,0,6708.15
100095,2025-03-07,Latin America,Home & Garden,Partner Reseller,Anna Henderson,11,323.55,10,3203.15
101137,2025-03-08,Middle East & Africa,Electronics,Partner Reseller,Bianca Knapp,1,84.6,15,71.91
102148,2025-03-08,North America,Apparel,Retail Store,Amber King,11,132.8,10,1314.72
100985,2025-03-08,North America,Office Supplies,Retail Store,Elizabeth Flores,4,134.87,5,512.51
105681,2025-03-08,Asia Pacific,Office Supplies,Partner Reseller,Caitlin Curry,4,159.42,0,637.68
100041,2025-03-08,Europe,Home & Garden,Retail Store,Fred Smith,8,88.23,0,705.84
100423,2025-03-08,Asia Pacific,Office Supplies,Partner Reseller,Mary Escobar,11,91.16,0,1002.76
104504,2025-03-09,Europe,Electronics,Online,James Brooks,2,731.71,0,1463.42
102969,2025-03-09,Europe,Electronics,Retail Store,Shawn Santos,11,718.87,0,7907.57
101131,2025-03-09,North America,Apparel,Retail Store,Mariah Robles,8,67.94,0,543.52
101583,2025-03-09,Latin America,Home & Garden,Online,Lisa Joseph,6,37.68,0,226.08
100978,2025-03-09,North America,Home & Garden,Online,Derek Wright,5,389.35,0,1946.75
101663,2025-03-09,Asia Pacific,Home & Garden,Online,Jason Crawford,5,35.5,20,142.0
101987,2025-03-09,Middle East & Africa,Sporting Goods,Online,Brenda Perez,3,489.4,15,1247.97
102597,2025-03-09,Europe,Sporting Goods,Online,Timothy Bentley DVM,8,43.62,5,331.51
105819,2025-03-09,Middle East & Africa,Apparel,Retail Store,Rachel Williams,12,124.47,0,1493.64
100142,2025-03-10,Latin America,Sporting Goods,Retail Store,Patricia Rodriguez,3,231.43,0,694.29
100649,2025-03-10,Europe,Sporting Goods,Online,Alexis Harris,3,280.22,5,798.63
101938,2025-03-10,Latin America,Apparel,Partner Reseller,Diana Johnson,11,131.8,10,1304.82
101329,2025-03-10,North America,Apparel,Partner Reseller,Dawn Parker,5,126.84,5,602.49
105359,2025-03-10,Latin America,Office Supplies,Retail Store,Anthony Washington,10,50.64,20,405.12
100834,2025-03-10,Middle East & Africa,Electronics,Retail Store,Bonnie Santos,4,723.96,0,2895.84
104217,2025-03-10,Europe,Electronics,Retail Store,Wesley Brown,7,808.74,20,4528.94
101450,2025-03-10,Europe,Sporting Goods,Retail Store,Joel Wise,3,106.58,0,319.74
102085,2025-03-10,Latin America,Home & Garden,Partner Reseller,Sharon Lester,9,357.44,0,3216.96
102876,2025-03-10,Latin America,Apparel,Online,Amanda Wright,3,32.81,0,98.43
101279,2025-03-11,Latin America,Home & Garden,Partner Reseller,Nancy Webb,5,66.09,0,330.45
105993,2025-03-11,Europe,Office Supplies,Retail Store,Bradley Pacheco,12,125.74,0,1508.88
104192,2025-03-11,Middle East & Africa,Office Supplies,Online,Heather Becker,5,63.35,0,316.75
102816,2025-03-11,Latin America,Sporting Goods,Partner Reseller,Crystal Rogers,11,37.27,0,409.97
102768,2025-03-12,Latin America,Electronics,Online,Dr. Melissa Sullivan DDS,2,1055.9,20,1689.44
104627,2025-03-12,Asia Pacific,Home & Garden,Online,Theresa Smith,11,129.83,0,1428.13
104111,2025-03-12,Middle East & Africa,Office Supplies,Retail Store,Stephanie Kelley,11,94.17,15,880.49
104570,2025-03-12,Asia Pacific,Electronics,Partner Reseller,Cheryl Jackson,9,661.8,15,5062.77
103456,2025-03-12,Asia Pacific,Apparel,Retail Store,Joseph Heath,9,129.16,10,1046.2
103246,2025-03-12,Middle East & Africa,Electronics,Online,Hannah Williamson,6,906.27,5,5165.74
105686,2025-03-12,North America,Apparel,Online,Bryan Tucker,8,131.87,15,896.72
102647,2025-03-12,Asia Pacific,Home & Garden,Online,Lonnie Miller,5,292.8,0,1464.0
102559,2025-03-12,Asia Pacific,Apparel,Retail Store,Vicki Horton,7,72.96,10,459.65
103661,2025-03-12,Latin America,Office Supplies,Retail Store,Albert Nguyen,2,148.02,5,281.24
100147,2025-03-13,Asia Pacific,Office Supplies,Partner Reseller,Stephanie Salazar,5,198.06,10,891.27
101691,2025-03-13,Europe,Home & Garden,Partner Reseller,Julie Anderson,6,391.24,10,2112.7
100743,2025-03-13,North America,Apparel,Partner Reseller,Valerie Taylor,8,142.78,15,970.9
105062,2025-03-13,Asia Pacific,Apparel,Online,Mark Wilson,5,118.96,0,594.8
103163,2025-03-13,North America,Home & Garden,Online,Nicholas Fritz,10,373.59,10,3362.31
100231,2025-03-13,Latin America,Sporting Goods,Retail Store,Susan Serrano,8,349.33,15,2375.44
103880,2025-03-13,Europe,Electronics,Online,Robert Martin,11,1156.38,0,12720.18
105794,2025-03-13,Middle East & Africa,Sporting Goods,Online,Mary Wilkinson,5,196.08,10,882.36
100275,2025-03-13,North America,Office Supplies,Partner Reseller,Matthew Moore,7,120.85,5,803.65
100848,2025-03-13,North America,Apparel,Retail Store,Jessica Bowen,12,23.75,10,256.5
103733,2025-03-13,Europe,Apparel,Partner Reseller,Alexis Arroyo,8,128.67,0,1029.36
105242,2025-03-13,Europe,Home & Garden,Retail Store,Tamara Gonzales,10,337.55,0,3375.5
104592,2025-03-14,Europe,Office Supplies,Partner Reseller,Jennifer Fletcher,9,118.36,20,852.19
104829,2025-03-14,Latin America,Office Supplies,Online,Christopher Sanchez,1,199.63,10,179.67
100608,2025-03-14,Asia Pacific,Electronics,Partner Reseller,Rachel Bradley,2,720.12,10,1296.22
102582,2025-03-14,North America,Office Supplies,Online,Cynthia Miller,9,22.97,20,165.38
103201,2025-03-14,Latin America,Electronics,Retail Store,Jeremy Edwards,2,150.52,0,301.04
100350,2025-03-14,Middle East & Africa,Home & Garden,Partner Reseller,Ana Hill,3,132.09,0,396.27
105506,2025-03-14,Europe,Sporting Goods,Retail Store,Robert Keith,3,473.01,10,1277.13
105996,2025-03-14,North America,Electronics,Online,Thomas Friedman,4,265.85,0,1063.4
104696,2025-03-15,North America,Home & Garden,Online,Cody Davidson,7,241.6,20,1352.96
105465,2025-03-15,Middle East & Africa,Sporting Goods,Retail Store,Leah Collier,10,131.97,0,1319.7
105234,2025-03-15,Latin America,Sporting Goods,Partner Reseller,Joseph Hill,10,65.09,20,520.72
102121,2025-03-15,Middle East & Africa,Electronics,Online,Sandra Hines,2,244.96,15,416.43
100402,2025-03-15,Latin America,Sporting Goods,Retail Store,Mary Thompson,5,332.26,0,1661.3
104253,2025-03-15,Europe,Home & Garden,Online,Barry Hernandez,9,304.0,5,2599.2
102414,2025-03-15,Europe,Home & Garden,Retail Store,Rachel Gibson,7,134.54,15,800.51
104379,2025-03-15,Asia Pacific,Sporting Goods,Retail Store,Heather Morales,6,414.31,20,1988.69
100792,2025-03-15,Middle East & Africa,Electronics,Partner Reseller,Maria Cooke,8,944.8,5,7180.48
105381,2025-03-15,Middle East & Africa,Office Supplies,Retail Store,James Gallagher,10,53.01,0,530.1
101872,2025-03-15,North America,Electronics,Online,Nicholas Fitzgerald,4,165.9,0,663.6
105085,2025-03-15,Middle East & Africa,Electronics,Retail Store,Rebecca Cole,5,1121.42,0,5607.1
102987,2025-03-15,Asia Pacific,Apparel,Retail Store,Erica Johnson,10,127.09,0,1270.9
103553,2025-03-15,North America,Electronics,Retail Store,Kelli Shepard,5,144.49,5,686.33
103195,2025-03-15,Latin America,Office Supplies,Retail Store,Eric Elliott,8,17.73,0,141.84
101421,2025-03-16,North America,Home & Garden,Partner Reseller,Kyle Welch,6,245.93,0,1475.58
102310,2025-03-16,North America,Office Supplies,Online,William Turner,9,181.0,10,1466.1
105849,2025-03-16,Europe,Apparel,Partner Reseller,Katelyn Gray,1,56.62,5,53.79
102886,2025-03-16,Latin America,Home & Garden,Online,Allison Simmons,5,59.37,0,296.85
102277,2025-03-16,Middle East & Africa,Office Supplies,Online,Melody Griffin,12,157.78,0,1893.36
101703,2025-03-16,Middle East & Africa,Sporting Goods,Retail Store,Jason Oliver,1,152.21,0,152.21
102855,2025-03-16,Asia Pacific,Apparel,Online,Bradley Thornton,7,105.77,10,666.35
103353,2025-03-16,Latin America,Sporting Goods,Retail Store,Rodney Perry,1,50.05,0,50.05
104697,2025-03-17,North America,Home & Garden,Retail Store,Michael Anderson,9,212.79,10,1723.6
102947,2025-03-17,Asia Pacific,Apparel,Retail Store,Douglas Sanders,12,14.35,5,163.59
100692,2025-03-17,Middle East & Africa,Office Supplies,Retail Store,Crystal Mann,7,106.9,0,748.3
104753,2025-03-17,Latin America,Apparel,Online,Nicole Hawkins,6,112.47,0,674.82
101877,2025-03-17,North America,Sporting Goods,Online,Joseph Mendoza,12,357.24,0,4286.88
103261,2025-03-17,Middle East & Africa,Home & Garden,Online,Christina Patrick,6,396.41,15,2021.69
100103,2025-03-17,Latin America,Electronics,Partner Reseller,Christine Wright,7,311.65,5,2072.47
101167,2025-03-17,Middle East & Africa,Sporting Goods,Retail Store,Michelle Rodriguez,11,113.92,0,1253.12
101726,2025-03-18,Latin America,Electronics,Online,James Gardner,6,1188.01,20,5702.45
103660,2025-03-18,Latin America,Apparel,Partner Reseller,Vanessa Flores,10,117.77,20,942.16
105314,2025-03-18,North America,Apparel,Partner Reseller,Mrs. Olivia Petersen,12,79.27,0,951.24
103657,2025-03-19,North America,Electronics,Retail Store,Susan Gregory,7,836.92,0,5858.44
100274,2025-03-19,Latin America,Electronics,Partner Reseller,Joyce Bowen,5,143.72,0,718.6
105385,2025-03-19,Middle East & Africa,Office Supplies,Online,Kim Holmes,2,168.9,0,337.8
102513,2025-03-19,Latin America,Sporting Goods,Retail Store,Kelly Kent,2,397.96,0,795.92
100129,2025-03-19,Asia Pacific,Apparel,Partner Reseller,Megan Orr,12,133.24,0,1598.88
104660,2025-03-19,Latin America,Home & Garden,Retail Store,Eric Short,10,27.77,10,249.93
100632,2025-03-19,Middle East & Africa,Apparel,Online,Robert Cummings,2,138.44,0,276.88
104813,2025-03-19,Asia Pacific,Sporting Goods,Partner Reseller,Jaime Williams,12,166.85,10,1801.98
104629,2025-03-19,Latin America,Apparel,Retail Store,Megan Perry,3,44.81,10,120.99
104374,2025-03-19,Asia Pacific,Electronics,Retail Store,Jessica Richardson,4,1130.96,0,4523.84
102605,2025-03-19,Asia Pacific,Home & Garden,Partner Reseller,Robert Mccoy,2,399.89,15,679.81
102494,2025-03-19,Asia Pacific,Office Supplies,Retail Store,Brittany Cisneros,7,109.45,0,766.15
105329,2025-03-19,North America,Apparel,Retail Store,Gary Greer,12,13.33,20,127.97
105265,2025-03-20,North America,Electronics,Online,Derek Hall,1,143.69,10,129.32
102061,2025-03-20,Europe,Apparel,Retail Store,Ryan Davis,2,38.53,0,77.06
102302,2025-03-20,Asia Pacific,Electronics,Online,Mr. Jeremiah Galvan MD,8,340.14,0,2721.12
102179,2025-03-20,Asia Pacific,Apparel,Retail Store,Christine Williams,1,110.68,20,88.54
104714,2025-03-20,Asia Pacific,Apparel,Online,Ana Gibson,12,77.23,20,741.41
104736,2025-03-20,Asia Pacific,Apparel,Online,Peter Patel,4,139.6,10,502.56
101093,2025-03-20,North America,Electronics,Retail Store,Michael Sims,8,207.86,15,1413.45
101792,2025-03-20,Latin America,Office Supplies,Partner Reseller,Tyler Baker,4,85.56,0,342.24
102269,2025-03-20,Asia Pacific,Apparel,Partner Reseller,Angela Edwards,6,12.26,10,66.2
100172,2025-03-20,Latin America,Apparel,Retail Store,Joshua Cooke,5,81.24,5,385.89
102946,2025-03-21,Middle East & Africa,Office Supplies,Retail Store,Tony Smith,8,13.17,0,105.36
103906,2025-03-21,Europe,Apparel,Retail Store,Valerie English,4,41.57,5,157.97
100027,2025-03-21,North America,Electronics,Online,Stephanie Ross,5,1120.59,0,5602.95
104501,2025-03-21,Asia Pacific,Home & Garden,Partner Reseller,Jonathan Porter,4,119.14,0,476.56
100570,2025-03-21,North America,Sporting Goods,Online,Ashley Smith,12,320.29,15,3266.96
104160,2025-03-21,Asia Pacific,Electronics,Retail Store,Gordon Hahn,8,1013.26,0,8106.08
105131,2025-03-21,Europe,Home & Garden,Partner Reseller,Erika Thompson,7,339.05,15,2017.35
101377,2025-03-21,Asia Pacific,Home & Garden,Online,Jennifer Parks,10,131.56,0,1315.6
103220,2025-03-22,North America,Sporting Goods,Retail Store,Brent Harris,4,412.19,20,1319.01
101431,2025-03-22,North America,Home & Garden,Partner Reseller,Justin Foster,3,129.51,5,369.1
102679,2025-03-22,North America,Apparel,Online,William Martinez,9,59.25,15,453.26
100306,2025-03-22,Latin America,Sporting Goods,Retail Store,Edward Burgess,2,315.37,0,630.74
101661,2025-03-22,Asia Pacific,Apparel,Online,Kurt Hancock,11,93.94,0,1033.34
104319,2025-03-22,Middle East & Africa,Office Supplies,Partner Reseller,Michael Preston,5,121.46,10,546.57
105364,2025-03-22,Latin America,Sporting Goods,Online,Natalie Hawkins,2,129.23,0,258.46
103184,2025-03-22,North America,Home & Garden,Partner Reseller,Robert Smith,12,399.29,0,4791.48
102293,2025-03-23,Europe,Electronics,Retail Store,Hayley Mitchell,9,228.26,5,1951.62
101945,2025-03-23,North America,Sporting Goods,Online,Anita Luna,11,137.72,5,1439.17
102866,2025-03-23,Europe,Apparel,Online,Nicholas Richardson,1,128.69,5,122.26
105914,2025-03-23,Europe,Sporting Goods,Retail Store,Amanda Moody,3,389.19,15,992.43
101285,2025-03-23,Middle East & Africa,Office Supplies,Partner Reseller,Sandy Baker,11,159.92,0,1759.12
102256,2025-03-23,Asia Pacific,Home & Garden,Online,Susan Moore,8,384.72,15,2616.1
100956,2025-03-24,North America,Home & Garden,Partner Reseller,Eric Henry Jr.,11,295.19,0,3247.09
101973,2025-03-24,Asia Pacific,Office Supplies,Online,Samantha Cohen,3,97.42,0,292.26
105075,2025-03-24,Asia Pacific,Office Supplies,Online,Trevor Sparks,5,120.26,0,601.3
101500,2025-03-24,Asia Pacific,Sporting Goods,Online,Jacob Duran,2,406.23,0,812.46
103039,2025-03-24,Europe,Apparel,Online,Rebecca Lane,7,86.71,0,606.97
104541,2025-03-24,Europe,Home & Garden,Online,Erin Ortega,4,274.22,20,877.5
101605,2025-03-24,Middle East & Africa,Electronics,Partner Reseller,Kevin Marquez,11,1079.68,5,11282.66
103327,2025-03-24,Asia Pacific,Office Supplies,Partner Reseller,James Griffith,7,162.43,20,909.61
105049,2025-03-24,Latin America,Apparel,Retail Store,Ashley Sullivan,2,96.05,15,163.28
102711,2025-03-24,Asia Pacific,Office Supplies,Online,Mr. Jeffrey Duncan,2,28.34,10,51.01
104401,2025-03-24,Asia Pacific,Electronics,Retail Store,Nicole Anderson,11,1176.73,10,11649.63
103230,2025-03-24,Europe,Sporting Goods,Online,Michael Rodriguez,3,72.09,0,216.27
100136,2025-03-24,Europe,Apparel,Partner Reseller,Robert Potter,9,26.74,20,192.53
105861,2025-03-24,Asia Pacific,Electronics,Retail Store,Tonya Alexander,3,865.77,10,2337.58
102695,2025-03-24,Europe,Office Supplies,Retail Store,Nancy Smith,11,118.27,10,1170.87
100815,2025-03-24,Europe,Office Supplies,Retail Store,Anna Estes,1,28.27,5,26.86
105500,2025-03-24,Asia Pacific,Electronics,Partner Reseller,Edward Guzman,11,503.97,0,5543.67
101789,2025-03-24,Asia Pacific,Apparel,Partner Reseller,Steven Carrillo,1,122.88,5,116.74
100263,2025-03-24,Asia Pacific,Electronics,Partner Reseller,Diane Evans,6,533.64,0,3201.84
101393,2025-03-25,North America,Office Supplies,Retail Store,Robert Woods,8,68.59,15,466.41
100550,2025-03-25,Latin America,Electronics,Partner Reseller,Kelly Lee,4,948.71,0,3794.84
102071,2025-03-25,Europe,Sporting Goods,Retail Store,Patricia Hamilton,6,200.12,15,1020.61
100548,2025-03-25,Latin America,Electronics,Online,Jessica Khan,11,904.31,20,7957.93
100047,2025-03-25,Latin America,Home & Garden,Partner Reseller,Shane Henderson,4,88.11,0,352.44
104461,2025-03-25,Europe,Office Supplies,Online,Michael Burke,8,59.33,5,450.91
104693,2025-03-25,North America,Office Supplies,Retail Store,Belinda Fisher,1,52.94,15,45.0
102593,2025-03-25,Europe,Office Supplies,Retail Store,Jesse Brooks,2,72.96,0,145.92
102245,2025-03-26,Europe,Electronics,Partner Reseller,Ronald Kline,12,1175.26,5,13397.96
101642,2025-03-26,Europe,Sporting Goods,Retail Store,Michelle Krause,6,168.16,0,1008.96
100295,2025-03-26,Europe,Apparel,Online,John Young,8,145.18,20,929.15
104516,2025-03-26,Middle East & Africa,Home & Garden,Retail Store,Timothy Melton,9,334.37,0,3009.33
102804,2025-03-26,Europe,Electronics,Partner Reseller,William Mclaughlin,6,736.52,5,4198.16
102700,2025-03-26,Middle East & Africa,Apparel,Partner Reseller,Miss Leslie Booker,10,24.67,0,246.7
103138,2025-03-26,Europe,Sporting Goods,Online,Jeffrey Hernandez,3,117.96,0,353.88
102042,2025-03-27,Latin America,Sporting Goods,Partner Reseller,Wesley Jensen MD,6,218.75,0,1312.5
100733,2025-03-27,Latin America,Office Supplies,Online,Edgar Hughes,1,63.18,20,50.54
102093,2025-03-27,North America,Office Supplies,Retail Store,Paul Young,7,179.07,15,1065.47
100096,2025-03-27,Middle East & Africa,Apparel,Partner Reseller,Aaron Wise,8,143.01,10,1029.67
100479,2025-03-27,Europe,Home & Garden,Retail Store,Kaylee Hays,12,361.99,10,3909.49
104363,2025-03-27,Asia Pacific,Office Supplies,Online,Martha Williams,9,175.51,20,1263.67
102556,2025-03-27,Middle East & Africa,Home & Garden,Partner Reseller,Eric George,9,140.39,5,1200.33
102904,2025-03-27,Europe,Sporting Goods,Retail Store,Francisco Coleman,7,474.46,15,2823.04
100862,2025-03-28,Europe,Sporting Goods,Retail Store,Holly Vega,2,260.54,5,495.03
104972,2025-03-28,Asia Pacific,Office Supplies,Retail Store,John Ho,1,115.45,0,115.45
100017,2025-03-28,Europe,Apparel,Partner Reseller,Derek Zuniga,12,29.55,10,319.14
103691,2025-03-28,Middle East & Africa,Sporting Goods,Online,Ms. Monique Dougherty MD,7,241.43,0,1690.01
100673,2025-03-28,Middle East & Africa,Office Supplies,Online,Timothy Hayden,5,56.73,0,283.65
101539,2025-03-28,North America,Office Supplies,Partner Reseller,James Todd,7,194.67,5,1294.56
105591,2025-03-29,North America,Home & Garden,Online,Alexandria Vaughn,4,49.72,0,198.88
105409,2025-03-29,North America,Office Supplies,Partner Reseller,Nancy Rowland,2,77.41,20,123.86
104121,2025-03-29,Latin America,Apparel,Partner Reseller,Christina Jenkins,1,87.4,0,87.4
100933,2025-03-29,Europe,Sporting Goods,Retail Store,Samantha Foster,12,488.72,10,5278.18
101316,2025-03-29,Latin America,Apparel,Partner Reseller,Robert Clarke,1,22.95,10,20.66
103441,2025-03-30,Middle East & Africa,Office Supplies,Partner Reseller,Michele Ayala,1,97.21,10,87.49
105025,2025-03-30,North America,Electronics,Retail Store,Steven Morales,4,298.05,0,1192.2
100474,2025-03-30,Asia Pacific,Sporting Goods,Partner Reseller,Robin Thompson,7,57.93,5,385.23
102133,2025-03-30,Asia Pacific,Office Supplies,Online,Jessica Mora,1,61.16,0,61.16
105538,2025-03-30,Middle East & Africa,Sporting Goods,Partner Reseller,Brenda Bradley,2,308.52,20,493.63
101732,2025-03-30,Latin America,Home & Garden,Retail Store,Angela May MD,2,191.63,15,325.77
100188,2025-03-31,Europe,Electronics,Partner Reseller,Madison Poole,2,566.05,20,905.68
102766,2025-03-31,Latin America,Sporting Goods,Online,Jessica Romero,5,93.49,10,420.7
101051,2025-03-31,Europe,Office Supplies,Retail Store,Alexa Buck,5,107.04,10,481.68
105524,2025-03-31,North America,Sporting Goods,Partner Reseller,Rebecca Brooks,5,255.87,0,1279.35
105047,2025-03-31,Asia Pacific,Sporting Goods,Partner Reseller,Sandra Walker,7,202.67,0,1418.69
103891,2025-04-01,North America,Apparel,Online,Jim Rodriguez,11,137.54,20,1210.35
101825,2025-04-01,Latin America,Apparel,Partner Reseller,Anthony Parker,4,135.61,0,542.44
101414,2025-04-01,Middle East & Africa,Sporting Goods,Online,Christopher Pena,1,222.57,0,222.57
103998,2025-04-01,Latin America,Sporting Goods,Retail Store,Joshua Leonard,2,446.85,5,849.01
102690,2025-04-01,Latin America,Electronics,Retail Store,Jennifer Anderson,3,355.41,15,906.3
103250,2025-04-02,Latin America,Office Supplies,Partner Reseller,Dr. Morgan Young,1,131.27,20,105.02
100633,2025-04-02,Europe,Sporting Goods,Retail Store,Robert Reese,2,408.46,20,653.54
105031,2025-04-02,Latin America,Electronics,Partner Reseller,Suzanne Wagner,10,1172.36,15,9965.06
104173,2025-04-02,Latin America,Home & Garden,Online,Brandon Bean,7,127.63,5,848.74
100700,2025-04-02,Latin America,Electronics,Retail Store,Joseph Ochoa,4,1169.2,0,4676.8
100301,2025-04-02,Middle East & Africa,Home & Garden,Retail Store,Heather Fields,2,334.95,0,669.9
103796,2025-04-02,North America,Electronics,Retail Store,David Armstrong,7,632.42,0,4426.94
102014,2025-04-02,Latin America,Apparel,Retail Store,Cassie Lutz,10,81.75,0,817.5
103762,2025-04-02,North America,Sporting Goods,Retail Store,Jeremiah Rowland,10,192.85,0,1928.5
100636,2025-04-02,Europe,Apparel,Retail Store,Timothy Johnson,3,40.06,0,120.18
103840,2025-04-02,North America,Sporting Goods,Online,William Marsh,10,163.3,0,1633.0
102101,2025-04-03,Latin America,Electronics,Partner Reseller,Sarah Bates,6,703.22,5,4008.35
102474,2025-04-03,Asia Pacific,Office Supplies,Partner Reseller,Andrew Gonzalez,7,97.22,0,680.54
105354,2025-04-03,Europe,Sporting Goods,Online,Blake Vega,2,140.09,20,224.14
101507,2025-04-03,North America,Electronics,Retail Store,Alison Short,12,786.06,5,8961.08
101612,2025-04-03,Middle East & Africa,Home & Garden,Online,Susan Cunningham,11,17.75,5,185.49
102358,2025-04-03,Middle East & Africa,Home & Garden,Retail Store,Elizabeth Foster,7,47.3,10,297.99
100757,2025-04-03,Middle East & Africa,Sporting Goods,Retail Store,Melissa Stephens,12,456.97,5,5209.46
105899,2025-04-03,North America,Electronics,Online,Linda Lee,10,887.51,0,8875.1
105305,2025-04-04,North America,Home & Garden,Online,James Rodriguez,1,242.02,0,242.02
101627,2025-04-04,Asia Pacific,Office Supplies,Partner Reseller,Michael Carr,2,159.85,20,255.76
101750,2025-04-04,North America,Sporting Goods,Partner Reseller,Nicole Acosta,5,367.99,0,1839.95
105829,2025-04-04,Latin America,Electronics,Retail Store,Christopher Smith,8,779.77,5,5926.25
100163,2025-04-04,North America,Home & Garden,Retail Store,Jeffrey Johnson,12,141.97,5,1618.46
103185,2025-04-04,North America,Sporting Goods,Online,Douglas Watkins,4,83.82,0,335.28
104912,2025-04-04,Asia Pacific,Electronics,Online,Megan Juarez,12,501.03,0,6012.36
103273,2025-04-04,Middle East & Africa,Office Supplies,Retail Store,Tracy Jones,11,130.81,15,1223.07
105012,2025-04-04,Asia Pacific,Office Supplies,Retail Store,Kevin Barton,3,45.56,0,136.68
100651,2025-04-05,Latin America,Electronics,Online,Amber Yang,10,451.54,0,4515.4
101113,2025-04-05,Middle East & Africa,Electronics,Partner Reseller,Brian Gonzalez,12,621.7,10,6714.36
105733,2025-04-05,Europe,Sporting Goods,Retail Store,Laura Sanders,6,470.64,15,2400.26
103477,2025-04-05,Europe,Sporting Goods,Retail Store,William Sanders,2,443.15,15,753.35
100501,2025-04-05,Europe,Sporting Goods,Online,Brian Fitzgerald,4,305.03,5,1159.11
105178,2025-04-06,Middle East & Africa,Home & Garden,Partner Reseller,Matthew Brown,8,51.04,10,367.49
105353,2025-04-06,Europe,Office Supplies,Online,Michael Bell,7,169.81,5,1129.24
104764,2025-04-06,Europe,Home & Garden,Partner Reseller,Ryan Fisher,3,88.02,15,224.45
102084,2025-04-06,Europe,Office Supplies,Online,Mr. Scott Miller,11,73.82,20,649.62
105345,2025-04-06,Europe,Office Supplies,Online,Danielle Hester,11,89.66,5,936.95
105978,2025-04-06,Latin America,Sporting Goods,Online,April Ryan,1,401.41,15,341.2
103571,2025-04-06,Middle East & Africa,Home & Garden,Online,Michael Baker,7,55.69,0,389.83
103143,2025-04-06,North America,Sporting Goods,Online,Jeffrey Maldonado DDS,5,340.64,20,1362.56
100824,2025-04-06,Middle East & Africa,Electronics,Online,Aaron Schroeder,6,208.49,5,1188.39
101609,2025-04-07,North America,Apparel,Online,Jack Mills,12,105.28,0,1263.36
100119,2025-04-07,Europe,Electronics,Online,Jeffrey Chandler,11,743.15,0,8174.65
101040,2025-04-07,Europe,Home & Garden,Retail Store,Danielle Bryant,4,200.16,5,760.61
103898,2025-04-07,Middle East & Africa,Electronics,Online,Brittany Heath,3,633.7,0,1901.1
101175,2025-04-07,Latin America,Home & Garden,Online,Janice Petty,11,126.06,0,1386.66
104290,2025-04-07,Europe,Sporting Goods,Partner Reseller,Andre Williams,9,414.01,0,3726.09
104156,2025-04-07,Latin America,Electronics,Partner Reseller,Alicia James,1,141.31,10,127.18
101640,2025-04-07,North America,Home & Garden,Partner Reseller,Justin Stone,7,134.99,10,850.44
101529,2025-04-07,Middle East & Africa,Sporting Goods,Partner Reseller,Patricia Anderson,2,371.62,0,743.24
102896,2025-04-07,Europe,Home & Garden,Online,Brian Hendricks,5,305.36,0,1526.8
103242,2025-04-08,Europe,Office Supplies,Partner Reseller,Thomas Brewer,6,112.69,10,608.53
104207,2025-04-08,Asia Pacific,Apparel,Online,Kirsten Perez,12,26.98,5,307.57
101179,2025-04-08,Middle East & Africa,Sporting Goods,Retail Store,Elizabeth Miles,8,284.98,5,2165.85
101303,2025-04-08,Latin America,Sporting Goods,Retail Store,Carolyn Greer,3,165.96,20,398.3
102438,2025-04-08,Europe,Home & Garden,Partner Reseller,Cory Willis,7,345.24,0,2416.68
100302,2025-04-08,Asia Pacific,Electronics,Retail Store,Megan Le,7,544.68,10,3431.48
104391,2025-04-08,Asia Pacific,Sporting Goods,Online,John Garcia,9,436.22,0,3925.98
102441,2025-04-08,Europe,Sporting Goods,Online,Gina Spencer,8,340.85,15,2317.78
102221,2025-04-08,Middle East & Africa,Sporting Goods,Online,Kaitlyn Heath,5,469.72,15,1996.31
103293,2025-04-08,North America,Electronics,Partner Reseller,Jeffery Taylor,10,1108.31,20,8866.48
102141,2025-04-08,Europe,Electronics,Retail Store,Michael Ellis,12,191.99,0,2303.88
100927,2025-04-08,Middle East & Africa,Apparel,Online,Jacqueline Mccoy,2,31.84,0,63.68
104354,2025-04-08,Latin America,Apparel,Retail Store,Karen Stephens,3,146.3,0,438.9
101001,2025-04-09,Latin America,Electronics,Partner Reseller,Stephen Wood,9,949.03,5,8114.21
105901,2025-04-09,Latin America,Sporting Goods,Retail Store,Kristi Jordan,3,81.17,5,231.33
100781,2025-04-09,North America,Electronics,Partner Reseller,Amy Garcia,1,531.85,10,478.67
100287,2025-04-09,Middle East & Africa,Electronics,Retail Store,Carolyn Miller,7,803.55,10,5062.36
102469,2025-04-09,Europe,Office Supplies,Online,Robert Stewart,11,195.48,20,1720.22
100065,2025-04-09,Latin America,Office Supplies,Online,Amber Kidd,2,6.89,15,11.71
105991,2025-04-09,Asia Pacific,Electronics,Partner Reseller,Caitlin Howard,10,570.2,10,5131.8
101875,2025-04-09,Latin America,Office Supplies,Partner Reseller,Abigail Baird,11,138.6,10,1372.14
104824,2025-04-10,Latin America,Apparel,Partner Reseller,Dr. Jose Gray DDS,7,82.94,20,464.46
104805,2025-04-10,Latin America,Sporting Goods,Online,James Williams,3,375.83,0,1127.49
105362,2025-04-10,Asia Pacific,Electronics,Partner Reseller,Cassidy Carter,12,877.75,10,9479.7
103971,2025-04-10,Middle East & Africa,Apparel,Partner Reseller,Kelly Miller,5,132.79,0,663.95
102737,2025-04-10,Latin America,Sporting Goods,Online,Melissa Lee MD,1,59.55,5,56.57
104688,2025-04-10,North America,Office Supplies,Retail Store,Paula Lopez,9,159.98,0,1439.82
101482,2025-04-10,Middle East & Africa,Home & Garden,Retail Store,Kenneth Huff,2,153.23,20,245.17
102933,2025-04-10,North America,Office Supplies,Partner Reseller,Vanessa Martinez,9,111.08,0,999.72
103133,2025-04-10,Middle East & Africa,Office Supplies,Online,Eric Kane,2,61.07,20,97.71
105448,2025-04-10,Middle East & Africa,Apparel,Partner Reseller,Victoria Keller,4,95.23,5,361.87
104212,2025-04-10,Latin America,Home & Garden,Retail Store,Regina Butler,7,160.96,0,1126.72
102048,2025-04-10,Middle East & Africa,Office Supplies,Partner Reseller,Matthew Watkins,8,24.44,10,175.97
100747,2025-04-10,North America,Office Supplies,Partner Reseller,Dana Bennett,2,103.4,0,206.8
105126,2025-04-11,North America,Home & Garden,Partner Reseller,Joshua White,7,73.22,0,512.54
102984,2025-04-11,Europe,Home & Garden,Online,Evan Davies,5,245.61,5,1166.65
100363,2025-04-11,Asia Pacific,Home & Garden,Online,Nicole Parrish,5,194.59,5,924.3
105530,2025-04-11,Middle East & Africa,Office Supplies,Retail Store,Spencer Manning,6,37.72,20,181.06
104960,2025-04-11,Latin America,Office Supplies,Online,Christopher Klein,11,85.45,0,939.95
102059,2025-04-11,Latin America,Home & Garden,Online,Donna Williams,3,53.34,10,144.02
101863,2025-04-11,Asia Pacific,Office Supplies,Partner Reseller,Chad Cortez,9,173.75,0,1563.75
101579,2025-04-12,Latin America,Office Supplies,Retail Store,Cody Farmer,1,13.77,0,13.77
101312,2025-04-12,Middle East & Africa,Office Supplies,Retail Store,John Anderson,12,69.6,0,835.2
100048,2025-04-12,Middle East & Africa,Electronics,Partner Reseller,Joshua Blair,1,917.73,0,917.73
105628,2025-04-12,Asia Pacific,Sporting Goods,Partner Reseller,Kristie Hendrix MD,3,82.16,10,221.83
103935,2025-04-12,North America,Sporting Goods,Retail Store,Jon Garza,3,405.65,0,1216.95
104834,2025-04-12,North America,Office Supplies,Online,Mrs. Heather Christensen,9,124.24,0,1118.16
104431,2025-04-12,Europe,Home & Garden,Partner Reseller,Victoria Smith,2,199.12,20,318.59
102198,2025-04-12,Latin America,Office Supplies,Partner Reseller,Billy Williams,10,133.5,15,1134.75
103770,2025-04-12,North America,Sporting Goods,Retail Store,Leon Duncan,6,364.2,0,2185.2
102774,2025-04-12,Middle East & Africa,Electronics,Partner Reseller,Kelly Walker,11,1039.84,0,11438.24
104909,2025-04-12,Europe,Sporting Goods,Partner Reseller,Jennifer Weber,9,132.09,5,1129.37
104102,2025-04-13,North America,Home & Garden,Partner Reseller,Dr. Isabel Smith PhD,7,285.08,0,1995.56
104459,2025-04-13,Europe,Home & Garden,Retail Store,Erica Porter,8,174.11,0,1392.88
103010,2025-04-13,North America,Electronics,Retail Store,Carol Gray,10,458.12,15,3894.02
103320,2025-04-13,Asia Pacific,Office Supplies,Online,Jeffrey Williams,9,5.97,5,51.04
100210,2025-04-13,Asia Pacific,Office Supplies,Online,Christopher Smith,11,79.3,0,872.3
104162,2025-04-13,Asia Pacific,Apparel,Online,Thomas Sellers,10,128.64,0,1286.4
104657,2025-04-13,Asia Pacific,Home & Garden,Partner Reseller,Audrey Taylor,5,343.37,15,1459.32
101759,2025-04-13,North America,Apparel,Online,Kari Lloyd,8,29.13,0,233.04
100320,2025-04-13,Latin America,Electronics,Online,Susan Turner,1,408.66,20,326.93
101125,2025-04-14,Latin America,Office Supplies,Retail Store,Peter Williams,8,179.71,20,1150.14
101547,2025-04-14,Europe,Electronics,Retail Store,Kevin Alvarado,9,111.24,10,901.04
105618,2025-04-14,North America,Office Supplies,Retail Store,Elizabeth Chase,2,183.89,0,367.78
105257,2025-04-14,Latin America,Office Supplies,Partner Reseller,Rhonda Evans,10,69.95,0,699.5
101699,2025-04-14,Latin America,Sporting Goods,Partner Reseller,Christopher Tate,2,95.38,0,190.76
103857,2025-04-14,Middle East & Africa,Sporting Goods,Retail Store,Susan Baker,4,90.81,15,308.75
104984,2025-04-14,Europe,Apparel,Online,Jesse Fleming,7,91.71,5,609.87
103977,2025-04-14,Latin America,Electronics,Partner Reseller,Juan Carroll,5,616.4,20,2465.6
104514,2025-04-14,Middle East & Africa,Apparel,Partner Reseller,Matthew Hamilton,5,144.4,0,722.0
100425,2025-04-14,Latin America,Home & Garden,Online,Gregory Ponce,8,212.6,10,1530.72
100914,2025-04-15,Middle East & Africa,Apparel,Partner Reseller,Dale Chan,5,58.65,0,293.25
103664,2025-04-15,Middle East & Africa,Sporting Goods,Retail Store,James Spears,2,348.84,5,662.8
102592,2025-04-15,Europe,Electronics,Online,Nicholas Scott,10,109.37,20,874.96
104284,2025-04-15,Middle East & Africa,Electronics,Online,Daniel White,9,438.03,10,3548.04
100552,2025-04-15,Europe,Office Supplies,Online,Diana Hays,4,32.15,20,102.88
101656,2025-04-16,Europe,Electronics,Online,Emily Herrera,5,277.21,0,1386.05
100477,2025-04-16,North America,Electronics,Retail Store,Judith Carter,2,867.19,5,1647.66
102440,2025-04-16,Europe,Apparel,Retail Store,Christopher Mcclure,9,23.99,15,183.52
103597,2025-04-16,Asia Pacific,Electronics,Partner Reseller,Beverly Cook,3,512.25,0,1536.75
105070,2025-04-16,North America,Sporting Goods,Retail Store,Stephen Roth,3,85.08,0,255.24
103200,2025-04-16,Asia Pacific,Electronics,Retail Store,Shawn Kim,11,384.43,10,3805.86
104911,2025-04-16,Asia Pacific,Apparel,Online,Maria Malone,4,99.95,0,399.8
102992,2025-04-16,Middle East & Africa,Office Supplies,Partner Reseller,Benjamin Sullivan,6,49.43,0,296.58
104482,2025-04-16,Asia Pacific,Apparel,Online,Teresa Jacobson,11,121.47,0,1336.17
100326,2025-04-17,Asia Pacific,Electronics,Partner Reseller,Brett Burns,2,894.33,5,1699.23
101894,2025-04-17,Latin America,Apparel,Online,Justin Jones,3,136.14,15,347.16
101330,2025-04-17,Latin America,Home & Garden,Retail Store,Michael Fitzgerald,1,25.33,0,25.33
104782,2025-04-17,Europe,Electronics,Partner Reseller,Anthony Garrison,12,543.87,10,5873.8
100187,2025-04-17,North America,Office Supplies,Retail Store,Samantha Garcia,11,18.34,15,171.48
104534,2025-04-17,Middle East & Africa,Home & Garden,Online,April Jones,1,162.19,15,137.86
100533,2025-04-17,Middle East & Africa,Apparel,Partner Reseller,Dr. Michael Evans,10,93.58,5,889.01
100941,2025-04-17,Europe,Sporting Goods,Retail Store,Virginia Casey,3,406.72,5,1159.15
101900,2025-04-17,North America,Sporting Goods,Online,Arthur Reed,5,250.49,5,1189.83
104409,2025-04-17,Europe,Home & Garden,Retail Store,Joseph Murphy,10,272.08,20,2176.64
104347,2025-04-17,North America,Office Supplies,Retail Store,Karen Mendez,7,81.44,15,484.57
100685,2025-04-18,Latin America,Apparel,Partner Reseller,Mr. Michael Scott PhD,12,21.05,0,252.6
104231,2025-04-18,Middle East & Africa,Home & Garden,Partner Reseller,Amy Wright,4,242.91,0,971.64
100255,2025-04-18,Latin America,Electronics,Retail Store,Kristen Davis,11,397.24,10,3932.68
104053,2025-04-18,Europe,Sporting Goods,Retail Store,Dalton Clark,10,102.73,15,873.2
103239,2025-04-18,Middle East & Africa,Sporting Goods,Partner Reseller,Heather Ball,11,209.41,10,2073.16
104139,2025-04-18,North America,Apparel,Retail Store,Sabrina Galvan,10,137.42,10,1236.78
103878,2025-04-18,Asia Pacific,Apparel,Online,Janice Williams,4,134.06,15,455.8
103616,2025-04-18,Asia Pacific,Sporting Goods,Online,Daniel Graham,2,268.15,20,429.04
102452,2025-04-19,Europe,Apparel,Partner Reseller,Chelsea Nichols,9,28.02,5,239.57
105262,2025-04-19,Latin America,Electronics,Partner Reseller,Justin Carter,11,528.72,0,5815.92
105058,2025-04-19,Asia Pacific,Office Supplies,Retail Store,Matthew Stone,6,107.51,5,612.81
102367,2025-04-19,Latin America,Home & Garden,Online,Jennifer Woodard,9,256.07,5,2189.4
100451,2025-04-19,North America,Sporting Goods,Partner Reseller,Courtney Hayes,2,426.62,10,767.92
101618,2025-04-19,Latin America,Electronics,Retail Store,Scott Stephens,6,1036.32,5,5907.02
104385,2025-04-19,North America,Office Supplies,Partner Reseller,Crystal Hernandez,2,139.6,20,223.36
103387,2025-04-19,Latin America,Sporting Goods,Retail Store,Michelle Wilson,2,346.76,5,658.84
100865,2025-04-20,Europe,Sporting Goods,Retail Store,Antonio Mccormick,1,470.8,0,470.8
105130,2025-04-20,Europe,Office Supplies,Retail Store,Tracy Frye,7,131.37,0,919.59
101282,2025-04-20,Europe,Sporting Goods,Retail Store,Terry Ward,6,108.77,15,554.73
102021,2025-04-20,Europe,Sporting Goods,Partner Reseller,Micheal Perkins,6,177.79,0,1066.74
102132,2025-04-20,Asia Pacific,Sporting Goods,Partner Reseller,Travis Wilson,4,118.74,0,474.96
103302,2025-04-20,Asia Pacific,Office Supplies,Partner Reseller,Eduardo Obrien,2,18.83,20,30.13
105018,2025-04-20,Asia Pacific,Electronics,Partner Reseller,Linda Holt,10,321.06,0,3210.6
103267,2025-04-21,North America,Sporting Goods,Partner Reseller,Austin Patterson,9,141.35,0,1272.15
100093,2025-04-21,North America,Electronics,Partner Reseller,Christina Walters,4,951.83,0,3807.32
101931,2025-04-21,Europe,Apparel,Online,Veronica Berry,3,15.47,0,46.41
100553,2025-04-21,North America,Office Supplies,Partner Reseller,Barbara Hester,5,73.41,10,330.34
102041,2025-04-21,North America,Apparel,Online,Katie Myers,9,135.53,20,975.82
102193,2025-04-21,Asia Pacific,Electronics,Partner Reseller,Michael Moore,6,1179.56,10,6369.62
101932,2025-04-21,Asia Pacific,Electronics,Online,Keith Meadows,4,799.5,20,2558.4
103847,2025-04-22,Middle East & Africa,Sporting Goods,Partner Reseller,Trevor Hill,1,193.78,0,193.78
102967,2025-04-22,North America,Electronics,Retail Store,Brandon White,11,374.31,0,4117.41
101622,2025-04-22,Asia Pacific,Electronics,Online,Lisa Grant,1,1065.71,15,905.85
104110,2025-04-23,Middle East & Africa,Office Supplies,Online,Shane Hopkins,1,82.29,10,74.06
105702,2025-04-23,North America,Office Supplies,Retail Store,Matthew Dominguez,8,103.45,5,786.22
102848,2025-04-23,North America,Sporting Goods,Online,Elizabeth Robinson,5,246.7,0,1233.5
104489,2025-04-23,Middle East & Africa,Sporting Goods,Partner Reseller,Alicia Wagner,10,170.27,10,1532.43
105032,2025-04-23,Middle East & Africa,Electronics,Retail Store,Brittany Flowers,1,944.26,20,755.41
103549,2025-04-23,Middle East & Africa,Electronics,Online,Brent Stephens,11,453.81,20,3993.53
104047,2025-04-23,North America,Sporting Goods,Partner Reseller,Amber Turner,7,58.67,0,410.69
103426,2025-04-23,Middle East & Africa,Apparel,Partner Reseller,Megan Baker,9,24.31,0,218.79
104555,2025-04-23,Middle East & Africa,Apparel,Retail Store,Robert Moore,1,72.81,0,72.81
103685,2025-04-24,Europe,Office Supplies,Online,Joanna Bradshaw,9,92.66,0,833.94
104292,2025-04-24,Europe,Electronics,Retail Store,Nicholas Ali,1,569.65,0,569.65
104383,2025-04-24,North America,Sporting Goods,Online,Dennis Jones,8,86.05,10,619.56
100858,2025-04-24,North America,Electronics,Online,Steven Blevins,9,1079.16,15,8255.57
103415,2025-04-24,Latin America,Office Supplies,Online,Jill Reynolds,11,12.47,0,137.17
101879,2025-04-24,Middle East & Africa,Home & Garden,Online,Justin Smith,6,82.3,20,395.04
102814,2025-04-24,Latin America,Electronics,Partner Reseller,Luis Davis,1,452.87,0,452.87
105171,2025-04-24,North America,Office Supplies,Partner Reseller,Nancy Lee,4,90.97,0,363.88
100797,2025-04-24,Middle East & Africa,Home & Garden,Retail Store,Michael Perry PhD,6,120.33,0,721.98
104159,2025-04-24,Europe,Apparel,Partner Reseller,Sarah Mueller,5,118.13,5,561.12
101143,2025-04-24,Asia Pacific,Office Supplies,Retail Store,Matthew Wright,3,67.1,15,171.1
105886,2025-04-24,Asia Pacific,Sporting Goods,Retail Store,Adam Shannon,2,165.3,20,264.48
102031,2025-04-24,Asia Pacific,Sporting Goods,Online,Christina Bates,9,251.18,15,1921.53
101470,2025-04-25,Middle East & Africa,Electronics,Retail Store,Denise Guerra,10,669.14,0,6691.4
101542,2025-04-25,Latin America,Home & Garden,Partner Reseller,Alexis Benson,10,356.72,20,2853.76
104492,2025-04-25,Asia Pacific,Home & Garden,Online,Laura Ramirez,1,40.24,5,38.23
101292,2025-04-25,Latin America,Apparel,Retail Store,Christine Lopez,6,17.62,0,105.72
105986,2025-04-25,Latin America,Sporting Goods,Online,Michael Crawford,9,133.71,5,1143.22
100968,2025-04-25,Middle East & Africa,Home & Garden,Online,Courtney Chapman,8,147.4,10,1061.28
103592,2025-04-25,North America,Sporting Goods,Partner Reseller,Stephanie Hunter,11,298.9,15,2794.71
103777,2025-04-25,Latin America,Apparel,Retail Store,Hector Mcgee,8,16.14,0,129.12
104937,2025-04-26,North America,Office Supplies,Retail Store,Haley Mccoy,4,37.02,20,118.46
101017,2025-04-26,Latin America,Sporting Goods,Online,James Nguyen,3,443.76,20,1065.02
105492,2025-04-26,North America,Electronics,Retail Store,Heather Sweeney,6,800.16,5,4560.91
100221,2025-04-26,North America,Home & Garden,Online,Jeremy Dalton,10,262.06,0,2620.6
105498,2025-04-26,Europe,Office Supplies,Online,Tyler Murray,10,136.98,20,1095.84
102463,2025-04-26,Latin America,Apparel,Online,Scott Foster,1,51.68,10,46.51
103799,2025-04-26,Middle East & Africa,Home & Garden,Retail Store,Richard Dawson,4,99.25,0,397.0
105391,2025-04-26,North America,Apparel,Online,Alexis Pham,12,11.19,20,107.42
100659,2025-04-27,Asia Pacific,Home & Garden,Partner Reseller,Lori Simmons,1,83.42,15,70.91
100765,2025-04-27,North America,Apparel,Retail Store,Laura Griffin,3,124.1,0,372.3
104483,2025-04-27,Latin America,Office Supplies,Partner Reseller,Robert Gonzalez,9,103.34,20,744.05
102792,2025-04-27,Middle East & Africa,Home & Garden,Online,Candice Gomez,10,261.88,20,2095.04
105337,2025-04-27,North America,Home & Garden,Retail Store,David Medina,11,280.31,0,3083.41
101453,2025-04-27,Latin America,Home & Garden,Partner Reseller,Amanda Pineda,12,289.63,5,3301.78
105102,2025-04-27,North America,Home & Garden,Retail Store,Samuel Warren,9,176.03,0,1584.27
105741,2025-04-27,Middle East & Africa,Office Supplies,Online,Eugene Parker,7,87.72,15,521.93
103601,2025-04-27,Latin America,Home & Garden,Online,Elizabeth Miller,7,394.23,5,2621.63
100258,2025-04-27,Asia Pacific,Apparel,Partner Reseller,Denise Davenport,1,55.94,5,53.14
100686,2025-04-28,Middle East & Africa,Office Supplies,Online,Maria Henry,11,161.09,10,1594.79
104358,2025-04-28,Europe,Apparel,Retail Store,Richard Bond,3,45.95,0,137.85
105388,2025-04-28,Europe,Office Supplies,Online,Jennifer Dawson,10,101.4,0,1014.0
102301,2025-04-28,Latin America,Apparel,Partner Reseller,Jennifer Baker,9,71.4,15,546.21
103004,2025-04-28,Middle East & Africa,Office Supplies,Retail Store,Jimmy Hernandez,9,165.13,10,1337.55
102255,2025-04-28,Middle East & Africa,Sporting Goods,Partner Reseller,Brian Soto,12,223.44,10,2413.15
104000,2025-04-28,Europe,Office Supplies,Online,Brianna Ryan,6,159.82,0,958.92
104528,2025-04-28,Europe,Sporting Goods,Retail Store,Nathan Adams,5,211.28,20,845.12
103610,2025-04-28,Asia Pacific,Electronics,Retail Store,Jessica Long,12,1057.81,0,12693.72
101964,2025-04-28,Latin America,Sporting Goods,Online,Lori Alvarez,8,366.24,20,2343.94
104382,2025-04-29,Europe,Office Supplies,Partner Reseller,Jill Barajas,8,108.05,10,777.96
105640,2025-04-29,Middle East & Africa,Office Supplies,Retail Store,Molly Jackson,7,69.44,15,413.17
103481,2025-04-29,Middle East & Africa,Apparel,Partner Reseller,Katherine Wright,2,47.35,5,89.97
102502,2025-04-29,Latin America,Office Supplies,Online,Victor Campbell,4,104.71,20,335.07
100413,2025-04-29,North America,Apparel,Retail Store,Joanna Pacheco,8,63.7,20,407.68
103960,2025-04-29,Middle East & Africa,Apparel,Online,Cody Reyes III,12,29.23,5,333.22
103908,2025-04-29,North America,Electronics,Partner Reseller,David Peters,8,697.37,0,5578.96
104991,2025-04-29,Europe,Apparel,Online,Joshua Navarro,11,120.25,10,1190.48
104590,2025-04-30,Latin America,Home & Garden,Online,Andre Farrell,1,86.93,20,69.54
103566,2025-04-30,Latin America,Sporting Goods,Online,Maria Valenzuela,4,294.09,0,1176.36
100724,2025-04-30,North America,Office Supplies,Online,Mary Miller,10,143.07,20,1144.56
104075,2025-04-30,Middle East & Africa,Electronics,Online,Julie Rodriguez MD,9,809.89,15,6195.66
100359,2025-04-30,Latin America,Apparel,Online,Ronald Davis,12,73.5,0,882.0
104109,2025-05-01,Latin America,Sporting Goods,Retail Store,Daniel Lee,5,303.33,0,1516.65
105140,2025-05-01,North America,Sporting Goods,Partner Reseller,Matthew Mclaughlin PhD,7,487.54,5,3242.14
105376,2025-05-01,North America,Sporting Goods,Partner Reseller,Lee Perez,10,90.6,0,906.0
102844,2025-05-01,Latin America,Sporting Goods,Retail Store,Richard Morales,3,237.04,15,604.45
104521,2025-05-01,Middle East & Africa,Home & Garden,Online,Jamie Lindsey,6,81.46,0,488.76
105088,2025-05-01,Middle East & Africa,Office Supplies,Retail Store,Kimberly Morgan,7,48.54,0,339.78
105979,2025-05-01,North America,Sporting Goods,Online,William Phillips,9,257.66,5,2202.99
103786,2025-05-01,Asia Pacific,Apparel,Partner Reseller,Ashley Sanchez,4,116.4,0,465.6
104479,2025-05-01,Europe,Home & Garden,Retail Store,Crystal Davis,3,81.73,0,245.19
100232,2025-05-01,North America,Electronics,Online,Christopher Parker,3,440.77,0,1322.31
103399,2025-05-01,Asia Pacific,Electronics,Online,Lauren Anthony,12,1145.57,15,11684.81
105425,2025-05-01,Middle East & Africa,Sporting Goods,Online,Michelle Sanders,12,495.37,5,5647.22
100939,2025-05-01,Middle East & Africa,Home & Garden,Online,Curtis Wilkerson,12,328.46,0,3941.52
100802,2025-05-01,Middle East & Africa,Apparel,Retail Store,Reginald Morrow,6,109.45,10,591.03
104287,2025-05-01,Middle East & Africa,Sporting Goods,Retail Store,Tammie Castillo,9,399.76,15,3058.16
104187,2025-05-02,Europe,Office Supplies,Online,Paul Brown,10,149.67,0,1496.7
105101,2025-05-02,North America,Electronics,Retail Store,Catherine Garcia,3,526.96,5,1501.84
104451,2025-05-02,Middle East & Africa,Home & Garden,Retail Store,Christopher Thompson,3,27.47,0,82.41
103739,2025-05-02,Middle East & Africa,Electronics,Online,Dale Beck,10,182.44,0,1824.4
100284,2025-05-02,Asia Pacific,Electronics,Retail Store,Stephanie Williams,3,732.67,0,2198.01
105325,2025-05-02,Latin America,Sporting Goods,Partner Reseller,Yvette Marks,8,195.16,0,1561.28
102746,2025-05-02,Middle East & Africa,Electronics,Partner Reseller,Timothy Thompson,7,130.66,0,914.62
104039,2025-05-02,Middle East & Africa,Sporting Goods,Online,Craig Raymond,10,264.12,0,2641.2
105521,2025-05-02,Asia Pacific,Sporting Goods,Retail Store,Catherine Barker,7,69.26,5,460.58
102496,2025-05-02,Latin America,Apparel,Retail Store,Sharon Baird,6,10.47,20,50.26
102096,2025-05-02,Latin America,Home & Garden,Online,Katherine Brooks,10,246.55,5,2342.22
103815,2025-05-02,Asia Pacific,Office Supplies,Online,Jerry Gilmore,2,23.42,20,37.47
101351,2025-05-02,Latin America,Electronics,Retail Store,Timothy Andrews,8,167.06,20,1069.18
102364,2025-05-02,Middle East & Africa,Electronics,Online,Joe Greene,7,1111.78,15,6615.09
101595,2025-05-02,Europe,Electronics,Partner Reseller,Amanda Forbes,8,147.4,0,1179.2
103593,2025-05-03,Latin America,Home & Garden,Retail Store,Raymond Finley,1,127.75,10,114.98
105676,2025-05-03,Middle East & Africa,Sporting Goods,Online,Anne Medina,10,231.49,5,2199.16
105319,2025-05-03,Latin America,Office Supplies,Retail Store,David Mendoza,11,195.16,20,1717.41
103341,2025-05-03,Europe,Office Supplies,Online,Destiny Bishop,9,32.01,20,230.47
105496,2025-05-03,Europe,Office Supplies,Retail Store,Isabella Taylor,4,72.66,10,261.58
102865,2025-05-03,Asia Pacific,Electronics,Retail Store,Nicole Moore,4,583.42,20,1866.94
105663,2025-05-03,Middle East & Africa,Apparel,Partner Reseller,Troy Ward,12,69.79,0,837.48
101115,2025-05-03,Middle East & Africa,Office Supplies,Partner Reseller,Michael Phillips,3,74.0,10,199.8
101506,2025-05-03,Europe,Apparel,Retail Store,Eric Walker,7,89.72,0,628.04
101930,2025-05-03,Asia Pacific,Office Supplies,Partner Reseller,Kara Roberts,4,28.23,0,112.92
103430,2025-05-04,Europe,Electronics,Online,Austin Grant,11,297.46,10,2944.85
100838,2025-05-04,North America,Apparel,Online,Michael Young,5,120.16,10,540.72
104320,2025-05-04,Asia Pacific,Sporting Goods,Online,Jennifer Ali,3,227.33,15,579.69
102454,2025-05-04,North America,Apparel,Online,Shelley York,12,69.5,15,708.9
105817,2025-05-04,North America,Office Supplies,Online,Crystal Clayton,6,23.08,5,131.56
105142,2025-05-04,Latin America,Electronics,Partner Reseller,Laura Green,10,220.02,0,2200.2
103552,2025-05-04,North America,Office Supplies,Retail Store,Susan Matthews,3,51.91,15,132.37
100697,2025-05-04,Middle East & Africa,Office Supplies,Retail Store,Alicia Li,7,137.76,0,964.32
105649,2025-05-04,Middle East & Africa,Electronics,Retail Store,Willie Morgan,1,320.04,0,320.04
104275,2025-05-04,Europe,Electronics,Retail Store,Bryan Mitchell,1,805.7,0,805.7
102863,2025-05-04,Latin America,Electronics,Online,Kristen Montoya,2,431.08,5,819.05
101832,2025-05-05,North America,Sporting Goods,Retail Store,Pamela Watkins,11,435.15,5,4547.32
105393,2025-05-05,Asia Pacific,Electronics,Online,Christopher Burnett,12,680.85,0,8170.2
105245,2025-05-05,Asia Pacific,Sporting Goods,Online,Sandra Lyons,10,398.52,0,3985.2
102385,2025-05-05,Asia Pacific,Electronics,Partner Reseller,Crystal Mills,1,1083.47,0,1083.47
103484,2025-05-05,Middle East & Africa,Electronics,Partner Reseller,Darlene Collins,8,282.12,10,2031.26
104176,2025-05-05,Europe,Office Supplies,Partner Reseller,Karen Gonzalez,5,122.9,5,583.77
100903,2025-05-05,North America,Home & Garden,Online,Matthew Sweeney,11,164.8,0,1812.8
102242,2025-05-05,Middle East & Africa,Office Supplies,Partner Reseller,Jason Chaney,6,25.35,5,144.5
105226,2025-05-05,Latin America,Home & Garden,Retail Store,Ann Martin,1,356.11,15,302.69
101259,2025-05-05,Latin America,Home & Garden,Partner Reseller,Kevin Cunningham,1,76.51,0,76.51
103963,2025-05-05,Europe,Sporting Goods,Retail Store,Brian Perkins,4,218.49,5,830.26
105631,2025-05-05,Middle East & Africa,Sporting Goods,Online,Anthony Ashley,5,372.81,20,1491.24
101191,2025-05-05,Middle East & Africa,Electronics,Partner Reseller,Ryan Vaughn,5,815.08,20,3260.32
104224,2025-05-05,Latin America,Electronics,Partner Reseller,Kevin Young,2,119.16,10,214.49
103088,2025-05-05,Latin America,Home & Garden,Retail Store,Gary Marshall,1,174.48,0,174.48
100786,2025-05-06,Latin America,Electronics,Online,Lisa Cervantes,11,189.13,0,2080.43
104248,2025-05-06,North America,Apparel,Retail Store,Krista Fuller,3,73.03,0,219.09
100463,2025-05-06,Europe,Sporting Goods,Retail Store,Taylor Carlson,11,284.31,0,3127.41
100496,2025-05-06,Middle East & Africa,Apparel,Retail Store,Austin Osborne,1,130.92,0,130.92
102937,2025-05-06,Asia Pacific,Sporting Goods,Partner Reseller,Martin Wilcox,2,350.14,0,700.28
104508,2025-05-06,Europe,Apparel,Partner Reseller,Elizabeth Sanchez,11,97.96,0,1077.56
103142,2025-05-06,Latin America,Apparel,Partner Reseller,Kirk Moreno,9,27.0,5,230.85
100484,2025-05-06,Middle East & Africa,Apparel,Partner Reseller,Jasmine Beltran,12,63.74,0,764.88
103323,2025-05-06,Asia Pacific,Office Supplies,Partner Reseller,Susan Patrick,1,146.15,0,146.15
104206,2025-05-07,Middle East & Africa,Home & Garden,Online,James Torres,8,343.34,0,2746.72
102584,2025-05-07,Middle East & Africa,Home & Garden,Retail Store,Christopher Wright,11,304.48,5,3181.82
100791,2025-05-07,North America,Sporting Goods,Partner Reseller,Cody Reid,11,42.32,20,372.42
105891,2025-05-07,Europe,Sporting Goods,Online,John Richards,8,359.97,5,2735.77
100357,2025-05-07,Europe,Office Supplies,Retail Store,Jeffery Ortega,11,86.23,0,948.53
104211,2025-05-07,Latin America,Electronics,Partner Reseller,Dylan Young,12,1094.47,20,10506.91
101408,2025-05-07,Latin America,Office Supplies,Online,Jennifer White,1,146.69,10,132.02
105919,2025-05-07,Asia Pacific,Apparel,Retail Store,Amy Baker,1,46.37,15,39.41
101570,2025-05-08,Europe,Home & Garden,Retail Store,Ellen Thornton,8,209.33,20,1339.71
103429,2025-05-08,Middle East & Africa,Apparel,Retail Store,Shannon Curry,11,115.84,0,1274.24
103083,2025-05-08,Asia Pacific,Apparel,Online,Maria Sanford,3,24.91,10,67.26
100652,2025-05-08,Asia Pacific,Home & Garden,Online,David Robinson,6,368.73,0,2212.38
105636,2025-05-08,Middle East & Africa,Electronics,Online,April Wallace,3,274.32,0,822.96
104535,2025-05-08,Latin America,Electronics,Retail Store,Deborah Webb,3,1123.58,5,3202.2
104303,2025-05-08,North America,Office Supplies,Online,Amy Holt,10,106.61,0,1066.1
101965,2025-05-08,North America,Office Supplies,Online,Barbara Hunt,12,88.35,0,1060.2
105859,2025-05-08,Asia Pacific,Electronics,Online,Julie Johnson,4,558.36,0,2233.44
104344,2025-05-08,Asia Pacific,Office Supplies,Retail Store,Jennifer Howard,2,192.41,5,365.58
102488,2025-05-09,Asia Pacific,Office Supplies,Retail Store,Justin Brooks,1,89.15,20,71.32
101926,2025-05-09,Latin America,Office Supplies,Partner Reseller,Joshua Martin,7,79.91,5,531.4
103108,2025-05-09,Asia Pacific,Office Supplies,Retail Store,Adam Garcia,8,51.65,5,392.54
103968,2025-05-09,Asia Pacific,Apparel,Online,Mike Patel,5,119.98,10,539.91
105869,2025-05-09,Europe,Sporting Goods,Retail Store,Kristin Hudson,9,46.59,20,335.45
100289,2025-05-10,Europe,Home & Garden,Retail Store,Briana Murray,3,399.99,0,1199.97
100993,2025-05-10,North America,Electronics,Partner Reseller,Deborah Campbell,3,478.18,15,1219.36
102930,2025-05-10,Asia Pacific,Office Supplies,Partner Reseller,Kristen Gallegos,11,184.07,0,2024.77
101876,2025-05-10,North America,Sporting Goods,Partner Reseller,John Mack,4,26.67,20,85.34
100169,2025-05-10,Latin America,Electronics,Online,Daniel Murphy,11,112.33,10,1112.07
100565,2025-05-10,Asia Pacific,Electronics,Retail Store,John Coffey,11,131.46,20,1156.85
100910,2025-05-10,Europe,Office Supplies,Online,Keith Graham,1,38.05,0,38.05
102878,2025-05-10,Europe,Apparel,Online,Vincent Rosario,7,126.45,10,796.63
100816,2025-05-11,Middle East & Africa,Apparel,Retail Store,Tamara Riddle,10,28.21,20,225.68
101139,2025-05-11,Asia Pacific,Electronics,Online,Ernest Bush,5,726.87,15,3089.2
102266,2025-05-11,Europe,Home & Garden,Online,Jimmy Phelps,11,350.43,0,3854.73
100028,2025-05-11,Europe,Office Supplies,Retail Store,Zachary Hicks,2,189.66,15,322.42
101359,2025-05-11,Europe,Office Supplies,Online,Austin Schultz,12,5.84,0,70.08
105041,2025-05-11,North America,Electronics,Online,Casey Francis,2,965.6,0,1931.2
100520,2025-05-12,Middle East & Africa,Office Supplies,Online,Amy Martinez,1,34.4,5,32.68
101917,2025-05-12,Middle East & Africa,Electronics,Online,David Washington,11,125.96,20,1108.45
103448,2025-05-12,Middle East & Africa,Apparel,Retail Store,Robert Parker,7,112.6,0,788.2
101114,2025-05-12,Asia Pacific,Sporting Goods,Partner Reseller,Dennis Mills,6,312.25,0,1873.5
102348,2025-05-12,North America,Office Supplies,Partner Reseller,Jason Miller,4,159.56,20,510.59
100646,2025-05-12,Middle East & Africa,Sporting Goods,Online,Gregory Hill,3,190.31,0,570.93
103485,2025-05-12,Latin America,Electronics,Online,Chris Morris,3,289.21,5,824.25
105693,2025-05-12,North America,Electronics,Partner Reseller,Phillip Scott,3,751.22,15,1915.61
104134,2025-05-12,North America,Electronics,Retail Store,Juan Harrison,4,206.56,5,784.93
104072,2025-05-12,Europe,Electronics,Partner Reseller,Ashley Wilson,8,395.17,10,2845.22
104478,2025-05-12,North America,Office Supplies,Online,Crystal Collins,3,48.91,0,146.73
101379,2025-05-12,Latin America,Sporting Goods,Partner Reseller,Michael Smith,9,262.3,0,2360.7
102235,2025-05-12,Middle East & Africa,Electronics,Partner Reseller,Lance Kirby,1,1189.85,20,951.88
102795,2025-05-12,North America,Electronics,Online,Patrick Santana,2,961.4,0,1922.8
100976,2025-05-13,North America,Sporting Goods,Partner Reseller,Stephen Davis,5,316.51,15,1345.17
104299,2025-05-13,Latin America,Home & Garden,Online,Rebecca Beard,6,348.49,0,2090.94
102691,2025-05-13,North America,Sporting Goods,Online,Lauren Trujillo,12,127.74,0,1532.88
103371,2025-05-13,Europe,Sporting Goods,Retail Store,Paul Wilson,9,134.23,15,1026.86
103792,2025-05-13,Asia Pacific,Home & Garden,Online,Thomas Rodriguez,4,290.91,15,989.09
105835,2025-05-13,Europe,Electronics,Retail Store,Kelly Lewis,11,535.69,0,5892.59
100711,2025-05-13,Middle East & Africa,Home & Garden,Partner Reseller,Stephanie Elliott,11,344.99,0,3794.89
101582,2025-05-13,Asia Pacific,Home & Garden,Retail Store,Michael Woods,2,85.33,0,170.66
100849,2025-05-13,Asia Pacific,Apparel,Online,Brittany Jenkins,11,27.95,0,307.45
104703,2025-05-13,Asia Pacific,Apparel,Online,Nathaniel Floyd,9,129.0,10,1044.9
104285,2025-05-13,Europe,Sporting Goods,Partner Reseller,Jonathan Cortez,7,279.44,20,1564.86
103729,2025-05-13,Middle East & Africa,Home & Garden,Online,Jennifer Montgomery MD,10,16.11,0,161.1
103766,2025-05-14,North America,Office Supplies,Online,Jessica Little,4,24.83,0,99.32
105644,2025-05-14,Latin America,Apparel,Online,Kathy Lewis,10,69.58,10,626.22
103648,2025-05-14,Middle East & Africa,Apparel,Retail Store,Mrs. Tammy Curry,1,72.17,20,57.74
100979,2025-05-14,Latin America,Electronics,Retail Store,David Rodriguez,3,340.75,0,1022.25
105782,2025-05-14,Latin America,Apparel,Online,John Steele,8,96.07,0,768.56
103437,2025-05-14,Latin America,Office Supplies,Retail Store,Brian Ibarra,7,23.99,5,159.53
103338,2025-05-14,Latin America,Sporting Goods,Retail Store,Joel Gonzales,1,486.72,15,413.71
100949,2025-05-14,Asia Pacific,Apparel,Partner Reseller,Zachary Robinson,8,104.25,20,667.2
104868,2025-05-14,Middle East & Africa,Sporting Goods,Retail Store,Jennifer Smith,9,46.7,0,420.3
104716,2025-05-14,North America,Apparel,Partner Reseller,Sara Stuart,2,64.66,20,103.46
101031,2025-05-14,Middle East & Africa,Sporting Goods,Retail Store,Annette Melton,1,57.67,20,46.14
104999,2025-05-14,Asia Pacific,Sporting Goods,Partner Reseller,Wendy Chavez,11,59.26,5,619.27
104523,2025-05-14,Europe,Apparel,Online,Jose Martinez,9,72.61,5,620.82
105434,2025-05-14,Asia Pacific,Electronics,Partner Reseller,Daisy Larson,11,502.37,0,5526.07
100054,2025-05-15,Asia Pacific,Home & Garden,Partner Reseller,Shannon Jones,3,117.26,15,299.01
102227,2025-05-15,North America,Electronics,Partner Reseller,Mr. Logan Gregory,9,119.87,0,1078.83
102248,2025-05-15,Middle East & Africa,Sporting Goods,Retail Store,Gerald Kelly,7,257.77,5,1714.17
104351,2025-05-15,Asia Pacific,Sporting Goods,Online,Michael Oliver,2,244.2,15,415.14
104922,2025-05-15,Asia Pacific,Sporting Goods,Partner Reseller,Marcus Johnson,1,205.57,15,174.73
105229,2025-05-15,Asia Pacific,Home & Garden,Retail Store,Andre Cortez,12,137.83,15,1405.87
101952,2025-05-15,Latin America,Home & Garden,Retail Store,Jason Rocha,9,108.87,15,832.86
103074,2025-05-15,Europe,Sporting Goods,Online,Michael Clay,5,282.59,0,1412.95
105605,2025-05-15,Latin America,Home & Garden,Partner Reseller,Andrew Dominguez,1,391.56,20,313.25
100003,2025-05-15,Europe,Office Supplies,Retail Store,Daniel Wagner,8,86.81,10,625.03
103062,2025-05-16,Middle East & Africa,Sporting Goods,Retail Store,Adam White,8,39.45,0,315.6
100950,2025-05-16,Latin America,Electronics,Partner Reseller,Rebecca Kelly,5,506.8,5,2407.3
104987,2025-05-16,Latin America,Home & Garden,Partner Reseller,Mr. Thomas Jones PhD,10,121.54,10,1093.86
104336,2025-05-16,Europe,Home & Garden,Online,Ruben Woodard,11,233.6,5,2441.12
104500,2025-05-16,Middle East & Africa,Office Supplies,Retail Store,Nicole Mills,12,35.88,10,387.5
103463,2025-05-16,Middle East & Africa,Home & Garden,Partner Reseller,Richard Rios,11,353.29,0,3886.19
101268,2025-05-16,Europe,Apparel,Online,Bernard Smith,4,146.58,0,586.32
104422,2025-05-16,Asia Pacific,Sporting Goods,Partner Reseller,Randy Phillips,11,406.64,5,4249.39
100008,2025-05-17,Asia Pacific,Office Supplies,Online,Gabrielle Davis,6,177.66,10,959.36
104274,2025-05-17,Europe,Apparel,Retail Store,Felicia Murphy,3,51.04,0,153.12
102261,2025-05-17,Asia Pacific,Home & Garden,Online,Robert Peterson,1,185.87,5,176.58
102387,2025-05-17,North America,Home & Garden,Retail Store,Melissa Patel MD,7,230.66,20,1291.7
104114,2025-05-17,Middle East & Africa,Apparel,Retail Store,Elizabeth Wall,8,25.76,0,206.08
102275,2025-05-17,Middle East & Africa,Electronics,Online,Patrick Blankenship,1,259.55,0,259.55
104876,2025-05-17,Asia Pacific,Office Supplies,Partner Reseller,Teresa Obrien,7,104.79,0,733.53
105033,2025-05-17,Europe,Electronics,Retail Store,Kenneth Snyder,9,248.58,20,1789.78
101660,2025-05-17,Europe,Home & Garden,Retail Store,Sarah Duncan,4,321.04,10,1155.74
101831,2025-05-17,Asia Pacific,Office Supplies,Retail Store,Brenda Copeland,11,191.14,15,1787.16
101551,2025-05-17,Latin America,Apparel,Partner Reseller,Samuel Keller,12,147.61,10,1594.19
102941,2025-05-17,North America,Home & Garden,Online,Joshua Jones,1,24.05,0,24.05
105112,2025-05-17,North America,Sporting Goods,Retail Store,Arthur Gonzalez,8,103.58,10,745.78
104073,2025-05-18,North America,Electronics,Online,Stacey Clements,10,607.59,5,5772.11
105045,2025-05-18,Latin America,Apparel,Online,David Lynn,8,54.4,15,369.92
105136,2025-05-18,Latin America,Sporting Goods,Online,Cynthia Jackson,9,459.7,20,3309.84
105360,2025-05-18,Europe,Electronics,Partner Reseller,Kristopher Curtis,4,964.91,10,3473.68
103056,2025-05-18,Europe,Sporting Goods,Partner Reseller,Ashley Campbell,3,392.03,5,1117.29
102577,2025-05-18,Europe,Apparel,Online,Lisa James,12,45.75,0,549.0
100961,2025-05-18,Europe,Home & Garden,Online,Sylvia Schroeder,3,217.8,0,653.4
102430,2025-05-18,Latin America,Sporting Goods,Retail Store,Lisa Barnes,5,420.37,15,1786.57
101933,2025-05-18,Middle East & Africa,Electronics,Partner Reseller,Michael Dennis,6,81.57,15,416.01
103926,2025-05-18,North America,Home & Garden,Partner Reseller,Rebecca Blake,3,313.29,5,892.88
101494,2025-05-18,Latin America,Electronics,Retail Store,Jennifer Garcia,12,173.29,0,2079.48
103947,2025-05-18,Asia Pacific,Apparel,Partner Reseller,Keith Johnson,9,36.37,15,278.23
104361,2025-05-19,North America,Office Supplies,Partner Reseller,Jill Shaw,4,33.62,0,134.48
104355,2025-05-19,Asia Pacific,Home & Garden,Retail Store,Nathaniel Baldwin,5,133.43,15,567.08
102332,2025-05-19,Asia Pacific,Apparel,Retail Store,Jennifer Williams,7,104.5,5,694.92
104661,2025-05-19,Asia Pacific,Sporting Goods,Partner Reseller,Scott Brown,12,162.62,20,1561.15
105838,2025-05-19,Asia Pacific,Sporting Goods,Partner Reseller,Matthew Leonard,7,30.83,20,172.65
103491,2025-05-20,Middle East & Africa,Home & Garden,Partner Reseller,Michael Bennett,1,81.71,0,81.71
100803,2025-05-20,Middle East & Africa,Office Supplies,Partner Reseller,Rodney Williams,12,188.82,5,2152.55
105297,2025-05-20,North America,Sporting Goods,Online,Nicholas Myers,9,178.24,10,1443.74
100541,2025-05-20,Europe,Home & Garden,Partner Reseller,Sean Moore,9,328.86,10,2663.77
101688,2025-05-20,North America,Sporting Goods,Online,Melissa Jensen,6,408.99,0,2453.94
104087,2025-05-20,Europe,Sporting Goods,Partner Reseller,Joseph Hawkins,12,215.6,0,2587.2
100662,2025-05-20,North America,Home & Garden,Partner Reseller,James Webster,6,148.52,0,891.12
102405,2025-05-20,Middle East & Africa,Apparel,Retail Store,Antonio Johnson,11,82.29,5,859.93
103125,2025-05-20,North America,Sporting Goods,Partner Reseller,Adam Robinson,7,418.19,5,2780.96
103252,2025-05-20,North America,Office Supplies,Online,Jennifer Brown,5,130.89,0,654.45
100204,2025-05-20,Asia Pacific,Apparel,Online,Erin Warner,3,114.65,0,343.95
101578,2025-05-21,Europe,Office Supplies,Retail Store,Denise Maxwell,9,91.62,10,742.12
103674,2025-05-21,Asia Pacific,Electronics,Retail Store,Allison Mcpherson DDS,10,612.12,0,6121.2
100030,2025-05-21,Middle East & Africa,Home & Garden,Online,Rebecca Henderson,10,117.05,5,1111.97
105430,2025-05-21,Middle East & Africa,Home & Garden,Online,Joseph Ward,4,169.6,15,576.64
101092,2025-05-21,Asia Pacific,Apparel,Online,Frank Whitaker,12,106.84,20,1025.66
103231,2025-05-21,Europe,Sporting Goods,Online,Jeffery Johnson,4,72.05,15,244.97
102264,2025-05-21,Middle East & Africa,Apparel,Retail Store,Paul Fisher,8,143.46,0,1147.68
102322,2025-05-21,Europe,Electronics,Partner Reseller,Stacy Fitzgerald,8,566.44,10,4078.37
101508,2025-05-21,Latin America,Office Supplies,Online,Desiree Spencer,9,121.19,0,1090.71
104164,2025-05-21,Europe,Electronics,Online,Ashley Cochran,7,673.43,0,4714.01
105215,2025-05-21,Asia Pacific,Home & Garden,Partner Reseller,Susan Sullivan,4,155.43,0,621.72
102664,2025-05-21,Asia Pacific,Apparel,Retail Store,Jamie Love,2,21.63,15,36.77
104892,2025-05-22,Europe,Electronics,Online,Robert Hicks,6,441.65,15,2252.41
103472,2025-05-22,Latin America,Office Supplies,Online,Eddie Davis,2,52.01,5,98.82
103071,2025-05-22,Asia Pacific,Home & Garden,Partner Reseller,Dr. Gregory Arnold,4,69.75,0,279.0
105488,2025-05-22,Asia Pacific,Sporting Goods,Partner Reseller,Jessica Cox,10,188.75,10,1698.75
102034,2025-05-22,Middle East & Africa,Home & Garden,Partner Reseller,Thomas Reyes,12,139.64,15,1424.33
100146,2025-05-22,Middle East & Africa,Home & Garden,Retail Store,Victoria Larson,7,313.64,5,2085.71
103209,2025-05-23,Middle East & Africa,Home & Garden,Retail Store,Aaron Aguirre,6,357.75,0,2146.5
105366,2025-05-23,North America,Apparel,Retail Store,Deborah Smith,2,80.29,15,136.49
105553,2025-05-23,Europe,Office Supplies,Partner Reseller,Joshua Williams,4,74.06,5,281.43
101531,2025-05-23,Latin America,Sporting Goods,Retail Store,Christina Gilbert,1,389.23,0,389.23
104495,2025-05-23,Europe,Sporting Goods,Online,James Smith,12,234.24,0,2810.88
101992,2025-05-23,Middle East & Africa,Apparel,Partner Reseller,Bryan King,5,13.93,0,69.65
100793,2025-05-23,Middle East & Africa,Office Supplies,Partner Reseller,Katherine Taylor,8,31.25,0,250.0
101556,2025-05-23,North America,Electronics,Online,Judith House,3,149.66,5,426.53
103700,2025-05-23,Latin America,Sporting Goods,Retail Store,Rebecca Kaufman DDS,1,459.68,0,459.68
102290,2025-05-23,Latin America,Home & Garden,Online,Jody Bird,8,361.45,0,2891.6
105125,2025-05-23,Middle East & Africa,Home & Garden,Retail Store,Kristen Blair,5,207.54,10,933.93
100695,2025-05-23,Asia Pacific,Sporting Goods,Partner Reseller,Mr. Aaron Arnold,11,146.79,5,1533.96
101843,2025-05-24,Middle East & Africa,Home & Garden,Retail Store,Christopher Porter,2,266.27,10,479.29
103852,2025-05-24,Latin America,Home & Garden,Retail Store,Jacqueline Perry,2,182.03,0,364.06
102352,2025-05-24,Middle East & Africa,Apparel,Partner Reseller,Aaron Marshall,12,77.67,10,838.84
103861,2025-05-24,North America,Apparel,Retail Store,Kelly Moore,4,84.43,0,337.72
100327,2025-05-24,Europe,Office Supplies,Retail Store,Trevor Johnson,2,62.28,0,124.56
100020,2025-05-24,North America,Home & Garden,Partner Reseller,Margaret Hawkins DDS,11,256.57,5,2681.16
101787,2025-05-25,Middle East & Africa,Sporting Goods,Retail Store,John Mayer,11,181.54,0,1996.94
105076,2025-05-25,Asia Pacific,Electronics,Retail Store,Hector Bryant,9,123.7,0,1113.3
103109,2025-05-25,North America,Office Supplies,Online,Michael Graham,5,147.23,15,625.73
103813,2025-05-25,North America,Office Supplies,Retail Store,Lisa Kaiser,3,146.48,0,439.44
100510,2025-05-25,North America,Sporting Goods,Retail Store,Rebecca Hicks,3,343.03,15,874.73
105928,2025-05-25,Europe,Home & Garden,Retail Store,William Lewis,4,34.43,5,130.83
102543,2025-05-25,Asia Pacific,Office Supplies,Online,Raymond Wang,7,6.87,20,38.47
104221,2025-05-25,Latin America,Home & Garden,Partner Reseller,Kristen Ray,3,190.92,10,515.48
101086,2025-05-25,Latin America,Sporting Goods,Online,Mark Smith,5,444.51,5,2111.42
102117,2025-05-26,Middle East & Africa,Apparel,Retail Store,Anthony May,5,116.47,15,495.0
101045,2025-05-26,Asia Pacific,Home & Garden,Retail Store,Hannah Martin,10,395.25,20,3162.0
100345,2025-05-26,Latin America,Office Supplies,Retail Store,Theresa Williams,2,30.31,0,60.62
103238,2025-05-26,Europe,Electronics,Online,Jeanette Brown,12,337.31,10,3642.95
104537,2025-05-26,Latin America,Electronics,Online,Katherine Miller,7,610.88,20,3420.93
101896,2025-05-26,Europe,Apparel,Partner Reseller,Brian Mendoza,7,115.15,10,725.45
100260,2025-05-26,Middle East & Africa,Office Supplies,Retail Store,Katie Suarez,6,167.5,0,1005.0
101822,2025-05-26,Asia Pacific,Home & Garden,Online,Amanda Thomas,9,284.93,5,2436.15
105953,2025-05-26,Middle East & Africa,Electronics,Retail Store,Brittany Byrd,2,202.42,0,404.84
101729,2025-05-26,Asia Pacific,Office Supplies,Partner Reseller,Zachary Santiago,10,127.22,0,1272.2
105311,2025-05-26,Europe,Electronics,Online,Allison Chavez,5,1133.27,20,4533.08
103658,2025-05-26,Asia Pacific,Apparel,Online,Jason Smith,6,101.31,15,516.68
101249,2025-05-27,Europe,Electronics,Retail Store,Stephanie Cooper,11,965.98,10,9563.2
102307,2025-05-27,Latin America,Sporting Goods,Retail Store,Jaclyn Crane,3,127.34,0,382.02
104199,2025-05-27,Europe,Electronics,Retail Store,Jodi Thomas,10,578.73,0,5787.3
101170,2025-05-27,Asia Pacific,Electronics,Online,Tina Taylor,9,493.53,0,4441.77
105036,2025-05-27,North America,Home & Garden,Retail Store,Rebecca Wood,12,114.26,0,1371.12
103135,2025-05-27,Europe,Electronics,Partner Reseller,Cynthia Shannon,2,847.29,0,1694.58
105160,2025-05-27,Latin America,Apparel,Online,Jennifer Brown,8,35.76,20,228.86
101451,2025-05-27,Asia Pacific,Home & Garden,Partner Reseller,Vickie Kennedy,4,252.81,0,1011.24
101398,2025-05-27,Middle East & Africa,Apparel,Retail Store,Mariah Thompson,7,60.87,0,426.09
100432,2025-05-28,Latin America,Electronics,Partner Reseller,Travis Tucker,11,844.66,20,7433.01
104043,2025-05-28,Asia Pacific,Office Supplies,Retail Store,Patricia Hale,3,141.89,5,404.39
104194,2025-05-28,Middle East & Africa,Electronics,Partner Reseller,Joanne Harmon,12,172.96,0,2075.52
101280,2025-05-28,North America,Electronics,Partner Reseller,Daniel Freeman,5,617.36,0,3086.8
100544,2025-05-28,Asia Pacific,Electronics,Online,Mr. Alexander Landry MD,9,387.84,0,3490.56
105664,2025-05-28,Latin America,Sporting Goods,Partner Reseller,Christina Smith,11,455.19,5,4756.74
101496,2025-05-28,Asia Pacific,Home & Garden,Partner Reseller,Sonya Jackson,2,96.26,15,163.64
103425,2025-05-28,Middle East & Africa,Home & Garden,Partner Reseller,Chad Bennett,4,349.31,0,1397.24
100624,2025-05-28,Latin America,Apparel,Online,Shelley Miller,9,66.91,0,602.19
101154,2025-05-28,Asia Pacific,Sporting Goods,Retail Store,April Davis,3,241.4,0,724.2
101193,2025-05-29,North America,Apparel,Retail Store,Ashley Parrish,10,45.29,0,452.9
102464,2025-05-29,Asia Pacific,Electronics,Online,Stephen Duncan,7,675.02,0,4725.14
100491,2025-05-29,Asia Pacific,Home & Garden,Partner Reseller,Heather Bolton,11,161.3,0,1774.3
102161,2025-05-29,North America,Sporting Goods,Partner Reseller,David Johnson,4,467.81,20,1496.99
100559,2025-05-29,Latin America,Sporting Goods,Online,Louis Martin,11,236.96,20,2085.25
101708,2025-05-29,Europe,Office Supplies,Partner Reseller,Timothy Andrews,8,147.98,5,1124.65
105447,2025-05-29,Latin America,Home & Garden,Retail Store,Keith Garcia,7,301.77,0,2112.39
100756,2025-05-29,Europe,Apparel,Online,Karen Morales DDS,5,108.48,0,542.4
101922,2025-05-29,North America,Sporting Goods,Partner Reseller,Brittany Young,7,52.5,10,330.75
103330,2025-05-29,Middle East & Africa,Office Supplies,Retail Store,Carla James,11,150.47,15,1406.89
103713,2025-05-30,Latin America,Office Supplies,Partner Reseller,Nicole Rodriguez,1,19.17,0,19.17
102744,2025-05-30,North America,Home & Garden,Partner Reseller,Courtney Smith,3,52.98,0,158.94
103014,2025-05-30,Europe,Sporting Goods,Online,Melissa Banks,10,117.51,0,1175.1
103505,2025-05-30,Europe,Electronics,Partner Reseller,Chris Jones,2,312.12,20,499.39
102797,2025-05-30,Europe,Home & Garden,Partner Reseller,Deborah Fisher,2,133.41,0,266.82
104739,2025-05-30,Europe,Apparel,Retail Store,Christine Gutierrez,5,134.08,20,536.32
105955,2025-05-30,Middle East & Africa,Office Supplies,Partner Reseller,Christopher George,2,102.66,10,184.79
100573,2025-05-30,North America,Electronics,Retail Store,Nancy Brown,2,859.07,20,1374.51
102462,2025-05-31,Middle East & Africa,Apparel,Online,Amanda Robinson,6,35.02,5,199.61
103421,2025-05-31,Europe,Office Supplies,Retail Store,Emily Middleton,10,192.29,0,1922.9
100749,2025-05-31,Middle East & Africa,Electronics,Online,Leslie Gardner,1,745.19,15,633.41
100081,2025-05-31,Europe,Apparel,Partner Reseller,Mike Allen,11,70.38,0,774.18
103932,2025-05-31,Middle East & Africa,Apparel,Partner Reseller,David Romero,5,56.19,0,280.95
103555,2025-05-31,North America,Electronics,Partner Reseller,Roger Mason,1,970.52,5,921.99
105044,2025-05-31,North America,Apparel,Partner Reseller,Ronald Carr,3,22.88,20,54.91
104946,2025-05-31,Asia Pacific,Electronics,Retail Store,Paul Smith,4,896.04,20,2867.33
101643,2025-05-31,North America,Office Supplies,Online,Alexander Garrett,11,119.36,0,1312.96
101568,2025-05-31,North America,Sporting Goods,Retail Store,Joshua Clark,5,250.96,10,1129.32
105148,2025-05-31,Latin America,Electronics,Online,Julie Rose,10,683.85,0,6838.5
101362,2025-05-31,Middle East & Africa,Home & Garden,Retail Store,Danielle Davis,6,171.92,0,1031.52
101731,2025-05-31,Asia Pacific,Home & Garden,Online,Katelyn Kim,11,20.77,0,228.47
100298,2025-05-31,Middle East & Africa,Home & Garden,Retail Store,Keith Jennings,1,351.11,15,298.44
103063,2025-05-31,Asia Pacific,Home & Garden,Online,Lisa Johnson,9,134.48,0,1210.32
105905,2025-05-31,Asia Pacific,Home & Garden,Online,Bradley Walker,2,194.7,15,330.99
100912,2025-05-31,Asia Pacific,Sporting Goods,Online,Robert Haynes,4,214.62,10,772.63
104082,2025-06-01,North America,Apparel,Partner Reseller,Tammy Bell,3,87.44,5,249.2
104860,2025-06-01,North America,Apparel,Online,Jonathan Russell,9,22.92,20,165.02
103427,2025-06-01,Latin America,Apparel,Partner Reseller,Robert Gross,11,61.21,5,639.64
100349,2025-06-01,Europe,Home & Garden,Online,Theodore Jones Jr.,1,181.56,20,145.25
101043,2025-06-01,Middle East & Africa,Electronics,Retail Store,Andre Watson,7,206.03,5,1370.1
103003,2025-06-01,Latin America,Electronics,Retail Store,Nancy Stewart,5,154.53,5,734.02
102585,2025-06-01,Latin America,Sporting Goods,Partner Reseller,Jerome Reid,12,446.89,0,5362.68
101818,2025-06-01,Europe,Home & Garden,Online,Anthony French,1,284.66,20,227.73
104357,2025-06-01,Asia Pacific,Sporting Goods,Retail Store,William Johnson,10,424.87,15,3611.39
104513,2025-06-01,Asia Pacific,Office Supplies,Retail Store,Anthony Marshall,3,188.84,0,566.52
105648,2025-06-01,Asia Pacific,Sporting Goods,Partner Reseller,Justin Williams,2,453.22,20,725.15
101059,2025-06-02,Middle East & Africa,Electronics,Retail Store,Lisa Evans,9,124.52,0,1120.68
105776,2025-06-02,Latin America,Home & Garden,Retail Store,Hailey Ball,6,300.08,0,1800.48
101245,2025-06-02,Asia Pacific,Electronics,Online,Monica Brooks,10,1172.96,10,10556.64
105881,2025-06-02,Latin America,Electronics,Online,Anthony Murphy,10,1011.1,15,8594.35
102457,2025-06-02,Latin America,Electronics,Partner Reseller,Jordan Potter,6,248.43,15,1266.99
103629,2025-06-02,Middle East & Africa,Office Supplies,Partner Reseller,Holly Floyd,3,63.72,0,191.16
105544,2025-06-02,Latin America,Home & Garden,Partner Reseller,Robert Shepherd,9,104.56,0,941.04
102514,2025-06-02,Middle East & Africa,Electronics,Partner Reseller,Julia Johnston,6,888.63,5,5065.19
105872,2025-06-03,Middle East & Africa,Home & Garden,Online,Dennis Santana,12,168.19,15,1715.54
103268,2025-06-03,Middle East & Africa,Electronics,Partner Reseller,Benjamin Miller,12,373.0,0,4476.0
104854,2025-06-03,Middle East & Africa,Apparel,Online,Kevin Mccoy,7,24.84,0,173.88
100382,2025-06-03,North America,Office Supplies,Partner Reseller,Douglas Gregory,11,97.55,20,858.44
100612,2025-06-03,Asia Pacific,Office Supplies,Retail Store,Franklin Wright,6,52.3,10,282.42
100752,2025-06-03,North America,Apparel,Partner Reseller,Michael Fuentes,2,68.92,15,117.16
105736,2025-06-03,North America,Electronics,Online,Jacob Love,8,928.94,15,6316.79
105659,2025-06-03,Latin America,Home & Garden,Partner Reseller,Matthew Moore,3,243.31,0,729.93
100483,2025-06-03,North America,Apparel,Retail Store,Steve Paul,4,32.74,10,117.86
104307,2025-06-04,Middle East & Africa,Office Supplies,Retail Store,Tina Walter,10,189.29,15,1608.96
102600,2025-06-04,North America,Sporting Goods,Retail Store,Janice Cunningham,6,375.51,15,1915.1
105756,2025-06-04,Europe,Office Supplies,Retail Store,Sheri Hoover,9,173.48,5,1483.25
105808,2025-06-04,Latin America,Office Supplies,Retail Store,Steven Tyler,9,55.48,5,474.35
103150,2025-06-04,Middle East & Africa,Electronics,Partner Reseller,Kyle Gross,12,1173.27,0,14079.24
103888,2025-06-04,North America,Office Supplies,Online,Mary Peterson,6,85.13,15,434.16
100480,2025-06-04,Asia Pacific,Electronics,Partner Reseller,Dawn Mullins,11,1115.06,0,12265.66
105839,2025-06-04,North America,Sporting Goods,Online,Tyler Dominguez,5,291.68,15,1239.64
104100,2025-06-05,Asia Pacific,Office Supplies,Online,Heather Thomas,9,86.7,15,663.25
102265,2025-06-05,Asia Pacific,Apparel,Partner Reseller,Robert Gutierrez,3,131.67,0,395.01
100839,2025-06-05,Asia Pacific,Sporting Goods,Retail Store,Michele Smith,11,203.08,0,2233.88
102762,2025-06-05,Europe,Sporting Goods,Online,Erik Davis,8,315.35,15,2144.38
103029,2025-06-05,Asia Pacific,Apparel,Partner Reseller,Jennifer Hoover,8,63.34,5,481.38
105900,2025-06-05,Middle East & Africa,Electronics,Online,Lori Franco,6,549.22,5,3130.55
104349,2025-06-05,Middle East & Africa,Sporting Goods,Partner Reseller,Andre Haynes,7,444.26,20,2487.86
104679,2025-06-05,Europe,Sporting Goods,Online,Leah Rodriguez,5,39.35,15,167.24
103249,2025-06-05,Middle East & Africa,Electronics,Online,Karen Wolf,4,172.55,5,655.69
101363,2025-06-05,North America,Office Supplies,Retail Store,Samantha Jones,6,31.5,15,160.65
101172,2025-06-05,Europe,Sporting Goods,Retail Store,Mr. Thomas Thompson,7,357.07,15,2124.57
100161,2025-06-05,Latin America,Apparel,Partner Reseller,Jennifer Adkins,10,35.41,5,336.39
105499,2025-06-05,Asia Pacific,Home & Garden,Online,Michael Lambert,11,122.97,20,1082.14
105115,2025-06-05,Middle East & Africa,Apparel,Online,Brandon Sanchez,4,60.24,20,192.77
100414,2025-06-05,Asia Pacific,Apparel,Retail Store,Erica Alvarez,10,91.54,0,915.4
100229,2025-06-05,North America,Sporting Goods,Partner Reseller,Lori Guerrero,10,261.84,0,2618.4
102630,2025-06-06,Europe,Sporting Goods,Retail Store,Antonio Walton,10,174.82,5,1660.79
101549,2025-06-06,North America,Apparel,Online,Lisa Brown,9,46.37,0,417.33
100114,2025-06-06,Europe,Home & Garden,Online,Garrett Lin,10,338.1,0,3381.0
104185,2025-06-06,Latin America,Office Supplies,Retail Store,Roger Moss,3,77.29,10,208.68
100584,2025-06-06,Latin America,Apparel,Retail Store,Jamie Baird,4,100.46,5,381.75
105770,2025-06-06,North America,Electronics,Online,Kendra Burton,9,372.36,0,3351.24
103342,2025-06-06,Asia Pacific,Electronics,Online,Austin White,7,1084.92,15,6455.27
104133,2025-06-06,North America,Electronics,Partner Reseller,Joseph Montgomery,3,674.52,5,1922.38
100193,2025-06-06,Europe,Sporting Goods,Retail Store,Angelica Keith,3,458.16,0,1374.48
100162,2025-06-06,Latin America,Electronics,Retail Store,Lindsey Walker,7,606.41,0,4244.87
101182,2025-06-06,North America,Electronics,Online,Gregory Chambers,12,716.33,0,8595.96
100928,2025-06-06,Latin America,Office Supplies,Retail Store,Lauren Green,9,6.29,0,56.61
102126,2025-06-07,North America,Electronics,Online,Shawn Duffy,12,806.46,5,9193.64
104957,2025-06-07,Middle East & Africa,Electronics,Partner Reseller,Jason Thomas,12,146.95,15,1498.89
102278,2025-06-07,Latin America,Office Supplies,Retail Store,Joshua Kramer,12,11.36,0,136.32
105013,2025-06-07,Latin America,Home & Garden,Retail Store,Jeffrey Lynch,5,242.98,20,971.92
102097,2025-06-07,Middle East & Africa,Electronics,Partner Reseller,Emily Coleman,11,399.24,20,3513.31
104799,2025-06-07,North America,Apparel,Online,Michael Norton,11,93.61,0,1029.71
102166,2025-06-07,Middle East & Africa,Sporting Goods,Retail Store,Sean White,7,282.0,20,1579.2
102822,2025-06-07,Middle East & Africa,Home & Garden,Partner Reseller,Ashlee Lopez,2,314.87,0,629.74
103887,2025-06-07,North America,Electronics,Partner Reseller,Katherine Dunn,11,636.89,0,7005.79
101174,2025-06-07,Europe,Sporting Goods,Retail Store,Kyle Andrade,9,86.75,5,741.71
100346,2025-06-07,Latin America,Sporting Goods,Partner Reseller,Sharon Boyd,7,272.33,20,1525.05
101958,2025-06-08,Asia Pacific,Apparel,Retail Store,Dennis Blanchard,6,20.68,0,124.08
101882,2025-06-08,Middle East & Africa,Electronics,Retail Store,Eric Warner,8,404.87,0,3238.96
102328,2025-06-08,Asia Pacific,Home & Garden,Retail Store,Steven Martinez,2,270.03,0,540.06
102399,2025-06-08,Latin America,Office Supplies,Retail Store,Robert Watkins,8,128.29,0,1026.32
100101,2025-06-08,North America,Home & Garden,Online,Cameron Parker,7,73.07,15,434.77
103365,2025-06-08,Middle East & Africa,Electronics,Retail Store,Laura Kelley,5,941.41,0,4707.05
104865,2025-06-08,Latin America,Electronics,Online,Dana Bennett,9,584.35,10,4733.24
101298,2025-06-08,Middle East & Africa,Electronics,Online,Kenneth Brown,11,408.35,10,4042.67
102350,2025-06-08,Asia Pacific,Sporting Goods,Partner Reseller,William Casey,5,117.28,15,498.44
102749,2025-06-08,North America,Home & Garden,Partner Reseller,Lisa Mosley,4,69.54,10,250.34
103462,2025-06-08,North America,Home & Garden,Online,Danielle Nelson,2,88.31,0,176.62
101786,2025-06-08,Middle East & Africa,Apparel,Retail Store,Stephanie Dominguez,8,140.5,20,899.2
101225,2025-06-09,Asia Pacific,Sporting Goods,Retail Store,Tiffany Jackson,9,295.83,15,2263.1
103110,2025-06-09,Latin America,Electronics,Retail Store,Corey Barrera,7,487.91,0,3415.37
105826,2025-06-09,Middle East & Africa,Apparel,Retail Store,Frank Payne,1,113.83,20,91.06
100303,2025-06-09,Europe,Sporting Goods,Online,Sara Fuller,6,497.37,0,2984.22
101783,2025-06-09,North America,Apparel,Retail Store,Margaret Erickson,4,14.15,5,53.77
104214,2025-06-09,Latin America,Office Supplies,Partner Reseller,Melinda Patterson,6,52.84,0,317.04
100087,2025-06-09,Asia Pacific,Sporting Goods,Partner Reseller,Christopher Bass,11,232.06,0,2552.66
105559,2025-06-10,Europe,Home & Garden,Online,Chad Williams,10,37.87,0,378.7
105526,2025-06-10,Latin America,Office Supplies,Retail Store,Tiffany Davis,1,105.84,0,105.84
101428,2025-06-10,Europe,Apparel,Partner Reseller,Theresa Woods,5,87.38,15,371.36
100591,2025-06-11,Middle East & Africa,Office Supplies,Retail Store,Kiara Little,5,125.13,0,625.65
103027,2025-06-11,Latin America,Office Supplies,Partner Reseller,James Gonzalez,1,176.16,15,149.74
102811,2025-06-11,Europe,Office Supplies,Retail Store,Willie Garza,9,59.65,0,536.85
104014,2025-06-11,North America,Electronics,Partner Reseller,Alicia Obrien,3,588.73,0,1766.19
104413,2025-06-11,North America,Apparel,Retail Store,Laura Harrison,9,76.14,0,685.26
100779,2025-06-11,North America,Sporting Goods,Online,Kevin Price,10,233.21,5,2215.49
101682,2025-06-11,Latin America,Sporting Goods,Retail Store,Charles Bush,11,414.49,0,4559.39
101706,2025-06-11,North America,Apparel,Partner Reseller,Jessica Cobb,8,100.48,0,803.84
102575,2025-06-11,Asia Pacific,Apparel,Online,Joshua Knox,8,136.71,15,929.63
104227,2025-06-11,North America,Home & Garden,Online,Loretta Miller,9,272.67,0,2454.03
105672,2025-06-11,Latin America,Sporting Goods,Partner Reseller,Anthony King,2,175.15,20,280.24
105589,2025-06-11,Asia Pacific,Electronics,Partner Reseller,Adam Long,12,681.74,15,6953.75
101577,2025-06-12,North America,Office Supplies,Online,Timothy Shannon,1,40.05,0,40.05
101928,2025-06-12,Middle East & Africa,Electronics,Partner Reseller,Mr. Jimmy Flores Jr.,9,1064.65,5,9102.76
100355,2025-06-12,Middle East & Africa,Apparel,Online,Jesse Perez,10,127.95,0,1279.5
102177,2025-06-12,North America,Home & Garden,Retail Store,Tiffany Nguyen,9,213.76,15,1635.26
100361,2025-06-12,Europe,Apparel,Retail Store,Laurie Hoffman,6,130.61,15,666.11
100200,2025-06-12,North America,Office Supplies,Online,Melissa Brewer,5,150.31,20,601.24
105725,2025-06-12,Middle East & Africa,Apparel,Online,Jenna Velazquez,6,126.6,10,683.64
104875,2025-06-12,Latin America,Home & Garden,Partner Reseller,Jennifer Jackson,9,170.92,0,1538.28
105202,2025-06-12,Latin America,Apparel,Online,Thomas Lewis,1,59.32,0,59.32
101956,2025-06-12,Asia Pacific,Home & Garden,Partner Reseller,Sandra Torres,11,369.85,5,3864.93
105980,2025-06-13,Middle East & Africa,Home & Garden,Retail Store,Taylor Smith,2,338.26,0,676.52
100174,2025-06-13,Middle East & Africa,Office Supplies,Online,Nicole Herring,3,150.53,20,361.27
102643,2025-06-13,Asia Pacific,Home & Garden,Partner Reseller,Cole Andersen,3,53.55,15,136.55
101824,2025-06-13,Asia Pacific,Sporting Goods,Retail Store,Michael Anderson,10,334.22,0,3342.2
104333,2025-06-13,Europe,Home & Garden,Online,Kelly Weiss,7,36.32,5,241.53
100872,2025-06-13,Asia Pacific,Apparel,Online,Michael Blair,8,78.16,10,562.75
105519,2025-06-13,Middle East & Africa,Electronics,Retail Store,Rachel Smith,5,175.2,10,788.4
102670,2025-06-13,Middle East & Africa,Sporting Goods,Online,Tiffany Ray,12,411.34,15,4195.67
101315,2025-06-13,Middle East & Africa,Electronics,Online,Andrew Moreno,7,425.05,10,2677.82
103595,2025-06-13,Asia Pacific,Office Supplies,Partner Reseller,Stacie Sanford,5,88.72,5,421.42
102398,2025-06-14,Asia Pacific,Electronics,Partner Reseller,Mark Davis,1,1167.68,20,934.14
104628,2025-06-14,Latin America,Office Supplies,Online,Paul Scott,2,8.62,0,17.24
105522,2025-06-14,Latin America,Sporting Goods,Retail Store,Cynthia Taylor,1,369.39,15,313.98
105573,2025-06-14,Latin America,Electronics,Partner Reseller,Jacqueline Hall,8,394.34,15,2681.51
104579,2025-06-14,Middle East & Africa,Home & Garden,Retail Store,Jennifer Roman,3,85.47,5,243.59
101849,2025-06-14,North America,Electronics,Retail Store,Cory Hogan,4,345.55,0,1382.2
102716,2025-06-14,Europe,Electronics,Retail Store,Michelle Tyler,3,428.54,15,1092.78
100238,2025-06-14,Asia Pacific,Apparel,Retail Store,Sara Johnston,3,62.4,15,159.12
105689,2025-06-14,Europe,Office Supplies,Partner Reseller,Julia Mullins,7,35.08,0,245.56
100658,2025-06-14,Europe,Office Supplies,Partner Reseller,Travis Hobbs,7,163.82,0,1146.74
104392,2025-06-14,Europe,Apparel,Online,Mark Weaver,5,103.68,0,518.4
104595,2025-06-14,Europe,Sporting Goods,Partner Reseller,Lacey Graves,12,63.41,0,760.92
104832,2025-06-14,Asia Pacific,Home & Garden,Retail Store,Richard Miller,9,367.78,15,2813.52
102579,2025-06-15,Middle East & Africa,Electronics,Online,Andrea Lee,9,1102.54,0,9922.86
101516,2025-06-15,Europe,Apparel,Partner Reseller,Elizabeth Cross,7,111.22,5,739.61
105574,2025-06-15,Latin America,Sporting Goods,Online,Tara Hale,7,342.18,10,2155.73
104266,2025-06-15,Asia Pacific,Office Supplies,Retail Store,Katherine Caldwell,1,193.31,20,154.65
105384,2025-06-15,Latin America,Sporting Goods,Retail Store,William Gordon,11,20.47,0,225.17
105923,2025-06-15,Middle East & Africa,Sporting Goods,Online,Diana Myers,5,301.99,0,1509.95
103296,2025-06-15,Europe,Home & Garden,Online,David Chapman,1,330.83,10,297.75
103459,2025-06-16,Asia Pacific,Sporting Goods,Retail Store,Amanda Smith,1,91.86,0,91.86
103445,2025-06-16,Asia Pacific,Office Supplies,Retail Store,Deborah Stewart,8,103.76,10,747.07
104547,2025-06-16,Latin America,Home & Garden,Online,Kevin Solis,10,319.17,0,3191.7
101091,2025-06-16,Latin America,Office Supplies,Online,Curtis Watson,4,179.84,5,683.39
103064,2025-06-16,North America,Home & Garden,Online,Wendy Webb,9,301.57,0,2714.13
105146,2025-06-16,North America,Sporting Goods,Retail Store,Cody Thompson,8,322.02,15,2189.74
100218,2025-06-16,Asia Pacific,Home & Garden,Retail Store,Justin Torres,4,185.7,20,594.24
100461,2025-06-16,Asia Pacific,Office Supplies,Retail Store,Eric Williams,10,187.28,15,1591.88
104709,2025-06-16,Middle East & Africa,Apparel,Retail Store,David Hamilton,6,88.52,0,531.12
104145,2025-06-16,Europe,Electronics,Online,Maureen Nixon,4,1029.88,10,3707.57
103155,2025-06-16,North America,Home & Garden,Partner Reseller,John Cook,10,339.56,10,3056.04
104993,2025-06-16,Asia Pacific,Home & Garden,Retail Store,Ronald Baxter,10,110.95,15,943.07
100277,2025-06-16,Asia Pacific,Office Supplies,Retail Store,Marie Christian,3,97.75,0,293.25
104270,2025-06-16,Latin America,Sporting Goods,Retail Store,Steven Martin,2,88.42,0,176.84
105541,2025-06-16,North America,Home & Garden,Online,Tyler Miranda,7,164.11,0,1148.77
102667,2025-06-17,Middle East & Africa,Office Supplies,Partner Reseller,Brian Miller,9,78.29,20,563.69
101611,2025-06-17,Latin America,Apparel,Partner Reseller,Jamie James,8,15.15,15,103.02
102058,2025-06-17,Latin America,Home & Garden,Online,Ryan Cobb PhD,6,170.2,10,919.08
105576,2025-06-17,Latin America,Apparel,Online,Chad Kim,10,146.91,0,1469.1
100942,2025-06-17,Europe,Office Supplies,Retail Store,Joshua Washington,6,109.13,20,523.82
102160,2025-06-17,Europe,Sporting Goods,Online,Rebecca Brown,2,300.91,0,601.82
101709,2025-06-17,Europe,Office Supplies,Online,Mr. Joel Peters,12,23.63,0,283.56
101461,2025-06-17,Asia Pacific,Apparel,Partner Reseller,Brandon Montgomery,5,139.67,0,698.35
101335,2025-06-17,Latin America,Electronics,Online,Vincent Smith,12,497.99,10,5378.29
105780,2025-06-18,North America,Office Supplies,Online,Michael Lee,10,81.04,0,810.4
102370,2025-06-18,Europe,Home & Garden,Partner Reseller,Ronnie Powers,11,126.73,0,1394.03
101234,2025-06-18,Europe,Electronics,Online,David Hughes,12,296.26,10,3199.61
100212,2025-06-18,Europe,Electronics,Retail Store,Melissa Martinez,8,791.65,15,5383.22
102273,2025-06-18,Latin America,Apparel,Retail Store,Kelly Phillips,6,30.03,10,162.16
102184,2025-06-18,Asia Pacific,Office Supplies,Online,Richard Mitchell,11,137.86,10,1364.81
100886,2025-06-18,Latin America,Home & Garden,Partner Reseller,Jordan Williams,3,248.12,5,707.14
102893,2025-06-19,North America,Office Supplies,Online,Cassandra Moreno,9,176.92,20,1273.82
103339,2025-06-19,Europe,Home & Garden,Partner Reseller,Vincent Castillo,12,134.16,0,1609.92
103417,2025-06-19,Asia Pacific,Apparel,Retail Store,Audrey Gomez,9,35.56,5,304.04
101218,2025-06-19,Latin America,Sporting Goods,Retail Store,Jill Conway,1,179.67,0,179.67
102029,2025-06-19,Middle East & Africa,Home & Garden,Online,Marco Davis,5,272.81,0,1364.05
102114,2025-06-19,Europe,Electronics,Online,Samantha Hale,8,164.16,0,1313.28
105603,2025-06-20,Latin America,Home & Garden,Online,Thomas Holloway,12,114.76,10,1239.41
105732,2025-06-20,Asia Pacific,Office Supplies,Partner Reseller,Linda Morris,1,71.31,10,64.18
101124,2025-06-20,Latin America,Electronics,Partner Reseller,Emily Rodgers,8,803.13,0,6425.04
103845,2025-06-20,Asia Pacific,Sporting Goods,Online,Elizabeth Key,7,423.89,5,2818.87
101861,2025-06-20,Latin America,Electronics,Partner Reseller,John Zamora,2,956.66,0,1913.32
101835,2025-06-20,Latin America,Apparel,Partner Reseller,Timothy Williams,2,107.12,20,171.39
103170,2025-06-20,North America,Home & Garden,Online,Jonathan Sanchez,10,41.47,0,414.7
104255,2025-06-21,Middle East & Africa,Sporting Goods,Online,Valerie Morgan,3,118.25,0,354.75
103054,2025-06-21,Asia Pacific,Apparel,Retail Store,Lori Little,7,26.18,5,174.1
101463,2025-06-21,Latin America,Home & Garden,Retail Store,Matthew Miles,11,228.93,15,2140.5
101384,2025-06-21,Latin America,Electronics,Partner Reseller,Jacqueline Dickerson,8,717.12,15,4876.42
105708,2025-06-21,Latin America,Sporting Goods,Online,Robert Miller,6,188.24,10,1016.5
101995,2025-06-21,North America,Office Supplies,Retail Store,Cathy Bell,10,115.14,20,921.12
103778,2025-06-21,Europe,Home & Garden,Retail Store,Jeffery Long,9,193.52,0,1741.68
103311,2025-06-21,North America,Electronics,Online,Chad Daugherty,7,915.9,20,5129.04
102087,2025-06-21,Latin America,Electronics,Online,Tony Ramsey,6,208.41,5,1187.94
102850,2025-06-21,Asia Pacific,Home & Garden,Retail Store,David Williams,10,88.13,15,749.1
100220,2025-06-21,Latin America,Apparel,Retail Store,Courtney Mills,2,36.57,20,58.51
102659,2025-06-21,Latin America,Sporting Goods,Retail Store,Connie Scott,12,300.79,15,3068.06
100877,2025-06-22,Latin America,Electronics,Partner Reseller,Troy Mills,3,352.91,10,952.86
104038,2025-06-22,Asia Pacific,Apparel,Partner Reseller,Christina Flores,1,71.99,0,71.99
104264,2025-06-22,Middle East & Africa,Electronics,Partner Reseller,Kathryn Morris,8,91.17,5,692.89
101005,2025-06-22,Asia Pacific,Apparel,Online,Joshua Arellano,6,67.37,0,404.22
100352,2025-06-22,Asia Pacific,Home & Garden,Online,Kerry Chavez DDS,9,259.5,0,2335.5
105055,2025-06-22,Asia Pacific,Home & Garden,Retail Store,Lawrence Parks,8,306.7,15,2085.56
101147,2025-06-22,Europe,Office Supplies,Partner Reseller,Sarah Booth,11,178.8,20,1573.44
103927,2025-06-22,North America,Office Supplies,Online,Brian Bright,11,157.99,5,1651.0
103795,2025-06-22,Asia Pacific,Apparel,Retail Store,Edwin Gonzalez,3,11.13,15,28.38
101784,2025-06-22,North America,Electronics,Partner Reseller,Scott Anderson,1,148.38,15,126.12
103494,2025-06-22,Europe,Apparel,Online,Jeff Jackson,6,103.43,0,620.58
102540,2025-06-22,Latin America,Sporting Goods,Partner Reseller,Sara Cain,1,67.17,0,67.17
103774,2025-06-22,North America,Electronics,Partner Reseller,Rachel Chan,6,437.85,0,2627.1
103359,2025-06-22,Latin America,Sporting Goods,Retail Store,Lee Morton,1,320.95,15,272.81
101328,2025-06-22,Europe,Home & Garden,Retail Store,Karen Wood,5,335.43,10,1509.44
103868,2025-06-22,Middle East & Africa,Office Supplies,Online,Karen Goodman,2,79.55,5,151.14
101459,2025-06-22,Latin America,Home & Garden,Retail Store,Richard Alvarez,12,49.51,10,534.71
101806,2025-06-23,Latin America,Office Supplies,Online,Heather Maldonado,7,193.42,20,1083.15
100322,2025-06-23,Latin America,Apparel,Retail Store,Johnathan Davis,11,15.13,0,166.43
100185,2025-06-23,Latin America,Electronics,Partner Reseller,Dr. Hannah Patterson,11,1033.98,20,9099.02
102931,2025-06-23,Asia Pacific,Office Supplies,Partner Reseller,Kathryn Fletcher,12,128.38,0,1540.56
101810,2025-06-23,North America,Apparel,Retail Store,Cassandra Williams,9,18.66,0,167.94
105237,2025-06-23,Latin America,Sporting Goods,Online,Joseph Rice,7,389.44,0,2726.08
103373,2025-06-24,North America,Home & Garden,Partner Reseller,Harold Wagner,2,99.03,15,168.35
105598,2025-06-24,Europe,Office Supplies,Partner Reseller,Heather Wolf,6,195.95,0,1175.7
104637,2025-06-24,Middle East & Africa,Sporting Goods,Retail Store,Julie Martinez,4,499.08,10,1796.69
101617,2025-06-24,Middle East & Africa,Office Supplies,Online,Marcus King,9,54.32,5,464.44
103946,2025-06-24,Asia Pacific,Home & Garden,Retail Store,Paula Caldwell,2,59.39,15,100.96
102831,2025-06-24,Europe,Apparel,Online,Tammy Jones,9,30.14,10,244.13
105791,2025-06-24,Middle East & Africa,Home & Garden,Online,Matthew Farley,7,260.48,15,1549.86
103854,2025-06-24,Asia Pacific,Office Supplies,Online,Natalie Patrick,5,140.61,15,597.59
104556,2025-06-24,Asia Pacific,Office Supplies,Online,Andre Pace,4,77.1,5,292.98
104132,2025-06-24,Latin America,Sporting Goods,Retail Store,Stephanie Hernandez,9,293.35,20,2112.12
103599,2025-06-24,Middle East & Africa,Office Supplies,Partner Reseller,Rebecca Ellis,4,192.23,0,768.92
103315,2025-06-24,Europe,Electronics,Retail Store,Brian Porter,4,1147.12,0,4588.48
105487,2025-06-24,Asia Pacific,Electronics,Online,Angel Johnson,10,766.21,0,7662.1
103736,2025-06-24,Europe,Home & Garden,Online,Heather Stevens,12,280.21,5,3194.39
100045,2025-06-24,Latin America,Electronics,Retail Store,Philip Cannon,1,264.39,5,251.17
104105,2025-06-25,Middle East & Africa,Office Supplies,Retail Store,Heather Mcmahon,3,120.67,0,362.01
100207,2025-06-25,North America,Sporting Goods,Online,Cathy Robinson,3,482.19,20,1157.26
103746,2025-06-25,Asia Pacific,Apparel,Partner Reseller,Andrew Lynch,11,41.78,0,459.58
101404,2025-06-25,Asia Pacific,Home & Garden,Partner Reseller,Christopher Perez,5,174.51,10,785.29
104702,2025-06-25,Europe,Home & Garden,Retail Store,Brian Clark,4,36.37,10,130.93
102019,2025-06-25,North America,Apparel,Retail Store,Kurt Ewing,11,75.22,10,744.68
100970,2025-06-25,Middle East & Africa,Home & Garden,Online,Nicholas Rush,9,321.76,0,2895.84
104982,2025-06-25,Asia Pacific,Home & Garden,Retail Store,Elizabeth Williams,3,98.38,10,265.63
102915,2025-06-25,Middle East & Africa,Apparel,Retail Store,Charles Castaneda,12,47.81,10,516.35
100841,2025-06-25,Asia Pacific,Home & Garden,Retail Store,Alexandra Dominguez,12,129.75,15,1323.45
103176,2025-06-25,Middle East & Africa,Apparel,Online,Stacy Myers,12,90.74,20,871.1
105988,2025-06-26,Asia Pacific,Home & Garden,Online,Christine Meza,11,217.57,0,2393.27
100951,2025-06-26,Europe,Home & Garden,Partner Reseller,Sarah Thompson,6,261.62,5,1491.23
104138,2025-06-26,Europe,Apparel,Online,Christopher Smith,7,141.6,0,991.2
101632,2025-06-26,North America,Apparel,Partner Reseller,Joshua Carter,7,128.99,0,902.93
105230,2025-06-26,Middle East & Africa,Sporting Goods,Online,Michele Ford,10,115.24,0,1152.4
102189,2025-06-26,North America,Sporting Goods,Online,Karen Hart,7,220.11,0,1540.77
100732,2025-06-26,Middle East & Africa,Electronics,Online,Kyle Nguyen,4,608.89,10,2192.0
103389,2025-06-27,Middle East & Africa,Home & Garden,Online,Wendy Williams,1,346.14,0,346.14
102125,2025-06-27,Latin America,Office Supplies,Retail Store,Christina Perry,8,70.08,0,560.64
103467,2025-06-27,Latin America,Sporting Goods,Retail Store,Lisa Hernandez,2,268.97,15,457.25
101566,2025-06-27,Europe,Office Supplies,Online,Crystal Allen,5,87.24,0,436.2
105917,2025-06-27,North America,Sporting Goods,Online,Brittany Ballard,8,164.29,5,1248.6
103147,2025-06-27,Middle East & Africa,Home & Garden,Online,Jenna Garcia,11,199.3,0,2192.3
105043,2025-06-27,Latin America,Electronics,Partner Reseller,Julia Long,9,260.96,10,2113.78
104365,2025-06-27,Middle East & Africa,Electronics,Online,Elaine Martin,7,1192.24,0,8345.68
102635,2025-06-27,Asia Pacific,Office Supplies,Partner Reseller,Jacob Wu,6,56.26,5,320.68
101475,2025-06-27,Latin America,Apparel,Online,Patty Allen,1,93.19,0,93.19
103567,2025-06-27,Asia Pacific,Sporting Goods,Partner Reseller,Peter Anderson,12,107.85,15,1100.07
100596,2025-06-27,Middle East & Africa,Office Supplies,Partner Reseller,Victor Morris,11,15.73,15,147.08
102234,2025-06-27,Middle East & Africa,Electronics,Partner Reseller,Daniel Stout,12,334.38,20,3210.05
103697,2025-06-27,Asia Pacific,Sporting Goods,Online,Tammy Morris,9,395.86,15,3028.33
101433,2025-06-27,Latin America,Sporting Goods,Retail Store,Dennis Henderson,6,373.73,15,1906.02
105020,2025-06-27,Asia Pacific,Office Supplies,Retail Store,Gail Moss,10,94.73,5,899.94
102812,2025-06-27,Asia Pacific,Home & Garden,Retail Store,Crystal Anderson,4,35.02,15,119.07
104474,2025-06-28,North America,Home & Garden,Partner Reseller,Ann Moon,1,32.17,15,27.34
101615,2025-06-28,North America,Home & Garden,Online,Randy Griffin,10,114.96,20,919.68
104548,2025-06-28,Middle East & Africa,Electronics,Online,Roger Peters,7,997.04,20,5583.42
102055,2025-06-28,Middle East & Africa,Office Supplies,Retail Store,Michael Rogers,3,66.91,10,180.66
100894,2025-06-28,North America,Electronics,Online,Dr. Andrea Marshall,2,727.35,10,1309.23
101495,2025-06-28,Middle East & Africa,Sporting Goods,Retail Store,Heather Ellis,8,383.53,10,2761.42
105877,2025-06-28,Middle East & Africa,Sporting Goods,Online,Shannon Hill,8,258.25,15,1756.1
102345,2025-06-28,Latin America,Home & Garden,Online,Mr. David Mercado,5,330.04,20,1320.16
102252,2025-06-28,Middle East & Africa,Home & Garden,Partner Reseller,Jim Skinner,6,306.54,15,1563.35
100683,2025-06-28,Europe,Office Supplies,Partner Reseller,Jennifer Hernandez,7,16.89,20,94.58
105611,2025-06-29,Latin America,Sporting Goods,Online,Ryan Moore,11,275.76,15,2578.36
103329,2025-06-29,Middle East & Africa,Sporting Goods,Partner Reseller,Kenneth Carroll,11,437.4,0,4811.4
104412,2025-06-29,Asia Pacific,Home & Garden,Retail Store,Tammy Jacobs,10,203.87,20,1630.96
102192,2025-06-29,North America,Apparel,Retail Store,Glenn Ford,8,144.79,15,984.57
103918,2025-06-29,Asia Pacific,Office Supplies,Online,Alexandra Wilson,12,198.13,10,2139.8
104668,2025-06-29,Asia Pacific,Home & Garden,Partner Reseller,Lindsey York,1,256.76,5,243.92
100418,2025-06-30,Latin America,Home & Garden,Retail Store,Jeffrey Mills,10,190.17,0,1901.7
103000,2025-06-30,Latin America,Apparel,Retail Store,Richard Harper,8,44.39,15,301.85
100543,2025-06-30,Latin America,Home & Garden,Online,Kathleen Robertson,1,46.83,20,37.46
100547,2025-06-30,Middle East & Africa,Electronics,Online,Julie Herrera,8,931.2,10,6704.64
103095,2025-06-30,Asia Pacific,Apparel,Partner Reseller,Kathleen Mooney,12,105.02,0,1260.24
103028,2025-06-30,Europe,Electronics,Partner Reseller,Caleb Ponce,1,586.52,5,557.19
104322,2025-06-30,North America,Home & Garden,Partner Reseller,Maria Hayes,9,286.94,0,2582.46
101442,2025-06-30,Latin America,Office Supplies,Partner Reseller,Crystal Hernandez,1,48.77,10,43.89
100156,2025-06-30,North America,Sporting Goods,Retail Store,Joshua Perry,12,350.57,5,3996.5
104588,2025-06-30,Asia Pacific,Office Supplies,Online,Christine Kennedy,12,87.4,20,839.04
100881,2025-06-30,Asia Pacific,Electronics,Retail Store,Denise Brown,10,322.58,5,3064.51
104181,2025-06-30,Asia Pacific,Home & Garden,Partner Reseller,Melissa Warner,2,51.65,10,92.97
103620,2025-06-30,Asia Pacific,Office Supplies,Online,Michael Flowers,5,79.33,15,337.15
104030,2025-06-30,North America,Home & Garden,Partner Reseller,Bruce Spencer,6,245.33,0,1471.98
104022,2025-06-30,Asia Pacific,Office Supplies,Partner Reseller,Michelle Hobbs,10,12.82,20,102.56
103211,2025-07-01,Europe,Sporting Goods,Online,Ronald Santos,1,479.6,15,407.66
103126,2025-07-01,Middle East & Africa,Home & Garden,Retail Store,Chelsea Garcia,10,370.39,0,3703.9
102374,2025-07-01,North America,Apparel,Online,Timothy Wallace,4,108.21,15,367.91
104953,2025-07-01,Middle East & Africa,Sporting Goods,Online,Matthew Miller,6,303.03,0,1818.18
104024,2025-07-01,Asia Pacific,Office Supplies,Retail Store,Andrew Medina,3,146.32,0,438.96
103538,2025-07-01,Middle East & Africa,Home & Garden,Online,Jacob King,7,53.65,0,375.55
102751,2025-07-01,Asia Pacific,Home & Garden,Retail Store,Patrick Faulkner,11,377.01,15,3525.04
105927,2025-07-01,Europe,Electronics,Retail Store,Chad Taylor,4,1126.36,0,4505.44
101439,2025-07-01,Europe,Office Supplies,Retail Store,Chelsea Smith,6,138.72,5,790.7
103008,2025-07-01,Asia Pacific,Electronics,Online,Wayne Davis,5,694.31,0,3471.55
105746,2025-07-01,Europe,Office Supplies,Online,Samantha Gillespie,5,6.42,0,32.1
104068,2025-07-01,Latin America,Home & Garden,Online,Ashley Barrera,11,98.82,0,1087.02
104464,2025-07-02,Middle East & Africa,Office Supplies,Online,Earl Hall,12,68.38,10,738.5
103451,2025-07-02,Europe,Electronics,Retail Store,Erin Jacobs,1,1068.39,0,1068.39
103069,2025-07-02,North America,Office Supplies,Online,Garrett Robinson,10,147.09,10,1323.81
103867,2025-07-02,Asia Pacific,Office Supplies,Retail Store,Holly Austin,5,97.08,5,461.13
104752,2025-07-02,Asia Pacific,Apparel,Partner Reseller,April Horton,5,71.93,0,359.65
104571,2025-07-02,Middle East & Africa,Electronics,Retail Store,Wyatt Rodriguez,3,1130.99,5,3223.32
105651,2025-07-02,Europe,Office Supplies,Retail Store,Cindy Kelley,12,37.86,10,408.89
104240,2025-07-02,Europe,Office Supplies,Partner Reseller,Matthew Farmer,9,103.26,0,929.34
104071,2025-07-03,North America,Electronics,Partner Reseller,Joshua Mitchell,10,398.44,0,3984.4
103452,2025-07-03,Asia Pacific,Home & Garden,Online,Nathan Lang,4,240.74,0,962.96
102404,2025-07-03,North America,Apparel,Online,Lori Riley,6,127.22,15,648.82
102530,2025-07-03,Asia Pacific,Home & Garden,Partner Reseller,Jennifer Smith,5,101.36,10,456.12
103892,2025-07-03,Asia Pacific,Home & Garden,Online,Elizabeth Marks,9,328.26,0,2954.34
102696,2025-07-03,Asia Pacific,Apparel,Retail Store,Laura Gregory,5,122.48,5,581.78
102168,2025-07-03,Asia Pacific,Sporting Goods,Retail Store,Laurie Silva,8,190.01,5,1444.08
101457,2025-07-03,Asia Pacific,Sporting Goods,Online,Christopher Hill,3,342.21,10,923.97
105432,2025-07-03,Middle East & Africa,Electronics,Online,Kristen Smith,3,820.68,5,2338.94
105714,2025-07-03,Europe,Apparel,Retail Store,Dean Harris,6,131.12,0,786.72
105734,2025-07-03,North America,Electronics,Retail Store,Catherine Castaneda,4,596.86,10,2148.7
104125,2025-07-03,Middle East & Africa,Home & Garden,Retail Store,Rachel Miller,12,253.26,5,2887.16
104430,2025-07-03,Asia Pacific,Home & Garden,Partner Reseller,Dawn Levy,11,18.96,5,198.13
103684,2025-07-03,Europe,Apparel,Partner Reseller,Kathleen Marshall,4,28.51,20,91.23
101934,2025-07-03,Asia Pacific,Apparel,Retail Store,Brenda Pierce,12,21.65,10,233.82
103204,2025-07-03,North America,Home & Garden,Partner Reseller,Justin Bernard,6,384.07,20,1843.54
104646,2025-07-03,Middle East & Africa,Office Supplies,Online,Ashley Hunt,10,182.19,15,1548.62
105656,2025-07-03,Asia Pacific,Home & Garden,Retail Store,Paul Martin,12,63.55,5,724.47
105154,2025-07-03,North America,Home & Garden,Partner Reseller,Carrie Ware,7,70.13,0,490.91
105186,2025-07-03,Asia Pacific,Office Supplies,Retail Store,Joshua Guerrero,4,44.69,5,169.82
100170,2025-07-03,Europe,Apparel,Online,Jamie Walton,9,87.12,5,744.88
104557,2025-07-04,Latin America,Office Supplies,Retail Store,David Koch,5,115.72,15,491.81
101142,2025-07-04,North America,Office Supplies,Partner Reseller,Joseph Haynes,2,114.13,0,228.26
104678,2025-07-04,Middle East & Africa,Electronics,Online,Anthony Jones,9,741.68,5,6341.36
102663,2025-07-04,Asia Pacific,Apparel,Partner Reseller,Pamela Burke,6,99.64,5,567.95
102346,2025-07-04,North America,Electronics,Partner Reseller,Victor Leonard,12,645.05,20,6192.48
100647,2025-07-04,Middle East & Africa,Apparel,Partner Reseller,Molly Rodriguez,12,122.87,0,1474.44
103701,2025-07-04,Asia Pacific,Office Supplies,Online,Larry Rivera,2,78.94,0,157.88
101337,2025-07-05,Europe,Apparel,Retail Store,Austin Walker,5,32.86,0,164.3
101793,2025-07-05,Asia Pacific,Electronics,Partner Reseller,John Mcfarland,1,789.83,20,631.86
101217,2025-07-05,Asia Pacific,Home & Garden,Online,Samantha Zavala MD,5,315.58,20,1262.32
105948,2025-07-05,Asia Pacific,Home & Garden,Retail Store,Thomas May,1,18.56,5,17.63
102769,2025-07-05,Middle East & Africa,Office Supplies,Partner Reseller,Nichole Klein,3,61.12,0,183.36
101153,2025-07-05,Asia Pacific,Sporting Goods,Online,Matthew Garcia MD,2,254.0,5,482.6
103085,2025-07-05,Middle East & Africa,Office Supplies,Retail Store,Richard Howard,12,75.78,5,863.89
101077,2025-07-05,Europe,Home & Garden,Online,David Carter,7,102.12,20,571.87
104008,2025-07-05,Latin America,Sporting Goods,Partner Reseller,Tiffany Hughes,8,88.16,10,634.75
104126,2025-07-05,North America,Office Supplies,Online,Scott Brown,4,72.79,0,291.16
104182,2025-07-06,Latin America,Office Supplies,Partner Reseller,Cody Morris,5,61.65,0,308.25
105597,2025-07-06,Middle East & Africa,Apparel,Online,Luis Mcclain,11,108.82,20,957.62
100709,2025-07-06,Europe,Sporting Goods,Online,Sean Clay,6,301.7,0,1810.2
102587,2025-07-06,Middle East & Africa,Sporting Goods,Retail Store,Jennifer Jackson,7,446.91,10,2815.53
101537,2025-07-06,Asia Pacific,Apparel,Online,Wanda Ramos,3,66.23,5,188.76
104074,2025-07-06,Latin America,Office Supplies,Partner Reseller,Kathleen Martinez,10,123.84,0,1238.4
104625,2025-07-06,Latin America,Home & Garden,Partner Reseller,Erin Gardner,6,262.14,10,1415.56
105428,2025-07-06,Latin America,Electronics,Online,Thomas Moses,9,322.42,10,2611.6
105735,2025-07-06,North America,Electronics,Partner Reseller,Jesse Pollard,6,167.17,10,902.72
101134,2025-07-07,North America,Sporting Goods,Retail Store,Rebekah Gregory,3,454.38,0,1363.14
104405,2025-07-07,North America,Electronics,Retail Store,Andre Jones,2,417.6,15,709.92
101449,2025-07-07,Middle East & Africa,Home & Garden,Partner Reseller,Jessica Rojas,5,398.15,15,1692.14
104887,2025-07-07,Asia Pacific,Office Supplies,Partner Reseller,Christina Myers,1,180.91,0,180.91
100373,2025-07-07,North America,Sporting Goods,Partner Reseller,Sergio Knight,9,262.04,0,2358.36
105138,2025-07-07,Europe,Sporting Goods,Partner Reseller,Stephanie Harris,12,26.17,0,314.04
101206,2025-07-07,Asia Pacific,Apparel,Partner Reseller,Justin Anderson,2,47.39,0,94.78
105692,2025-07-07,Europe,Sporting Goods,Partner Reseller,Isaiah Turner,5,464.09,10,2088.4
103839,2025-07-07,Europe,Office Supplies,Partner Reseller,Nicole Stewart,11,22.48,20,197.82
100038,2025-07-07,Europe,Electronics,Retail Store,Elizabeth Fowler,7,188.56,0,1319.92
100504,2025-07-08,Middle East & Africa,Home & Garden,Online,Katherine Martinez,10,130.67,15,1110.69
103022,2025-07-08,Latin America,Sporting Goods,Retail Store,Ashley Banks,9,399.0,0,3591.0
105936,2025-07-08,Asia Pacific,Apparel,Partner Reseller,Anthony David,2,65.06,0,130.12
103179,2025-07-08,Latin America,Office Supplies,Retail Store,Jessica Gibson,10,85.25,0,852.5
105995,2025-07-08,Asia Pacific,Home & Garden,Retail Store,Brittany Mitchell,6,189.15,15,964.67
101254,2025-07-08,North America,Office Supplies,Online,Julia Dunn MD,8,40.1,10,288.72
105470,2025-07-09,Middle East & Africa,Sporting Goods,Partner Reseller,Jessica Jones,5,353.97,0,1769.85
102170,2025-07-09,North America,Home & Garden,Online,Billy Tate,5,251.86,20,1007.44
102627,2025-07-09,Asia Pacific,Home & Garden,Online,Carol Carter,6,141.26,15,720.43
102333,2025-07-09,Latin America,Sporting Goods,Retail Store,Allison Kim,1,145.14,0,145.14
105749,2025-07-09,Europe,Apparel,Retail Store,Christopher Cox,12,77.17,10,833.44
101776,2025-07-10,Asia Pacific,Electronics,Online,Leah Lee,8,1185.47,0,9483.76
100986,2025-07-10,Asia Pacific,Apparel,Partner Reseller,Angela Jackson,12,32.21,0,386.52
103269,2025-07-10,Europe,Office Supplies,Partner Reseller,Elizabeth Wilson,8,189.95,0,1519.6
103928,2025-07-10,Middle East & Africa,Sporting Goods,Retail Store,Linda Cox,7,335.29,0,2347.03
102410,2025-07-10,Middle East & Africa,Electronics,Online,Brendan Walton,8,714.13,0,5713.04
101880,2025-07-10,Middle East & Africa,Apparel,Retail Store,Tiffany Anderson,7,143.35,5,953.28
102518,2025-07-10,Latin America,Apparel,Partner Reseller,David Yoder,12,120.23,0,1442.76
104218,2025-07-10,Europe,Office Supplies,Retail Store,Jason Clark,3,100.03,0,300.09
105410,2025-07-10,North America,Office Supplies,Retail Store,Lisa Ochoa,11,56.64,0,623.04
102389,2025-07-10,North America,Office Supplies,Retail Store,Terri Williams,3,169.23,15,431.54
104051,2025-07-10,Europe,Office Supplies,Partner Reseller,Susan Garcia,11,66.96,15,626.08
101186,2025-07-10,North America,Office Supplies,Online,Jennifer Adkins,5,160.63,10,722.84
101625,2025-07-11,Latin America,Electronics,Retail Store,Sara Evans,11,743.63,0,8179.93
100176,2025-07-11,Asia Pacific,Apparel,Retail Store,Michael Elliott,10,127.25,15,1081.62
104623,2025-07-11,North America,Sporting Goods,Online,Matthew Roberts,3,47.27,5,134.72
101293,2025-07-11,Latin America,Office Supplies,Partner Reseller,Mitchell Wilson,2,107.7,5,204.63
104889,2025-07-11,Middle East & Africa,Sporting Goods,Online,Christian Bryant,12,433.88,20,4165.25
103457,2025-07-11,Latin America,Office Supplies,Online,Robert Lozano,12,125.89,5,1435.15
101456,2025-07-11,Middle East & Africa,Electronics,Retail Store,Brian Chen,9,86.0,10,696.6
100609,2025-07-11,North America,Home & Garden,Retail Store,Casey Chase,9,100.93,0,908.37
103362,2025-07-12,Europe,Sporting Goods,Online,Amanda Barber,7,386.22,15,2298.01
103753,2025-07-12,Middle East & Africa,Sporting Goods,Retail Store,Craig Daniels,3,126.45,0,379.35
104826,2025-07-12,Latin America,Apparel,Online,Austin Horton,2,45.75,0,91.5
101724,2025-07-12,Middle East & Africa,Electronics,Online,Sharon Young,7,134.5,20,753.2
100211,2025-07-12,Europe,Sporting Goods,Partner Reseller,Denise Mccann,9,32.01,0,288.09
102520,2025-07-12,Asia Pacific,Electronics,Retail Store,Keith Long,6,327.54,10,1768.72
104456,2025-07-12,Middle East & Africa,Electronics,Online,Janice Gilbert,8,1052.55,5,7999.38
104080,2025-07-12,North America,Apparel,Online,Daniel Stewart,6,98.45,20,472.56
103256,2025-07-12,North America,Apparel,Retail Store,Jamie Zhang,1,63.12,10,56.81
101590,2025-07-12,Europe,Office Supplies,Partner Reseller,David Sullivan,3,132.05,0,396.15
104584,2025-07-12,Asia Pacific,Home & Garden,Partner Reseller,Benjamin Townsend,12,283.1,10,3057.48
101446,2025-07-12,North America,Office Supplies,Partner Reseller,John Lee,8,89.86,20,575.1
105532,2025-07-12,Europe,Office Supplies,Retail Store,Keith Gonzalez,12,68.13,5,776.68
105236,2025-07-12,North America,Sporting Goods,Retail Store,Allison Cunningham,10,195.09,5,1853.36
105745,2025-07-12,North America,Home & Garden,Online,Melissa Martinez,6,103.74,20,497.95
102372,2025-07-12,Asia Pacific,Home & Garden,Retail Store,Heather Thompson,12,78.23,20,751.01
103810,2025-07-12,Latin America,Electronics,Retail Store,Morgan Cunningham,3,858.29,0,2574.87
101006,2025-07-12,Middle East & Africa,Electronics,Online,Kristen Randall,3,129.03,0,387.09
104188,2025-07-13,Europe,Electronics,Partner Reseller,Gregory Quinn,10,574.04,5,5453.38
102178,2025-07-13,Europe,Home & Garden,Online,Morgan Bernard,11,359.6,20,3164.48
101214,2025-07-13,Europe,Sporting Goods,Online,Anna Walker,11,335.07,10,3317.19
103213,2025-07-13,Europe,Sporting Goods,Online,Mr. Antonio Yang,12,217.93,0,2615.16
100780,2025-07-13,Latin America,Sporting Goods,Partner Reseller,Christine Goodwin,8,171.71,15,1167.63
105349,2025-07-13,Latin America,Electronics,Partner Reseller,Erik Keller,11,973.97,0,10713.67
105484,2025-07-13,Asia Pacific,Home & Garden,Partner Reseller,Kimberly Grant,6,326.28,0,1957.68
105477,2025-07-13,Asia Pacific,Electronics,Online,Ashlee Mendez,3,871.11,0,2613.33
102891,2025-07-13,Latin America,Office Supplies,Online,Luis Wilson,4,18.25,10,65.7
104491,2025-07-14,Europe,Electronics,Retail Store,Carlos Hensley,5,618.86,10,2784.87
101487,2025-07-14,Europe,Sporting Goods,Online,Justin Hurley,11,273.09,10,2703.59
100481,2025-07-14,Middle East & Africa,Electronics,Online,Howard Norman,6,280.88,0,1685.28
101679,2025-07-14,Europe,Apparel,Partner Reseller,Bruce Hernandez,12,45.0,20,432.0
101270,2025-07-14,Latin America,Sporting Goods,Retail Store,Kevin Escobar,6,102.18,0,613.08
100991,2025-07-14,Middle East & Africa,Sporting Goods,Online,Brian Harris,3,350.44,0,1051.32
101920,2025-07-14,Europe,Electronics,Partner Reseller,Michelle Mitchell,7,223.17,10,1405.97
102955,2025-07-14,North America,Office Supplies,Partner Reseller,Rhonda Pena,5,40.34,15,171.45
101717,2025-07-14,Asia Pacific,Sporting Goods,Partner Reseller,Michael Stewart,2,252.68,0,505.36
101586,2025-07-14,Europe,Office Supplies,Partner Reseller,Alexis Nelson,8,119.28,10,858.82
103369,2025-07-14,Middle East & Africa,Electronics,Online,Eileen Sanchez,4,599.97,20,1919.9
105363,2025-07-14,Middle East & Africa,Home & Garden,Partner Reseller,James Grimes,3,368.31,15,939.19
102103,2025-07-14,North America,Apparel,Online,Juan Parker,2,141.28,0,282.56
101152,2025-07-15,Asia Pacific,Apparel,Retail Store,Jillian Wilson,12,64.89,15,661.88
104877,2025-07-15,North America,Home & Garden,Retail Store,Angel Hayes,11,384.4,5,4016.98
102951,2025-07-15,North America,Sporting Goods,Partner Reseller,Brittany Matthews,6,202.33,0,1213.98
105566,2025-07-15,North America,Electronics,Retail Store,Michael Cross DDS,4,147.12,20,470.78
103243,2025-07-15,North America,Apparel,Online,John Hopkins,9,46.56,0,419.04
100315,2025-07-15,North America,Sporting Goods,Online,Jordan Chambers,5,490.9,15,2086.32
100257,2025-07-15,North America,Home & Garden,Online,Kathleen Moran,4,131.05,20,419.36
101020,2025-07-15,Asia Pacific,Sporting Goods,Partner Reseller,Jason Hernandez,7,386.81,20,2166.14
100381,2025-07-15,Asia Pacific,Apparel,Retail Store,Paul Wilson,7,104.33,10,657.28
101035,2025-07-15,Asia Pacific,Office Supplies,Partner Reseller,Natalie Malone,3,141.06,0,423.18
103356,2025-07-15,North America,Office Supplies,Partner Reseller,Matthew Ruiz,2,131.42,0,262.84
100798,2025-07-15,Europe,Home & Garden,Partner Reseller,Bradley Johnson DDS,12,173.91,15,1773.88
104669,2025-07-15,Latin America,Sporting Goods,Partner Reseller,Brandon Baker,9,68.24,5,583.45
100266,2025-07-15,Asia Pacific,Home & Garden,Partner Reseller,Kimberly Gibson,3,143.23,0,429.69
105252,2025-07-15,North America,Apparel,Online,Teresa Jones,8,89.86,10,646.99
101108,2025-07-15,Middle East & Africa,Apparel,Retail Store,Kara Hernandez,2,140.41,20,224.66
103458,2025-07-15,Latin America,Home & Garden,Retail Store,Daniel Quinn,11,177.88,20,1565.34
104012,2025-07-15,North America,Home & Garden,Online,James Perez,3,119.28,0,357.84
103379,2025-07-16,Middle East & Africa,Home & Garden,Online,Brad Fisher,2,367.34,0,734.68
104122,2025-07-16,Europe,Apparel,Partner Reseller,Sean Anderson,5,84.85,0,424.25
100500,2025-07-16,Asia Pacific,Sporting Goods,Retail Store,Jennifer Banks,2,163.88,0,327.76
104189,2025-07-17,Middle East & Africa,Office Supplies,Partner Reseller,Sabrina Miller,11,133.76,20,1177.09
105113,2025-07-17,North America,Home & Garden,Online,Ryan Smith,6,121.86,5,694.6
105191,2025-07-17,North America,Office Supplies,Partner Reseller,George Smith,7,197.15,0,1380.05
103473,2025-07-17,Middle East & Africa,Home & Garden,Retail Store,Kristina Webb,2,291.54,15,495.62
103084,2025-07-18,Europe,Home & Garden,Partner Reseller,Allen White,3,193.77,0,581.31
101281,2025-07-18,Latin America,Office Supplies,Retail Store,Jacob Williams,1,150.72,5,143.18
102313,2025-07-18,Latin America,Apparel,Online,Robert Burns,12,138.52,15,1412.9
103244,2025-07-18,North America,Sporting Goods,Online,Tammy Rowe,4,255.44,0,1021.76
102639,2025-07-18,Europe,Sporting Goods,Online,Stacy Taylor,9,413.61,0,3722.49
102965,2025-07-18,Middle East & Africa,Apparel,Retail Store,Brandon Edwards,2,98.88,5,187.87
100267,2025-07-18,North America,Office Supplies,Partner Reseller,Colin Terry,6,104.44,0,626.64
105583,2025-07-18,Latin America,Electronics,Online,Mark Williamson,5,425.33,5,2020.32
105473,2025-07-18,Latin America,Sporting Goods,Partner Reseller,Adam Holland,4,325.3,0,1301.2
104238,2025-07-18,Latin America,Office Supplies,Online,Jenny Cardenas,2,192.17,20,307.47
105232,2025-07-18,Asia Pacific,Home & Garden,Retail Store,Joel Perez,11,89.48,0,984.28
104230,2025-07-18,Asia Pacific,Apparel,Partner Reseller,Desiree Thomas,8,104.7,0,837.6
100435,2025-07-18,Middle East & Africa,Sporting Goods,Retail Store,Sophia Johnson,4,275.33,0,1101.32
100278,2025-07-18,North America,Apparel,Partner Reseller,Shannon James,2,147.53,10,265.55
105666,2025-07-19,Europe,Sporting Goods,Partner Reseller,Daniel Williams,12,487.31,0,5847.72
100137,2025-07-19,Europe,Home & Garden,Partner Reseller,Courtney Gonzalez,8,98.31,0,786.48
102267,2025-07-19,North America,Electronics,Retail Store,Heidi Johnson,9,286.37,20,2061.86
102220,2025-07-19,Asia Pacific,Sporting Goods,Online,Christian Park,9,316.95,15,2424.67
105454,2025-07-19,North America,Home & Garden,Partner Reseller,Jasmin Hamilton,10,44.6,20,356.8
100560,2025-07-19,Latin America,Office Supplies,Retail Store,Nancy Evans MD,12,151.21,0,1814.52
100337,2025-07-19,North America,Electronics,Retail Store,Charles Lester,8,903.96,10,6508.51
102978,2025-07-19,Europe,Office Supplies,Partner Reseller,Donna Moore,2,33.35,5,63.37
102631,2025-07-19,Asia Pacific,Home & Garden,Retail Store,Kevin Huerta,10,257.05,5,2441.97
103045,2025-07-20,North America,Sporting Goods,Partner Reseller,Tiffany Harris,3,94.84,0,284.52
103152,2025-07-20,Asia Pacific,Home & Garden,Online,Eric Knox,1,361.49,5,343.42
104644,2025-07-20,Europe,Electronics,Retail Store,William Todd,7,509.89,0,3569.23
102982,2025-07-20,Asia Pacific,Sporting Goods,Online,Nicholas Lowery,4,235.92,15,802.13
103465,2025-07-20,North America,Office Supplies,Online,Benjamin Bowen,5,52.73,5,250.47
101014,2025-07-20,Europe,Office Supplies,Partner Reseller,William Graham,4,80.14,10,288.5
101437,2025-07-20,Latin America,Home & Garden,Retail Store,Catherine Roberts,4,16.18,15,55.01
102388,2025-07-20,Latin America,Apparel,Partner Reseller,Jordan Pace,9,53.65,0,482.85
100074,2025-07-21,Europe,Home & Garden,Retail Store,Amy Silva,4,24.11,5,91.62
103434,2025-07-21,Europe,Sporting Goods,Retail Store,Eric Hall,6,167.64,0,1005.84
103712,2025-07-21,Middle East & Africa,Electronics,Partner Reseller,Charles Baker,11,609.18,15,5695.83
101299,2025-07-21,Latin America,Apparel,Online,Christopher Mullen,12,68.82,15,701.96
101399,2025-07-21,North America,Office Supplies,Retail Store,Heather Nunez,5,46.75,0,233.75
105011,2025-07-21,Middle East & Africa,Electronics,Partner Reseller,Jesus Wheeler,3,702.64,5,2002.52
100800,2025-07-21,Europe,Home & Garden,Partner Reseller,Jim Newton,12,95.74,0,1148.88
104973,2025-07-21,Latin America,Home & Garden,Online,Daniel Ferrell,12,94.24,10,1017.79
104768,2025-07-21,Latin America,Sporting Goods,Online,Kiara Santana,10,316.31,15,2688.63
100438,2025-07-21,North America,Electronics,Partner Reseller,Rhonda Martin,8,745.22,10,5365.58
102608,2025-07-21,North America,Home & Garden,Retail Store,Lance Lynn,3,214.67,15,547.41
102561,2025-07-21,Asia Pacific,Home & Garden,Partner Reseller,Mark Henson,5,390.37,0,1951.85
103070,2025-07-21,Europe,Sporting Goods,Partner Reseller,Teresa Adams,12,178.47,5,2034.56
100009,2025-07-22,North America,Electronics,Online,Ryan Munoz,5,820.61,0,4103.05
101304,2025-07-22,Europe,Apparel,Online,Rebecca Hoover,6,41.75,0,250.5
101189,2025-07-22,Asia Pacific,Home & Garden,Retail Store,Michael Gonzalez,10,28.6,15,243.1
105513,2025-07-22,Middle East & Africa,Home & Garden,Partner Reseller,Alicia Navarro,10,16.74,20,133.92
105822,2025-07-22,Asia Pacific,Sporting Goods,Partner Reseller,Nathan Jones,3,183.88,10,496.48
101943,2025-07-22,Latin America,Home & Garden,Online,Jaclyn Watson,1,264.31,0,264.31
103312,2025-07-22,North America,Home & Garden,Online,Patrick Clark,1,351.81,10,316.63
101150,2025-07-22,North America,Sporting Goods,Partner Reseller,Jennifer Young,5,66.69,15,283.43
101649,2025-07-22,North America,Sporting Goods,Online,Nathaniel Gilbert,1,125.31,15,106.51
102758,2025-07-22,Asia Pacific,Electronics,Online,William Lindsey,7,932.31,20,5220.94
102047,2025-07-22,North America,Electronics,Retail Store,Gregory Stanley,7,770.21,0,5391.47
101540,2025-07-22,Middle East & Africa,Apparel,Online,Ashley Brown,6,111.02,0,666.12
104665,2025-07-23,North America,Office Supplies,Retail Store,Angela Parker,9,188.94,10,1530.41
105555,2025-07-23,Latin America,Sporting Goods,Retail Store,Whitney Macdonald DVM,9,243.55,5,2082.35
105912,2025-07-23,Middle East & Africa,Sporting Goods,Retail Store,Kathy Steele,12,348.51,5,3973.01
105285,2025-07-23,Middle East & Africa,Apparel,Retail Store,Charles Chang,12,13.44,15,137.09
103973,2025-07-23,Middle East & Africa,Sporting Goods,Partner Reseller,Johnny Whitaker,12,81.59,5,930.13
102142,2025-07-23,Latin America,Apparel,Retail Store,Casey Morris,5,148.57,15,631.42
102934,2025-07-23,North America,Apparel,Partner Reseller,Manuel Robinson,11,140.83,0,1549.13
102921,2025-07-24,North America,Office Supplies,Partner Reseller,Sheila Johnson,7,167.9,10,1057.77
102152,2025-07-24,North America,Sporting Goods,Retail Store,Sherry Anderson,10,401.76,20,3214.08
102790,2025-07-24,Middle East & Africa,Sporting Goods,Partner Reseller,Jeffrey White,8,106.55,0,852.4
100214,2025-07-24,North America,Electronics,Retail Store,Julie Alexander,9,342.98,0,3086.82
104152,2025-07-24,Middle East & Africa,Apparel,Retail Store,Jerry Hamilton,12,87.8,15,895.56
105678,2025-07-24,Middle East & Africa,Home & Garden,Online,Kyle Perry,2,38.49,5,73.13
102321,2025-07-25,Latin America,Apparel,Partner Reseller,James Weaver,11,28.45,0,312.95
102589,2025-07-25,Asia Pacific,Sporting Goods,Partner Reseller,Sally Leon,4,92.24,10,332.06
103112,2025-07-25,Latin America,Sporting Goods,Partner Reseller,Shawna Green,7,336.0,20,1881.6
101306,2025-07-25,Middle East & Africa,Apparel,Partner Reseller,Grace Chavez,3,35.52,20,85.25
100091,2025-07-25,Middle East & Africa,Electronics,Online,Brian Rodriguez,11,590.07,10,5841.69
102634,2025-07-25,Asia Pacific,Sporting Goods,Online,Kara Rogers,8,390.56,15,2655.81
100630,2025-07-25,North America,Electronics,Online,Rhonda Chavez,4,149.07,0,596.28
102672,2025-07-25,North America,Sporting Goods,Retail Store,Veronica Flores,11,410.32,15,3836.49
105599,2025-07-26,North America,Sporting Goods,Online,James Bradley,10,241.14,0,2411.4
100876,2025-07-26,Latin America,Sporting Goods,Partner Reseller,Michael Miles,10,249.93,0,2499.3
100321,2025-07-26,North America,Apparel,Partner Reseller,Charles Shah,9,140.67,5,1202.73
103447,2025-07-26,Asia Pacific,Office Supplies,Retail Store,Debra Chandler,12,70.77,15,721.85
105429,2025-07-26,North America,Electronics,Partner Reseller,Jeffrey Petersen,4,391.7,5,1488.46
104119,2025-07-26,North America,Apparel,Online,Denise Reese,2,145.08,20,232.13
104967,2025-07-26,North America,Electronics,Partner Reseller,Alison Zuniga,1,286.85,0,286.85
103848,2025-07-26,Asia Pacific,Apparel,Retail Store,Erica Taylor,1,52.07,5,49.47
102943,2025-07-26,Asia Pacific,Sporting Goods,Partner Reseller,Margaret Johnson,7,476.49,0,3335.43
102952,2025-07-26,Latin America,Electronics,Partner Reseller,Kevin Christian,9,441.62,20,3179.66
101366,2025-07-26,Europe,Office Supplies,Online,Susan Porter,7,84.42,0,590.94
105244,2025-07-27,Asia Pacific,Sporting Goods,Online,Angela Richards,7,342.45,0,2397.15
105925,2025-07-27,Middle East & Africa,Sporting Goods,Retail Store,Olivia Gonzalez,4,287.81,0,1151.24
104651,2025-07-27,North America,Home & Garden,Partner Reseller,Jasmine Day,3,113.1,0,339.3
103711,2025-07-27,Middle East & Africa,Home & Garden,Partner Reseller,Marie Patterson,9,222.88,10,1805.33
101796,2025-07-27,North America,Sporting Goods,Online,Susan Baldwin,4,161.05,15,547.57
101589,2025-07-27,North America,Apparel,Online,Dr. Katherine Nguyen,10,87.57,15,744.34
103345,2025-07-27,Europe,Sporting Goods,Partner Reseller,Amber Wilson,2,337.24,20,539.58
101532,2025-07-27,Asia Pacific,Apparel,Retail Store,Danielle Jones,2,80.7,0,161.4
102134,2025-07-28,Middle East & Africa,Office Supplies,Partner Reseller,Michael Wilson,5,97.97,20,391.88
105394,2025-07-28,Latin America,Office Supplies,Online,Nicholas Calhoun,1,103.47,0,103.47
104740,2025-07-28,Latin America,Sporting Goods,Partner Reseller,Angel Becker DVM,3,95.31,10,257.34
102809,2025-07-28,North America,Apparel,Partner Reseller,Christina Mccarthy,8,94.39,0,755.12
105890,2025-07-28,Europe,Apparel,Retail Store,Mark Mueller,8,101.44,15,689.79
101511,2025-07-28,Middle East & Africa,Apparel,Retail Store,Kevin Hall,5,87.46,15,371.7
100966,2025-07-28,Latin America,Office Supplies,Retail Store,Marie Thompson,2,49.29,5,93.65
102988,2025-07-28,Latin America,Office Supplies,Partner Reseller,Jamie Mayer,12,100.12,10,1081.3
105203,2025-07-28,Middle East & Africa,Electronics,Retail Store,Todd Beasley,7,195.48,10,1231.52
103218,2025-07-28,North America,Apparel,Partner Reseller,John Watts,9,120.75,15,923.74
105864,2025-07-28,Asia Pacific,Apparel,Retail Store,Michael Watkins,5,19.36,10,87.12
105023,2025-07-28,North America,Home & Garden,Online,Robert Durham,10,149.71,0,1497.1
101331,2025-07-28,Asia Pacific,Sporting Goods,Retail Store,Mary Adkins,11,79.6,0,875.6
100778,2025-07-29,Middle East & Africa,Home & Garden,Online,Allen Mendez,7,226.94,5,1509.15
105773,2025-07-29,Europe,Electronics,Retail Store,Christian Rowe,7,649.14,0,4543.98
104659,2025-07-29,Middle East & Africa,Sporting Goods,Partner Reseller,Amanda Conley,11,174.27,20,1533.58
104560,2025-07-29,Europe,Office Supplies,Retail Store,Christopher Murphy,11,175.51,0,1930.61
105289,2025-07-29,Latin America,Electronics,Online,Christopher Cain,6,1143.55,0,6861.3
105771,2025-07-30,Europe,Apparel,Online,Wyatt Kerr,1,47.37,0,47.37
102519,2025-07-30,Asia Pacific,Office Supplies,Partner Reseller,Judith Bartlett,3,11.97,0,35.91
104316,2025-07-30,Europe,Electronics,Partner Reseller,Kimberly Flores,5,291.81,20,1167.24
100777,2025-07-30,North America,Sporting Goods,Online,Cody Davidson,6,173.9,0,1043.4
100235,2025-07-30,Latin America,Electronics,Partner Reseller,Kathryn Snyder,2,968.27,20,1549.23
100890,2025-07-30,Latin America,Home & Garden,Retail Store,Jennifer Morris,8,376.29,20,2408.26
102473,2025-07-30,Asia Pacific,Office Supplies,Online,Tammy Garcia,4,105.24,15,357.82
101915,2025-07-30,Asia Pacific,Office Supplies,Partner Reseller,Sarah Wallace,6,108.13,0,648.78
103106,2025-07-31,North America,Electronics,Online,Tracy Martinez,2,145.8,0,291.6
102045,2025-07-31,Middle East & Africa,Sporting Goods,Partner Reseller,Alyssa Vance,11,203.15,15,1899.45
101594,2025-07-31,North America,Sporting Goods,Partner Reseller,Kelly Hayes,10,481.33,0,4813.3
104732,2025-07-31,Middle East & Africa,Home & Garden,Partner Reseller,Laurie Fuller,1,388.13,0,388.13
103310,2025-07-31,Latin America,Sporting Goods,Partner Reseller,Lisa Ramirez,12,228.98,0,2747.76
103272,2025-07-31,Europe,Sporting Goods,Online,Michael Jones,5,317.16,15,1347.93
101130,2025-07-31,Latin America,Home & Garden,Retail Store,James Jefferson,5,244.15,15,1037.64
102354,2025-07-31,Asia Pacific,Office Supplies,Partner Reseller,Timothy Olson,8,144.34,0,1154.72
100509,2025-08-01,Latin America,Home & Garden,Partner Reseller,Michelle Ho,5,183.81,20,735.24
101353,2025-08-01,North America,Sporting Goods,Online,Edward Arroyo,5,77.08,0,385.4
101869,2025-08-01,Europe,Sporting Goods,Retail Store,Carolyn Cordova,8,493.4,10,3552.48
105028,2025-08-01,Middle East & Africa,Office Supplies,Partner Reseller,Richard Stuart,5,160.44,0,802.2
100196,2025-08-01,Asia Pacific,Sporting Goods,Retail Store,Daniel Salinas,8,351.35,20,2248.64
103672,2025-08-01,Asia Pacific,Home & Garden,Retail Store,Alyssa Weber,5,122.36,15,520.03
104672,2025-08-01,North America,Home & Garden,Online,Ryan Pierce,2,137.43,15,233.63
101037,2025-08-01,Europe,Sporting Goods,Online,Eric Hunter,7,159.1,0,1113.7
103565,2025-08-01,Latin America,Electronics,Online,Nathaniel Wright,8,246.25,0,1970.0
100304,2025-08-01,Asia Pacific,Electronics,Online,Maria Parker,11,1019.88,0,11218.68
105567,2025-08-01,Middle East & Africa,Apparel,Partner Reseller,Stacy Garcia,2,125.43,0,250.86
105483,2025-08-02,Asia Pacific,Home & Garden,Online,Lawrence Glover,11,272.72,0,2999.92
101888,2025-08-02,North America,Office Supplies,Online,Jeffery Nelson,3,105.29,5,300.08
105038,2025-08-02,Europe,Electronics,Partner Reseller,Nicole Price,12,556.52,5,6344.33
102214,2025-08-02,North America,Sporting Goods,Online,Calvin Smith,7,225.21,20,1261.18
102966,2025-08-02,North America,Apparel,Online,Candice Ramirez,12,71.08,5,810.31
101343,2025-08-02,Middle East & Africa,Apparel,Retail Store,Kyle Black,8,62.22,5,472.87
101986,2025-08-03,Asia Pacific,Home & Garden,Online,Robert Walker,3,178.11,0,534.33
104986,2025-08-03,Asia Pacific,Home & Garden,Partner Reseller,Susan Figueroa,8,183.35,15,1246.78
100984,2025-08-03,Latin America,Home & Garden,Retail Store,Carla Jones,1,298.98,0,298.98
104423,2025-08-03,Europe,Sporting Goods,Online,Heather Daniels,1,339.0,0,339.0
104589,2025-08-03,Middle East & Africa,Sporting Goods,Retail Store,Christopher Lee,8,347.74,0,2781.92
102912,2025-08-03,North America,Apparel,Online,Alicia Grant DVM,8,29.86,20,191.1
102956,2025-08-03,Latin America,Office Supplies,Partner Reseller,Candace Stuart,1,132.47,0,132.47
101859,2025-08-03,Asia Pacific,Electronics,Retail Store,Brent Rojas,6,486.36,20,2334.53
102826,2025-08-03,North America,Home & Garden,Retail Store,Richard Rice,2,50.31,0,100.62
100075,2025-08-03,Asia Pacific,Electronics,Partner Reseller,Sarah Moore,5,1162.92,0,5814.6
103916,2025-08-03,Europe,Home & Garden,Partner Reseller,Patrick Blackburn,3,69.53,15,177.3
100159,2025-08-03,Middle East & Africa,Office Supplies,Retail Store,Jamie Smith,11,190.4,20,1675.52
102369,2025-08-03,Asia Pacific,Apparel,Partner Reseller,Mariah Jones,10,83.15,0,831.5
104136,2025-08-03,Europe,Office Supplies,Retail Store,Bridget Wallace,1,121.08,5,115.03
104148,2025-08-03,North America,Electronics,Partner Reseller,Steven Butler,7,909.94,0,6369.58
100086,2025-08-04,Asia Pacific,Apparel,Partner Reseller,Shirley Suarez,10,39.43,10,354.87
101989,2025-08-04,Middle East & Africa,Office Supplies,Retail Store,Rachel Jones,12,169.13,5,1928.08
101619,2025-08-04,Asia Pacific,Electronics,Retail Store,Stephen Young,8,841.79,5,6397.6
100719,2025-08-04,Latin America,Electronics,Retail Store,Jeffrey Roberson,5,456.64,15,1940.72
104449,2025-08-04,Europe,Electronics,Partner Reseller,Veronica Nelson,3,952.97,10,2573.02
102026,2025-08-04,Europe,Electronics,Retail Store,Mark Taylor Jr.,11,1146.96,5,11985.73
104225,2025-08-04,Latin America,Apparel,Partner Reseller,Katherine Harrison,4,98.84,0,395.36
104193,2025-08-04,Asia Pacific,Home & Garden,Retail Store,Andrea Baker,3,178.8,10,482.76
100002,2025-08-05,North America,Home & Garden,Partner Reseller,Angie Henderson,10,104.57,0,1045.7
103219,2025-08-05,Europe,Electronics,Online,Aaron Munoz,5,613.13,10,2759.09
105866,2025-08-05,Asia Pacific,Sporting Goods,Partner Reseller,Christopher Gutierrez,8,219.23,0,1753.84
103016,2025-08-05,North America,Electronics,Online,Kelly Hubbard,7,355.74,0,2490.18
101874,2025-08-05,North America,Sporting Goods,Retail Store,Leslie Hernandez,12,344.98,0,4139.76
102137,2025-08-05,Latin America,Apparel,Online,Scott Greene,5,12.92,0,64.6
100972,2025-08-05,Latin America,Sporting Goods,Partner Reseller,Amanda Guzman,2,125.88,5,239.17
105935,2025-08-05,Asia Pacific,Electronics,Partner Reseller,Amy Ramirez,3,386.19,15,984.78
104988,2025-08-05,Asia Pacific,Home & Garden,Retail Store,Sherry Shannon,4,254.4,0,1017.6
103894,2025-08-05,North America,Home & Garden,Partner Reseller,Sean Wagner,11,201.28,0,2214.08
103124,2025-08-05,North America,Apparel,Partner Reseller,Blake Bonilla,7,56.56,10,356.33
105823,2025-08-05,Latin America,Home & Garden,Online,Tamara Peterson,11,79.07,10,782.79
103881,2025-08-05,Middle East & Africa,Electronics,Retail Store,Kenneth Webb,9,635.16,20,4573.15
101003,2025-08-05,Europe,Apparel,Retail Store,Derrick Brown,11,110.94,10,1098.31
101317,2025-08-05,Europe,Office Supplies,Online,Kevin Figueroa,5,107.65,0,538.25
101741,2025-08-06,North America,Home & Garden,Online,Nicholas Terrell,5,159.19,0,795.95
101895,2025-08-06,Latin America,Apparel,Retail Store,Christine Zavala,8,26.63,10,191.74
102973,2025-08-06,North America,Apparel,Partner Reseller,Ryan Crane,1,18.4,0,18.4
104281,2025-08-06,Middle East & Africa,Apparel,Online,Sabrina Ward,1,110.83,15,94.21
104090,2025-08-06,Asia Pacific,Electronics,Online,Carolyn Cantu,2,80.92,0,161.84
105350,2025-08-06,Europe,Apparel,Retail Store,Louis Bowen,8,23.13,15,157.28
103773,2025-08-06,Asia Pacific,Electronics,Partner Reseller,Tyler Zavala,7,91.84,20,514.3
101364,2025-08-06,Middle East & Africa,Electronics,Retail Store,Karen Gomez,8,172.12,0,1376.96
105557,2025-08-07,Latin America,Sporting Goods,Retail Store,Darren Morse,5,190.25,10,856.12
101953,2025-08-07,Middle East & Africa,Electronics,Partner Reseller,Justin Page,1,103.75,0,103.75
105847,2025-08-07,Asia Pacific,Home & Garden,Partner Reseller,Caleb Williams,5,154.41,0,772.05
103761,2025-08-07,Asia Pacific,Electronics,Partner Reseller,Donald Hoffman,8,578.98,0,4631.84
104494,2025-08-07,Asia Pacific,Office Supplies,Online,Mark Webster,2,197.27,10,355.09
104506,2025-08-07,Europe,Apparel,Partner Reseller,Mark Thomas,3,75.26,0,225.78
100384,2025-08-07,Middle East & Africa,Office Supplies,Partner Reseller,Aimee Turner,7,156.05,0,1092.35
105647,2025-08-07,Europe,Office Supplies,Partner Reseller,Julie Padilla,5,79.53,5,377.77
100325,2025-08-08,Asia Pacific,Home & Garden,Partner Reseller,Patrick Moore,8,206.04,0,1648.32
100828,2025-08-08,Latin America,Sporting Goods,Retail Store,Derrick Clayton,11,41.05,0,451.55
103044,2025-08-08,Middle East & Africa,Office Supplies,Online,Lori Green,7,179.49,0,1256.43
101403,2025-08-08,Asia Pacific,Office Supplies,Partner Reseller,Laura Sweeney,7,161.8,15,962.71
103080,2025-08-08,Middle East & Africa,Office Supplies,Online,Jacqueline Chen,10,138.11,20,1104.88
101766,2025-08-08,North America,Sporting Goods,Online,Eric Reese,12,464.73,0,5576.76
100805,2025-08-08,Middle East & Africa,Electronics,Partner Reseller,Ronald Potter,3,108.3,0,324.9
101065,2025-08-08,Europe,Sporting Goods,Retail Store,Melanie Griffith,3,135.37,5,385.8
102534,2025-08-08,Asia Pacific,Office Supplies,Online,Robert Skinner,12,192.52,10,2079.22
101572,2025-08-08,Middle East & Africa,Sporting Goods,Partner Reseller,Brianna Fitzpatrick,7,205.87,0,1441.09
105064,2025-08-08,Asia Pacific,Sporting Goods,Online,Ashley Olson,5,196.14,5,931.66
103137,2025-08-08,Asia Pacific,Home & Garden,Retail Store,Derek Mcintosh,11,268.12,0,2949.32
104921,2025-08-08,North America,Apparel,Retail Store,Justin Yu,2,134.77,0,269.54
103499,2025-08-08,North America,Home & Garden,Partner Reseller,Matthew Thomas,3,262.52,20,630.05
105412,2025-08-08,Latin America,Apparel,Online,Dana Carter,2,57.38,10,103.28
101791,2025-08-08,Asia Pacific,Home & Garden,Partner Reseller,Janet Cook,10,156.85,15,1333.22
105765,2025-08-08,Europe,Sporting Goods,Online,Scott Thompson,4,462.26,10,1664.14
101801,2025-08-08,North America,Electronics,Online,Laura Robertson,12,567.08,0,6804.96
104028,2025-08-09,Middle East & Africa,Sporting Goods,Online,Mr. Zachary Mora DVM,12,407.52,10,4401.22
104831,2025-08-09,North America,Home & Garden,Retail Store,Kelsey Lewis,1,172.16,10,154.94
103116,2025-08-09,North America,Sporting Goods,Online,Joe Martinez,6,440.25,0,2641.5
105196,2025-08-09,North America,Office Supplies,Partner Reseller,Patrick Rios,4,176.17,10,634.21
103793,2025-08-09,Middle East & Africa,Apparel,Online,Paul Nguyen,12,52.95,0,635.4
100959,2025-08-09,North America,Apparel,Retail Store,Mitchell Sellers,2,96.53,15,164.1
102668,2025-08-09,Latin America,Electronics,Partner Reseller,Patrick Pineda,10,753.86,20,6030.88
105435,2025-08-09,North America,Electronics,Partner Reseller,Jesus Shaw,3,688.4,0,2065.2
101471,2025-08-09,North America,Home & Garden,Retail Store,Kristen Jones,11,310.78,0,3418.58
103706,2025-08-09,Latin America,Office Supplies,Partner Reseller,Mike Martinez,10,164.5,0,1645.0
105071,2025-08-10,Latin America,Home & Garden,Online,Ryan Warren,12,88.99,0,1067.88
102613,2025-08-10,North America,Sporting Goods,Retail Store,Eric Ponce,7,117.96,15,701.86
100265,2025-08-10,Middle East & Africa,Sporting Goods,Retail Store,Joshua Reed,7,271.5,20,1520.4
102536,2025-08-10,Europe,Home & Garden,Online,Joseph Myers,12,102.91,5,1173.17
102204,2025-08-10,North America,Electronics,Partner Reseller,Elizabeth Matthews,2,765.33,0,1530.66
100723,2025-08-10,Latin America,Apparel,Retail Store,Todd Reynolds,7,46.32,5,308.03
101344,2025-08-11,Europe,Electronics,Online,Christopher Johnson,9,324.02,0,2916.18
103331,2025-08-11,North America,Office Supplies,Retail Store,Tammy Anderson,9,62.63,20,450.94
103578,2025-08-11,Europe,Home & Garden,Partner Reseller,Rebecca Davis,8,306.77,0,2454.16
104947,2025-08-11,Asia Pacific,Apparel,Online,Kayla Burke,7,132.5,5,881.12
105217,2025-08-11,Europe,Electronics,Retail Store,Elizabeth Brown,12,604.3,5,6889.02
102916,2025-08-11,North America,Home & Garden,Retail Store,Susan Sanchez,7,97.96,15,582.86
104908,2025-08-11,Asia Pacific,Sporting Goods,Partner Reseller,Kyle Armstrong,3,359.08,10,969.52
104728,2025-08-11,North America,Home & Garden,Partner Reseller,Tyler Murphy,12,37.6,0,451.2
104485,2025-08-11,Asia Pacific,Home & Garden,Retail Store,Cassandra Martinez,3,166.73,10,450.17
103136,2025-08-11,Europe,Sporting Goods,Partner Reseller,Allen Stanley,3,29.93,15,76.32
104645,2025-08-11,Middle East & Africa,Office Supplies,Retail Store,Gerald Price,4,84.6,0,338.4
105650,2025-08-11,North America,Apparel,Retail Store,Joseph Stokes,9,129.96,10,1052.68
102276,2025-08-12,Middle East & Africa,Electronics,Retail Store,Douglas Rose,4,198.98,20,636.74
100763,2025-08-12,North America,Electronics,Online,Jessica Smith,1,1033.4,0,1033.4
104928,2025-08-12,Europe,Electronics,Retail Store,Marie Roach,4,704.77,5,2678.13
101163,2025-08-12,Latin America,Electronics,Partner Reseller,Amber Martin,11,750.05,20,6600.44
102230,2025-08-12,North America,Office Supplies,Retail Store,Steven Butler,7,99.02,20,554.51
101904,2025-08-13,Middle East & Africa,Office Supplies,Partner Reseller,Teresa Jones,10,40.33,15,342.8
100462,2025-08-13,Asia Pacific,Home & Garden,Partner Reseller,Riley Bryant,4,90.53,5,344.01
100653,2025-08-13,Europe,Office Supplies,Online,Amy Gordon,3,142.42,20,341.81
104596,2025-08-13,Latin America,Apparel,Partner Reseller,Richard Best,3,95.5,5,272.18
104083,2025-08-14,Europe,Office Supplies,Retail Store,Mathew Myers,1,154.62,0,154.62
102730,2025-08-14,Latin America,Electronics,Online,Elijah Wall,2,828.95,0,1657.9
100742,2025-08-14,North America,Sporting Goods,Online,George Ochoa,5,261.6,0,1308.0
100217,2025-08-14,North America,Sporting Goods,Partner Reseller,Mark Brown,5,315.51,0,1577.55
101833,2025-08-14,Latin America,Apparel,Online,Bryan Thomas,2,11.62,0,23.24
100627,2025-08-14,Europe,Apparel,Retail Store,Laura Hernandez,1,65.47,15,55.65
105669,2025-08-14,Asia Pacific,Office Supplies,Partner Reseller,Bethany Liu,9,127.56,15,975.83
103404,2025-08-15,Middle East & Africa,Sporting Goods,Partner Reseller,Dustin Wilson,1,481.97,15,409.67
101198,2025-08-15,Latin America,Sporting Goods,Retail Store,Emily Arnold,4,389.78,15,1325.25
104959,2025-08-15,Asia Pacific,Electronics,Retail Store,Jon Ramos,5,1130.92,0,5654.6
104963,2025-08-15,Europe,Apparel,Partner Reseller,Justin Davis,1,116.54,5,110.71
104526,2025-08-15,Middle East & Africa,Office Supplies,Online,Andrea Donaldson,1,39.13,20,31.3
103207,2025-08-15,Asia Pacific,Apparel,Partner Reseller,Joshua Cunningham,11,92.07,5,962.13
102159,2025-08-15,Middle East & Africa,Home & Garden,Online,Pamela Hernandez DVM,12,382.17,0,4586.04
104955,2025-08-15,Europe,Sporting Goods,Online,Jason Thompson,7,257.86,5,1714.77
102602,2025-08-15,Asia Pacific,Sporting Goods,Online,Miranda Hicks,2,142.54,5,270.83
103101,2025-08-15,Europe,Office Supplies,Partner Reseller,Matthew Jones,10,23.74,0,237.4
100619,2025-08-15,North America,Office Supplies,Retail Store,Elizabeth Mendez,3,23.64,15,60.28
101994,2025-08-16,Europe,Office Supplies,Retail Store,Tamara Harris,1,44.34,0,44.34
104604,2025-08-16,Europe,Office Supplies,Retail Store,Matthew Doyle,12,182.93,20,1756.13
105184,2025-08-16,Europe,Electronics,Partner Reseller,Marcus Blair,1,1000.31,15,850.26
102340,2025-08-16,Middle East & Africa,Sporting Goods,Online,Jason Nguyen,4,432.67,0,1730.68
103630,2025-08-16,Middle East & Africa,Apparel,Retail Store,Ms. Janet Leonard,5,35.05,5,166.49
100851,2025-08-16,Latin America,Apparel,Partner Reseller,Paul Lawrence,5,96.29,15,409.23
103032,2025-08-16,Europe,Home & Garden,Partner Reseller,Deborah Roberson,11,343.65,10,3402.13
103335,2025-08-16,North America,Home & Garden,Online,Matthew Patton,4,338.09,0,1352.36
100388,2025-08-16,North America,Home & Garden,Partner Reseller,Sandra Drake,9,214.69,0,1932.21
100398,2025-08-16,Asia Pacific,Home & Garden,Online,Ashley Hicks,12,57.05,10,616.14
103680,2025-08-16,Asia Pacific,Apparel,Retail Store,Jennifer Greene,12,77.37,0,928.44
103737,2025-08-16,North America,Home & Garden,Partner Reseller,Susan Larsen,2,397.57,5,755.38
100419,2025-08-17,Middle East & Africa,Sporting Goods,Online,Jake Campbell,11,383.53,20,3375.06
104713,2025-08-17,North America,Sporting Goods,Partner Reseller,Randy Kennedy,5,249.16,0,1245.8
105491,2025-08-17,Middle East & Africa,Electronics,Online,Brandi Ibarra,3,649.6,5,1851.36
104638,2025-08-17,Asia Pacific,Sporting Goods,Online,Diana Miller,4,217.33,0,869.32
101155,2025-08-17,Middle East & Africa,Office Supplies,Partner Reseller,Lisa Torres,2,29.84,5,56.7
103992,2025-08-17,North America,Home & Garden,Online,Kristin Brown,8,90.04,0,720.32
103890,2025-08-17,Latin America,Apparel,Online,Traci Martinez,4,66.94,5,254.37
103325,2025-08-17,Middle East & Africa,Apparel,Online,Jessica Patterson,10,149.05,15,1266.92
100399,2025-08-18,Europe,Electronics,Partner Reseller,Hannah Luna,9,830.21,0,7471.89
102538,2025-08-18,Europe,Electronics,Retail Store,Hunter Robinson,3,1094.88,10,2956.18
102210,2025-08-18,Europe,Electronics,Retail Store,John Holt,1,987.21,0,987.21
100447,2025-08-18,Asia Pacific,Sporting Goods,Online,Shelly Spencer,9,108.26,5,925.62
102841,2025-08-18,Latin America,Apparel,Partner Reseller,Melissa Yang,8,79.96,0,639.68
102928,2025-08-18,North America,Office Supplies,Retail Store,Paul Gordon,3,54.37,0,163.11
104762,2025-08-18,Asia Pacific,Home & Garden,Partner Reseller,Sandra Moore,11,344.38,0,3788.18
105694,2025-08-18,Asia Pacific,Sporting Goods,Online,Jessica Reynolds,11,233.33,15,2181.64
103738,2025-08-18,Asia Pacific,Electronics,Retail Store,Rachel Warren,1,619.25,20,495.4
104190,2025-08-18,North America,Home & Garden,Partner Reseller,Michelle Smith,9,130.21,0,1171.89
105213,2025-08-19,Europe,Apparel,Partner Reseller,Courtney Page,9,59.92,0,539.28
104302,2025-08-19,Latin America,Sporting Goods,Online,Denise Johnson,2,134.85,10,242.73
100558,2025-08-19,Latin America,Sporting Goods,Partner Reseller,Larry Robertson,11,88.24,0,970.64
105630,2025-08-19,North America,Sporting Goods,Retail Store,Linda Henderson,5,458.18,10,2061.81
101645,2025-08-19,Latin America,Apparel,Online,Mrs. Felicia Castro DDS,4,37.36,15,127.02
100107,2025-08-19,Latin America,Apparel,Online,Sierra Johnson,7,103.64,15,616.66
101630,2025-08-19,North America,Home & Garden,Retail Store,Anna Evans,8,38.87,0,310.96
101856,2025-08-19,Middle East & Africa,Home & Garden,Retail Store,Steven Griffith,3,176.58,0,529.74
105157,2025-08-19,Latin America,Sporting Goods,Online,Laura Bailey,2,184.4,0,368.8
102422,2025-08-19,Asia Pacific,Electronics,Online,Patricia Hernandez,4,654.87,0,2619.48
104242,2025-08-19,Asia Pacific,Office Supplies,Retail Store,Mario Peters,4,48.38,0,193.52
101200,2025-08-20,Asia Pacific,Electronics,Retail Store,Sheila Greer,8,138.83,5,1055.11
102806,2025-08-20,Middle East & Africa,Apparel,Online,Danielle Hernandez,2,133.98,0,267.96
104573,2025-08-20,Asia Pacific,Apparel,Partner Reseller,Diane Brown,8,15.74,15,107.03
100331,2025-08-20,Latin America,Apparel,Online,Colton Martinez,12,81.83,15,834.67
103940,2025-08-20,Latin America,Sporting Goods,Online,Tiffany Johnston,9,37.44,5,320.11
102070,2025-08-20,Latin America,Electronics,Online,Timothy Patel,8,543.39,15,3695.05
103432,2025-08-20,Latin America,Home & Garden,Partner Reseller,James Silva,9,33.05,20,237.96
101107,2025-08-20,Middle East & Africa,Office Supplies,Partner Reseller,Jennifer James,3,158.52,5,451.78
103742,2025-08-20,Asia Pacific,Home & Garden,Partner Reseller,Shelia Waller,8,379.6,0,3036.8
105118,2025-08-20,Latin America,Home & Garden,Partner Reseller,Joseph Miller,12,363.36,10,3924.29
105685,2025-08-21,North America,Home & Garden,Online,Keith Solis,5,90.67,10,408.02
103337,2025-08-21,North America,Office Supplies,Online,Erica Baker,7,97.23,15,578.52
104574,2025-08-21,Latin America,Electronics,Retail Store,Debbie Schneider,4,404.86,0,1619.44
102867,2025-08-21,Europe,Electronics,Partner Reseller,Anna White,10,446.48,5,4241.56
104918,2025-08-21,Latin America,Apparel,Retail Store,Tiffany Zamora,10,113.7,0,1137.0
103527,2025-08-21,North America,Sporting Goods,Retail Store,Kerry Ware,10,224.58,0,2245.8
102944,2025-08-21,Latin America,Electronics,Retail Store,William Cunningham,5,861.56,0,4307.8
105623,2025-08-21,Europe,Home & Garden,Retail Store,Dana Hernandez,11,279.5,20,2459.6
102005,2025-08-21,Asia Pacific,Office Supplies,Partner Reseller,Henry Gray,7,171.91,0,1203.37
100431,2025-08-22,Latin America,Apparel,Retail Store,Jack White,7,149.0,5,990.85
102492,2025-08-22,Europe,Sporting Goods,Online,Richard Medina,6,284.03,20,1363.34
100157,2025-08-22,Middle East & Africa,Office Supplies,Online,Jason Stein,2,101.29,10,182.32
101244,2025-08-22,Europe,Sporting Goods,Retail Store,Michael Sloan,12,181.92,15,1855.58
103644,2025-08-22,North America,Electronics,Retail Store,Sandy Oconnor,9,497.21,20,3579.91
101178,2025-08-22,Latin America,Office Supplies,Retail Store,Jason Graves,10,186.41,0,1864.1
102637,2025-08-22,North America,Office Supplies,Retail Store,Henry Rivera,3,143.98,20,345.55
100710,2025-08-22,Asia Pacific,Electronics,Online,Anthony Jones,7,399.28,0,2794.96
102838,2025-08-22,Latin America,Electronics,Retail Store,Timothy Gordon,11,1174.43,0,12918.73
101902,2025-08-22,Europe,Apparel,Online,Kim Carter,5,117.34,15,498.7
104002,2025-08-22,Asia Pacific,Home & Garden,Online,Michelle Howard,6,187.66,15,957.07
103376,2025-08-22,North America,Electronics,Online,Beth Medina,5,562.9,0,2814.5
100092,2025-08-22,Latin America,Sporting Goods,Partner Reseller,Denise Jacobs,3,211.83,15,540.17
101748,2025-08-22,North America,Home & Garden,Online,Jennifer Yu,3,35.06,0,105.18
105153,2025-08-22,Middle East & Africa,Office Supplies,Online,Richard Roy,12,115.1,0,1381.2
101883,2025-08-22,Europe,Electronics,Online,Nicole Johnson,10,906.59,5,8612.6
104848,2025-08-23,Asia Pacific,Home & Garden,Partner Reseller,Phillip Kelly,2,30.73,10,55.31
103422,2025-08-23,Latin America,Home & Garden,Retail Store,Timothy Bauer,11,115.38,15,1078.8
104938,2025-08-23,North America,Sporting Goods,Retail Store,Claire Hoffman,7,165.94,0,1161.58
100766,2025-08-23,Latin America,Sporting Goods,Retail Store,Raymond Chapman,7,150.48,15,895.36
105855,2025-08-23,Middle East & Africa,Sporting Goods,Partner Reseller,Stacey Davis,8,291.61,0,2332.88
103587,2025-08-23,Latin America,Electronics,Online,Alex Lamb,10,379.19,0,3791.9
101477,2025-08-23,Europe,Home & Garden,Retail Store,Joseph Jimenez,11,347.36,0,3820.96
102442,2025-08-23,North America,Sporting Goods,Retail Store,Alex Cameron,3,81.68,5,232.79
105040,2025-08-23,Middle East & Africa,Sporting Goods,Retail Store,Michael Jackson,6,48.21,20,231.41
105760,2025-08-23,Latin America,Office Supplies,Retail Store,Maria Williams,3,115.68,20,277.63
105302,2025-08-23,North America,Office Supplies,Partner Reseller,Andrew Lam,5,40.81,10,183.65
103168,2025-08-24,Middle East & Africa,Apparel,Online,Monica Smith,7,24.06,20,134.74
104621,2025-08-24,Europe,Sporting Goods,Partner Reseller,Margaret Torres,3,214.95,0,644.85
101811,2025-08-24,Latin America,Apparel,Online,Connor Dominguez,11,117.98,20,1038.22
103420,2025-08-24,Middle East & Africa,Office Supplies,Online,Kayla Waters,7,170.11,20,952.62
104362,2025-08-24,Latin America,Home & Garden,Partner Reseller,Michael Price,6,133.09,15,678.76
105192,2025-08-24,North America,Electronics,Partner Reseller,Vicki Hernandez,3,1051.14,0,3153.42
100918,2025-08-24,Middle East & Africa,Apparel,Retail Store,Bryan Moore,7,107.19,10,675.3
101509,2025-08-24,Latin America,Sporting Goods,Partner Reseller,Tammy Moore,10,253.33,15,2153.31
105997,2025-08-24,Europe,Apparel,Retail Store,Colleen Hernandez,7,15.45,15,91.93
102501,2025-08-24,Latin America,Electronics,Partner Reseller,Katherine Lopez,1,1146.07,15,974.16
101689,2025-08-24,Latin America,Sporting Goods,Partner Reseller,Robert Marquez,7,349.17,20,1955.35
101990,2025-08-25,Asia Pacific,Sporting Goods,Retail Store,Nicole Williams,3,417.08,0,1251.24
105478,2025-08-25,Europe,Home & Garden,Partner Reseller,Leslie Barton,5,297.97,0,1489.85
102541,2025-08-25,North America,Home & Garden,Retail Store,Michelle Prince,8,199.15,0,1593.2
102901,2025-08-25,Europe,Office Supplies,Online,Karen Jones,6,164.48,5,937.54
102187,2025-08-25,Latin America,Sporting Goods,Partner Reseller,Bonnie Wade,11,159.22,0,1751.42
103322,2025-08-25,Middle East & Africa,Home & Garden,Partner Reseller,Lee Barry,4,171.87,0,687.48
104583,2025-08-25,Latin America,Sporting Goods,Online,Brian Cole,10,380.69,5,3616.55
104062,2025-08-25,North America,Office Supplies,Partner Reseller,Shawn Doyle,6,26.4,0,158.4
104237,2025-08-25,North America,Sporting Goods,Partner Reseller,Robert Campbell,4,147.62,0,590.48
105108,2025-08-25,Europe,Apparel,Online,Nancy Jackson,5,34.38,10,154.71
105143,2025-08-25,North America,Apparel,Partner Reseller,Robert Hampton,1,76.75,5,72.91
105086,2025-08-26,Middle East & Africa,Sporting Goods,Partner Reseller,Edwin Jackson,5,403.94,15,1716.74
101062,2025-08-26,North America,Apparel,Retail Store,Stephanie Evans,1,133.01,10,119.71
101056,2025-08-26,Asia Pacific,Electronics,Online,Michael Holloway,11,101.37,5,1059.32
102654,2025-08-26,Europe,Apparel,Online,Carol Griffin,1,116.48,15,99.01
105517,2025-08-26,Middle East & Africa,Office Supplies,Retail Store,Julie Thompson,8,117.98,0,943.84
104078,2025-08-26,North America,Electronics,Online,Charles Harper,4,86.03,15,292.5
101742,2025-08-27,Latin America,Home & Garden,Partner Reseller,Dr. Julie Miller,4,262.18,15,891.41
101817,2025-08-27,Latin America,Electronics,Partner Reseller,Joann Forbes,6,1178.88,0,7073.28
103650,2025-08-27,Europe,Sporting Goods,Online,Matthew Andrade,12,56.55,0,678.6
104814,2025-08-27,Middle East & Africa,Apparel,Partner Reseller,Lori Brown,11,64.8,0,712.8
100534,2025-08-27,North America,Apparel,Online,Anthony Gonzales,8,59.28,10,426.82
102704,2025-08-27,Latin America,Office Supplies,Partner Reseller,Rebecca Barrett,6,131.8,5,751.26
100688,2025-08-27,Europe,Electronics,Online,Katherine Stark,11,554.18,5,5791.18
102539,2025-08-27,North America,Home & Garden,Partner Reseller,Michael Robinson,10,102.62,20,820.96
105169,2025-08-27,Europe,Electronics,Retail Store,Laurie Bailey,3,1050.33,20,2520.79
101205,2025-08-27,Asia Pacific,Sporting Goods,Retail Store,Jose Bennett,11,313.03,20,2754.66
100296,2025-08-27,Asia Pacific,Office Supplies,Retail Store,Laura Haney,8,196.97,20,1260.61
104989,2025-08-27,North America,Apparel,Retail Store,Samantha Garcia,7,106.37,5,707.36
105958,2025-08-27,Latin America,Office Supplies,Partner Reseller,Jonathon Stevenson,2,148.1,10,266.58
102079,2025-08-28,Middle East & Africa,Apparel,Partner Reseller,Ronald Marshall,8,75.39,5,572.96
101242,2025-08-28,North America,Sporting Goods,Online,Brandy Myers,10,313.39,0,3133.9
102892,2025-08-28,Europe,Home & Garden,Partner Reseller,Tamara Huang,1,239.35,0,239.35
100094,2025-08-28,Middle East & Africa,Sporting Goods,Online,John Whitehead,4,44.1,20,141.12
100076,2025-08-28,Middle East & Africa,Sporting Goods,Online,Angela Lopez,9,346.17,0,3115.53
105963,2025-08-28,North America,Office Supplies,Retail Store,Michael Haas,11,26.89,20,236.63
100981,2025-08-28,North America,Apparel,Retail Store,Stacey Snyder,3,21.23,0,63.69
102815,2025-08-28,North America,Office Supplies,Retail Store,Jason Torres,7,8.75,0,61.25
105368,2025-08-28,Latin America,Apparel,Partner Reseller,Peter Morgan,11,61.28,0,674.08
103319,2025-08-29,Middle East & Africa,Apparel,Online,Andrew Harris,1,50.66,0,50.66
102710,2025-08-29,Middle East & Africa,Office Supplies,Online,Rebecca White,1,66.32,10,59.69
102699,2025-08-29,Middle East & Africa,Home & Garden,Retail Store,Catherine Williams,9,52.2,15,399.33
102260,2025-08-29,Middle East & Africa,Electronics,Retail Store,Jason Mack,10,219.22,15,1863.37
100070,2025-08-29,Europe,Home & Garden,Partner Reseller,Jordan Henderson,1,354.35,0,354.35
101386,2025-08-29,Middle East & Africa,Electronics,Retail Store,Crystal Garcia,8,518.35,10,3732.12
100549,2025-08-29,Asia Pacific,Electronics,Online,Pamela Diaz,6,583.7,20,2801.76
103682,2025-08-29,Latin America,Home & Garden,Partner Reseller,Toni Gill,2,29.03,20,46.45
102090,2025-08-30,Asia Pacific,Home & Garden,Partner Reseller,Tara King,6,194.17,0,1165.02
102698,2025-08-30,Europe,Apparel,Partner Reseller,Tammy Davis,12,130.39,0,1564.68
104852,2025-08-30,Middle East & Africa,Home & Garden,Partner Reseller,Kelsey Griffith,9,92.56,10,749.74
100051,2025-08-30,Europe,Sporting Goods,Partner Reseller,Danny Morgan,10,77.55,0,775.5
105294,2025-08-30,Latin America,Sporting Goods,Online,Christopher Macdonald,9,162.27,20,1168.34
103692,2025-08-30,North America,Office Supplies,Partner Reseller,Keith Kennedy,10,169.05,15,1436.92
101805,2025-08-30,Middle East & Africa,Office Supplies,Partner Reseller,Karen Bradley,6,17.61,5,100.38
104684,2025-08-30,Latin America,Apparel,Retail Store,Lynn Smith,10,20.67,0,206.7
101823,2025-08-30,Europe,Apparel,Online,Kaitlin Hardin,10,115.32,20,922.56
102595,2025-08-30,Europe,Home & Garden,Retail Store,Christopher Lopez,1,312.35,0,312.35
100860,2025-08-30,Middle East & Africa,Apparel,Partner Reseller,Vanessa Hatfield,9,86.09,5,736.07
105006,2025-08-31,North America,Sporting Goods,Partner Reseller,Mary Smith,4,66.17,15,224.98
101241,2025-08-31,Europe,Home & Garden,Retail Store,Matthew Wells,11,20.53,0,225.83
102007,2025-08-31,Europe,Office Supplies,Online,Mrs. Ashley Taylor,8,127.42,0,1019.36
103568,2025-08-31,Middle East & Africa,Office Supplies,Partner Reseller,Michael Thompson,10,61.38,0,613.8
100393,2025-08-31,Europe,Sporting Goods,Partner Reseller,Robert Montgomery,6,172.18,10,929.77
101860,2025-08-31,Europe,Home & Garden,Online,Jaime Walker,2,120.35,5,228.66
105926,2025-08-31,Europe,Home & Garden,Online,Xavier Hanson,9,333.49,0,3001.41
100450,2025-08-31,Europe,Sporting Goods,Partner Reseller,Brittany Kim,4,136.57,0,546.28
105515,2025-08-31,Asia Pacific,Apparel,Retail Store,Jennifer Sampson,10,113.54,15,965.09
105466,2025-09-01,Asia Pacific,Electronics,Partner Reseller,Amanda Gonzalez,12,1003.79,20,9636.38
105907,2025-09-01,Asia Pacific,Sporting Goods,Partner Reseller,Clifford Poole,6,480.8,5,2740.56
104757,2025-09-01,Latin America,Office Supplies,Online,Ronald Gonzalez,6,46.89,5,267.27
103471,2025-09-01,Middle East & Africa,Electronics,Retail Store,Dennis Douglas,11,652.24,15,6098.44
103375,2025-09-01,Middle East & Africa,Apparel,Partner Reseller,Jason Hudson,7,16.69,0,116.83
104149,2025-09-02,Europe,Electronics,Retail Store,Samuel Lee,2,1122.18,15,1907.71
100199,2025-09-02,Latin America,Apparel,Partner Reseller,Nathan Freeman,11,11.13,20,97.94
101272,2025-09-02,Middle East & Africa,Office Supplies,Partner Reseller,Reginald Diaz,2,171.73,5,326.29
102936,2025-09-02,Middle East & Africa,Sporting Goods,Partner Reseller,Rose Mcdonald,7,271.1,0,1897.7
104488,2025-09-02,North America,Home & Garden,Retail Store,Scott Miranda,1,353.69,5,336.01
105753,2025-09-02,Middle East & Africa,Home & Garden,Online,Amber Crawford,1,165.09,10,148.58
101562,2025-09-02,Latin America,Sporting Goods,Retail Store,Robin Johnson,3,35.65,10,96.25
102874,2025-09-02,Latin America,Sporting Goods,Retail Store,Lindsey Gray,10,286.53,5,2722.03
104054,2025-09-02,Europe,Electronics,Partner Reseller,Alexis Weeks,2,563.24,0,1126.48
101176,2025-09-02,North America,Electronics,Retail Store,Pamela Hill,3,806.2,15,2055.81
101098,2025-09-02,Asia Pacific,Home & Garden,Online,Stephen Cowan,3,60.26,0,180.78
105273,2025-09-02,North America,Home & Garden,Retail Store,Brandon Brown,11,394.24,15,3686.14
101712,2025-09-02,North America,Apparel,Retail Store,Jamie Snyder,2,20.71,10,37.28
102722,2025-09-02,Middle East & Africa,Office Supplies,Online,William Hunter,2,78.09,0,156.18
101648,2025-09-03,Middle East & Africa,Apparel,Retail Store,Aaron Jennings,3,68.62,0,205.86
105373,2025-09-03,Europe,Apparel,Online,Sherri Logan,10,44.82,0,448.2
104437,2025-09-03,Europe,Apparel,Partner Reseller,Christopher Ward,1,10.84,15,9.21
102745,2025-09-03,Asia Pacific,Electronics,Partner Reseller,Wayne Gray,8,879.72,0,7037.76
102642,2025-09-03,Middle East & Africa,Apparel,Online,Mary Alvarez,12,85.52,10,923.62
103324,2025-09-03,Asia Pacific,Sporting Goods,Online,Nicole Peterson,1,351.73,10,316.56
101469,2025-09-03,Middle East & Africa,Apparel,Online,Cody Bailey,11,88.85,10,879.61
104582,2025-09-03,Europe,Office Supplies,Online,Bobby Matthews,11,153.19,10,1516.58
105665,2025-09-03,North America,Office Supplies,Partner Reseller,Mark Smith,5,190.07,0,950.35
103019,2025-09-04,Middle East & Africa,Sporting Goods,Online,Ryan Barker,4,234.16,0,936.64
100571,2025-09-04,Latin America,Electronics,Retail Store,Christian Vaughn,1,868.14,0,868.14
102721,2025-09-04,Middle East & Africa,Electronics,Online,Justin York,7,85.22,0,596.54
103922,2025-09-04,Latin America,Home & Garden,Partner Reseller,William Lozano,11,40.67,0,447.37
105300,2025-09-04,North America,Electronics,Retail Store,Micheal Green,5,1022.5,10,4601.25
104797,2025-09-04,Middle East & Africa,Electronics,Retail Store,Richard Goodman,12,368.61,10,3980.99
101899,2025-09-04,Europe,Electronics,Partner Reseller,Derek Frazier,6,839.71,5,4786.35
103414,2025-09-04,Asia Pacific,Sporting Goods,Partner Reseller,Brian Mccarthy,10,202.85,0,2028.5
104309,2025-09-04,Asia Pacific,Apparel,Partner Reseller,Michael Richmond,2,86.07,20,137.71
104601,2025-09-04,Latin America,Electronics,Online,Michelle Mcbride,10,1193.15,0,11931.5
104350,2025-09-05,Latin America,Office Supplies,Partner Reseller,Janet Ryan,5,171.97,20,687.88
101959,2025-09-05,North America,Electronics,Partner Reseller,Kaitlyn Valdez,3,757.05,5,2157.59
100025,2025-09-05,Asia Pacific,Office Supplies,Online,Judy Baker,3,123.75,0,371.25
104706,2025-09-05,North America,Office Supplies,Partner Reseller,Mark Clark,2,141.36,10,254.45
101942,2025-09-05,Latin America,Home & Garden,Partner Reseller,Heather Hernandez,3,329.01,0,987.03
102735,2025-09-05,Latin America,Office Supplies,Online,Jeffery Neal,5,130.42,0,652.1
101771,2025-09-05,Latin America,Office Supplies,Online,Amanda Hardin,2,194.96,10,350.93
101080,2025-09-06,Latin America,Apparel,Retail Store,Kathryn Dillon,4,131.35,5,499.13
102846,2025-09-06,Europe,Sporting Goods,Partner Reseller,Michael Suarez,7,195.54,20,1095.02
101774,2025-09-06,Latin America,Electronics,Retail Store,Brett Pena,10,202.39,20,1619.12
103965,2025-09-06,Middle East & Africa,Office Supplies,Retail Store,Kimberly Sanders,6,168.9,10,912.06
102972,2025-09-06,Europe,Home & Garden,Retail Store,Sylvia Anderson,12,130.63,15,1332.43
102065,2025-09-06,Europe,Office Supplies,Retail Store,Joshua Gonzalez,12,168.89,20,1621.34
103148,2025-09-06,Asia Pacific,Sporting Goods,Partner Reseller,Sherry Adams,7,400.48,0,2803.36
101944,2025-09-07,Europe,Sporting Goods,Online,Gregory Madden,4,349.94,0,1399.76
102188,2025-09-07,Latin America,Apparel,Partner Reseller,Kayla Burns,7,103.48,5,688.14
100648,2025-09-07,North America,Apparel,Partner Reseller,Jennifer Miranda,10,142.66,0,1426.6
102377,2025-09-07,Asia Pacific,Electronics,Retail Store,Elizabeth Robbins,5,1119.23,0,5596.15
100759,2025-09-07,Latin America,Home & Garden,Partner Reseller,Margaret Miller,9,380.54,0,3424.86
103189,2025-09-07,Middle East & Africa,Apparel,Partner Reseller,Patricia Moore,4,72.08,20,230.66
102620,2025-09-07,Latin America,Sporting Goods,Retail Store,Kelly Pena,5,451.78,0,2258.9
105952,2025-09-08,Europe,Sporting Goods,Partner Reseller,Joshua Herrera,9,31.51,0,283.59
101327,2025-09-08,Latin America,Home & Garden,Online,Nicole Gutierrez,12,228.99,10,2473.09
101674,2025-09-08,Latin America,Sporting Goods,Retail Store,Linda Miller,8,196.41,0,1571.28
100421,2025-09-08,Middle East & Africa,Apparel,Online,Maria Jones,10,20.93,0,209.3
102477,2025-09-08,Latin America,Home & Garden,Partner Reseller,Yolanda Murillo,8,120.79,10,869.69
105970,2025-09-08,Asia Pacific,Office Supplies,Partner Reseller,Nancy Merritt,7,11.89,5,79.07
101041,2025-09-08,Middle East & Africa,Home & Garden,Online,Michele Hill,12,231.05,10,2495.34
103264,2025-09-09,Latin America,Home & Garden,Partner Reseller,Susan May,10,107.55,20,860.4
103279,2025-09-09,Europe,Apparel,Retail Store,Brenda Payne,11,57.59,0,633.49
103628,2025-09-09,Middle East & Africa,Electronics,Online,John Rogers,1,504.46,0,504.46
102800,2025-09-09,Europe,Sporting Goods,Online,Tammy Cameron,10,76.85,5,730.07
102095,2025-09-09,Latin America,Electronics,Online,Jessica King,7,1189.09,0,8323.63
100420,2025-09-09,Europe,Office Supplies,Retail Store,George Harper,2,175.26,10,315.47
104124,2025-09-09,Europe,Electronics,Partner Reseller,Nancy Liu,5,449.47,15,1910.25
101213,2025-09-10,Middle East & Africa,Electronics,Partner Reseller,Jonathan Perry,2,873.04,0,1746.08
100755,2025-09-10,Latin America,Home & Garden,Partner Reseller,Rachel Jones,5,249.47,20,997.88
102560,2025-09-10,Latin America,Electronics,Retail Store,Valerie Benson,7,933.69,0,6535.83
101924,2025-09-10,North America,Office Supplies,Partner Reseller,Cody Hart,12,16.85,0,202.2
104944,2025-09-10,North America,Apparel,Partner Reseller,Sarah Nelson,1,95.1,0,95.1
102783,2025-09-10,Latin America,Sporting Goods,Retail Store,Luke Freeman,8,241.08,5,1832.21
100230,2025-09-10,Middle East & Africa,Apparel,Retail Store,Jessica Stephens,1,74.13,0,74.13
102104,2025-09-10,North America,Electronics,Partner Reseller,Heidi Burnett,6,235.38,20,1129.82
102240,2025-09-10,Asia Pacific,Home & Garden,Partner Reseller,Paul Estrada,5,185.76,0,928.8
102479,2025-09-10,Europe,Electronics,Partner Reseller,Elijah Short,12,764.75,15,7800.45
104037,2025-09-10,Europe,Electronics,Retail Store,Kim Long,4,855.44,0,3421.76
105375,2025-09-10,Latin America,Sporting Goods,Retail Store,Amy Sanders,11,76.98,0,846.78
103360,2025-09-11,Europe,Apparel,Retail Store,Priscilla Romero,8,47.82,5,363.43
104493,2025-09-11,Middle East & Africa,Apparel,Retail Store,Christopher Rodriguez,10,99.73,0,997.3
101250,2025-09-11,Europe,Electronics,Online,Matthew Hunt,2,1065.18,0,2130.36
100727,2025-09-11,Middle East & Africa,Home & Garden,Partner Reseller,Nancy Stewart,8,128.11,0,1024.88
103618,2025-09-11,Asia Pacific,Office Supplies,Partner Reseller,James Nicholson,11,87.33,10,864.57
105533,2025-09-11,Europe,Sporting Goods,Online,Benjamin Jordan,5,439.78,10,1979.01
100279,2025-09-11,Europe,Electronics,Partner Reseller,Nathan Malone,8,357.47,5,2716.77
105795,2025-09-11,Europe,Office Supplies,Online,Michael Baker,6,50.22,10,271.19
104830,2025-09-11,Asia Pacific,Sporting Goods,Retail Store,Mitchell Richardson,12,436.29,0,5235.48
101633,2025-09-11,Latin America,Home & Garden,Online,Michael Hill,11,347.86,10,3443.81
105834,2025-09-11,Asia Pacific,Electronics,Online,Maria Sullivan,10,225.62,5,2143.39
100308,2025-09-11,Latin America,Electronics,Online,Kiara Mcintyre,4,949.31,0,3797.24
105722,2025-09-11,Asia Pacific,Sporting Goods,Online,Raymond Valenzuela,11,122.72,0,1349.92
103531,2025-09-12,North America,Electronics,Retail Store,Kristin Graham,6,98.88,5,563.62
105195,2025-09-12,North America,Sporting Goods,Partner Reseller,Mikayla Franco,9,185.59,15,1419.76
104429,2025-09-12,Middle East & Africa,Apparel,Retail Store,Kimberly Thomas,8,149.58,5,1136.81
103001,2025-09-12,Middle East & Africa,Sporting Goods,Partner Reseller,Michael Jensen,3,277.96,0,833.88
105246,2025-09-12,Asia Pacific,Electronics,Online,Andrew Whitney,2,914.65,0,1829.3
101478,2025-09-12,North America,Electronics,Online,Lisa Morris,10,692.81,5,6581.69
102098,2025-09-12,North America,Sporting Goods,Partner Reseller,Tracey Suarez,7,156.5,0,1095.5
101146,2025-09-12,North America,Electronics,Retail Store,Mason Moore,2,509.63,5,968.3
100276,2025-09-12,Middle East & Africa,Electronics,Online,Wayne Morgan,10,583.7,15,4961.45
100774,2025-09-12,Europe,Sporting Goods,Retail Store,Carly Riggs,11,185.96,15,1738.73
101261,2025-09-12,Latin America,Electronics,Online,David Walker,1,196.95,10,177.25
103613,2025-09-12,Middle East & Africa,Office Supplies,Online,Jackie Morgan,9,116.78,15,893.37
104549,2025-09-13,Latin America,Apparel,Partner Reseller,Colleen Blanchard,2,130.17,10,234.31
100923,2025-09-13,North America,Sporting Goods,Partner Reseller,Amanda Sullivan MD,6,343.38,0,2060.28
100884,2025-09-13,Asia Pacific,Sporting Goods,Retail Store,Holly Scott,2,306.34,0,612.68
104447,2025-09-13,North America,Electronics,Retail Store,Samantha Harris,6,1016.23,15,5182.77
104346,2025-09-13,Europe,Sporting Goods,Retail Store,Daniel Patterson,3,340.73,5,971.08
101828,2025-09-13,North America,Electronics,Online,Robert Walker PhD,8,478.25,0,3826.0
100611,2025-09-13,Middle East & Africa,Sporting Goods,Partner Reseller,Michael Lopez,4,23.83,0,95.32
102991,2025-09-13,Middle East & Africa,Electronics,Retail Store,Debra Reid,5,361.78,0,1808.9
100990,2025-09-13,Middle East & Africa,Electronics,Online,Carmen Preston,4,523.31,0,2093.24
102379,2025-09-13,Middle East & Africa,Home & Garden,Partner Reseller,Tanner Mann,3,44.83,0,134.49
101053,2025-09-13,Middle East & Africa,Office Supplies,Retail Store,Robert Torres,3,13.48,0,40.44
105751,2025-09-13,Europe,Electronics,Partner Reseller,Taylor Salinas,8,823.9,15,5602.52
103678,2025-09-14,Latin America,Office Supplies,Partner Reseller,Christopher Waters,7,115.74,10,729.16
101294,2025-09-14,Middle East & Africa,Office Supplies,Retail Store,Robert Cortez,8,180.39,10,1298.81
103784,2025-09-14,North America,Electronics,Online,Erika Castro,11,687.89,10,6810.11
104882,2025-09-14,North America,Office Supplies,Retail Store,Gail Vasquez,1,154.57,15,131.38
105460,2025-09-14,Asia Pacific,Home & Garden,Retail Store,Cynthia Tran,3,247.45,0,742.35
101892,2025-09-14,Europe,Home & Garden,Retail Store,Stacy Rodriguez,7,151.19,0,1058.33
105888,2025-09-14,Middle East & Africa,Sporting Goods,Partner Reseller,John Williams,3,96.06,0,288.18
101607,2025-09-14,Asia Pacific,Sporting Goods,Online,Susan Hogan,12,105.05,0,1260.6
101755,2025-09-14,Latin America,Home & Garden,Retail Store,Casey Campbell,8,330.55,0,2644.4
101307,2025-09-14,Europe,Home & Garden,Partner Reseller,Crystal Cruz,1,106.59,0,106.59
100385,2025-09-15,Europe,Electronics,Online,Chad Scott,12,721.28,0,8655.36
101528,2025-09-15,Europe,Apparel,Retail Store,James Miller,5,31.98,15,135.91
104749,2025-09-15,Latin America,Sporting Goods,Online,Monica Howe,6,408.3,5,2327.31
102300,2025-09-15,North America,Office Supplies,Retail Store,Joseph Chapman,11,120.64,15,1127.98
102568,2025-09-15,North America,Electronics,Partner Reseller,James Phillips,6,142.85,0,857.1
103326,2025-09-15,Asia Pacific,Apparel,Retail Store,Nancy Brown,1,90.37,15,76.81
105206,2025-09-15,Latin America,Electronics,Partner Reseller,David Simpson,10,533.37,10,4800.33
104632,2025-09-15,Asia Pacific,Home & Garden,Partner Reseller,Kimberly Jones,3,159.54,20,382.9
103475,2025-09-15,Europe,Office Supplies,Online,Jonathan Long,3,132.8,20,318.72
100820,2025-09-15,Asia Pacific,Office Supplies,Online,Debra Perry,3,47.89,10,129.3
103287,2025-09-15,Europe,Office Supplies,Online,Marie Reynolds,6,55.25,15,281.77
100067,2025-09-15,Latin America,Home & Garden,Online,Carol Tucker,6,31.1,20,149.28
103501,2025-09-15,Latin America,Apparel,Online,Kelly King,12,101.53,10,1096.52
101981,2025-09-15,Latin America,Home & Garden,Retail Store,Ashley Stevens,12,303.02,0,3636.24
104289,2025-09-15,Middle East & Africa,Apparel,Partner Reseller,Angela Rodriguez,5,53.67,0,268.35
105972,2025-09-16,Asia Pacific,Sporting Goods,Retail Store,Theresa Goodman,2,448.74,5,852.61
102524,2025-09-16,Europe,Electronics,Online,Johnny Riddle,10,1033.03,0,10330.3
104453,2025-09-16,Europe,Sporting Goods,Partner Reseller,Kevin Greene,10,497.55,20,3980.4
100116,2025-09-16,Asia Pacific,Apparel,Partner Reseller,William Herrera,10,33.49,15,284.67
104948,2025-09-16,Europe,Office Supplies,Online,Jean Murillo,4,182.57,10,657.25
103299,2025-09-16,Latin America,Apparel,Partner Reseller,Nathan Hess,10,112.1,0,1121.0
103446,2025-09-16,Asia Pacific,Apparel,Partner Reseller,Jeremy Ross,3,130.76,5,372.67
102120,2025-09-16,Europe,Electronics,Retail Store,Christopher Black,3,391.18,15,997.51
102211,2025-09-16,Middle East & Africa,Office Supplies,Partner Reseller,Tracy Guzman,6,173.58,0,1041.48
101935,2025-09-16,Europe,Sporting Goods,Online,James Randall,5,451.2,0,2256.0
105051,2025-09-16,Europe,Electronics,Partner Reseller,Philip Bowen,1,470.15,0,470.15
102591,2025-09-16,Asia Pacific,Office Supplies,Retail Store,Tammy Larson,3,34.76,0,104.28
103130,2025-09-16,North America,Sporting Goods,Retail Store,Colleen Cox,2,42.93,20,68.69
103550,2025-09-16,Middle East & Africa,Sporting Goods,Retail Store,Mrs. Lisa Smith,8,95.16,0,761.28
103318,2025-09-16,Latin America,Office Supplies,Online,Kathleen Roy,3,130.61,10,352.65
102772,2025-09-17,Asia Pacific,Electronics,Online,Kelsey Lynch,2,240.7,15,409.19
102926,2025-09-17,Europe,Office Supplies,Retail Store,Richard Dominguez,8,83.35,0,666.8
102959,2025-09-17,Europe,Electronics,Online,Isaac Chase,8,303.02,0,2424.16
100389,2025-09-17,Latin America,Office Supplies,Partner Reseller,Scott Williams,3,78.48,5,223.67
100618,2025-09-17,Middle East & Africa,Sporting Goods,Partner Reseller,Emily Wilson,6,356.41,5,2031.54
103405,2025-09-17,Latin America,Electronics,Partner Reseller,Jeffrey Mcclure,3,479.77,0,1439.31
101673,2025-09-17,Latin America,Office Supplies,Retail Store,April Randolph,7,126.12,5,838.7
103822,2025-09-17,Middle East & Africa,Sporting Goods,Retail Store,Erin Ellis,9,451.62,0,4064.58
101546,2025-09-17,Middle East & Africa,Office Supplies,Partner Reseller,Brenda Hale,6,65.89,20,316.27
102062,2025-09-17,North America,Office Supplies,Partner Reseller,Austin Solis,10,34.84,15,296.14
101407,2025-09-17,Latin America,Apparel,Partner Reseller,Heidi Matthews,9,141.2,20,1016.64
103919,2025-09-17,Europe,Home & Garden,Online,Brian Fuller,6,297.69,5,1696.83
101004,2025-09-17,Europe,Office Supplies,Partner Reseller,Mary Miller,9,138.23,0,1244.07
103981,2025-09-17,Latin America,Apparel,Partner Reseller,Deborah Wood,2,63.41,0,126.82
104001,2025-09-17,Europe,Office Supplies,Retail Store,Emily Smith,5,123.85,5,588.29
100113,2025-09-18,Asia Pacific,Home & Garden,Online,Crystal Johnson,11,265.31,0,2918.41
100035,2025-09-18,Europe,Electronics,Partner Reseller,Jeffrey Chavez,6,1094.07,0,6564.42
102552,2025-09-18,Europe,Electronics,Partner Reseller,Howard Thompson,4,934.39,0,3737.56
103831,2025-09-18,Europe,Home & Garden,Retail Store,Henry Taylor,3,343.16,15,875.06
101476,2025-09-18,Middle East & Africa,Sporting Goods,Partner Reseller,Mary Ryan,12,175.96,15,1794.79
105516,2025-09-18,Latin America,Office Supplies,Partner Reseller,Daniel Taylor,7,192.76,5,1281.85
104616,2025-09-18,Middle East & Africa,Apparel,Online,Joseph Williams,1,115.32,15,98.02
102705,2025-09-18,Europe,Electronics,Retail Store,Sharon Santos,2,843.85,15,1434.55
100120,2025-09-18,Asia Pacific,Office Supplies,Online,Larry Dixon,10,162.08,20,1296.64
104861,2025-09-18,Latin America,Office Supplies,Online,Sharon Snow,5,102.63,20,410.52
104324,2025-09-19,Latin America,Office Supplies,Online,Thomas Mcgrath,5,184.88,0,924.4
103541,2025-09-19,North America,Home & Garden,Retail Store,Dawn Garrett,12,243.21,0,2918.52
100271,2025-09-19,Middle East & Africa,Office Supplies,Online,Veronica Simpson,11,68.03,0,748.33
100270,2025-09-19,Latin America,Sporting Goods,Partner Reseller,Jasmin Alvarado,10,382.13,5,3630.24
100517,2025-09-19,Latin America,Apparel,Online,Michael Cooper,7,145.2,0,1016.4
105378,2025-09-19,Latin America,Home & Garden,Retail Store,Cody Thompson,9,345.03,0,3105.27
104524,2025-09-19,Middle East & Africa,Apparel,Online,John Gallagher,11,133.31,0,1466.41
104223,2025-09-19,Europe,Office Supplies,Online,Mark Maddox,5,21.03,0,105.15
101123,2025-09-19,North America,Home & Garden,Retail Store,Andrew Roberts,6,89.7,15,457.47
100707,2025-09-19,Asia Pacific,Apparel,Partner Reseller,Mr. Richard Knight PhD,9,125.29,5,1071.23
105340,2025-09-20,Middle East & Africa,Apparel,Partner Reseller,Juan Davis,11,118.05,15,1103.77
104545,2025-09-20,Europe,Sporting Goods,Retail Store,Dillon Case,8,105.77,15,719.24
105480,2025-09-20,Latin America,Home & Garden,Retail Store,Paige Jordan,4,86.16,5,327.41
102888,2025-09-20,Europe,Sporting Goods,Online,Janice Henson,4,40.35,20,129.12
101834,2025-09-20,Latin America,Office Supplies,Partner Reseller,Michael Tran,10,48.86,10,439.74
105959,2025-09-20,Asia Pacific,Sporting Goods,Partner Reseller,Karla Burton,1,466.86,0,466.86
104939,2025-09-20,Asia Pacific,Home & Garden,Online,Annette Rivas,7,349.39,20,1956.58
102748,2025-09-20,Europe,Sporting Goods,Retail Store,Joseph Graves PhD,6,416.75,20,2000.4
104639,2025-09-20,Latin America,Electronics,Partner Reseller,Heather Hughes,8,506.9,10,3649.68
100503,2025-09-21,Latin America,Apparel,Partner Reseller,Zachary Mitchell,7,71.63,20,401.13
101510,2025-09-21,Latin America,Home & Garden,Retail Store,Henry Taylor,9,290.0,0,2610.0
101728,2025-09-21,Europe,Home & Garden,Retail Store,Tim Larsen,9,31.94,0,287.46
103178,2025-09-21,Latin America,Home & Garden,Online,Joseph Cooper,5,332.63,0,1663.15
105662,2025-09-21,Europe,Home & Garden,Partner Reseller,Kelly Rodriguez,1,158.8,5,150.86
105868,2025-09-21,Middle East & Africa,Sporting Goods,Online,Lisa Hendricks,3,141.37,20,339.29
100444,2025-09-21,Middle East & Africa,Office Supplies,Partner Reseller,Mrs. Diane Reyes,3,176.54,15,450.18
104177,2025-09-21,Latin America,Apparel,Partner Reseller,Lisa Lopez MD,6,146.03,0,876.18
100530,2025-09-21,Europe,Home & Garden,Online,Marilyn Wang,12,122.16,20,1172.74
104268,2025-09-21,Latin America,Home & Garden,Partner Reseller,Christine Aguilar,2,76.7,0,153.4
103374,2025-09-22,Asia Pacific,Apparel,Online,Martha Jacobs,1,47.04,15,39.98
101309,2025-09-22,North America,Apparel,Retail Store,Jennifer Hernandez,3,146.92,0,440.76
100073,2025-09-22,Latin America,Home & Garden,Retail Store,Lauren Daniels,8,91.84,0,734.72
104998,2025-09-22,Latin America,Sporting Goods,Online,Michelle Patterson,3,463.41,0,1390.23
103860,2025-09-22,Asia Pacific,Sporting Goods,Partner Reseller,Amber Bennett,3,487.57,0,1462.71
100378,2025-09-22,Europe,Apparel,Retail Store,Anthony Moore,6,140.39,0,842.34
100731,2025-09-22,North America,Sporting Goods,Partner Reseller,Alexander Gomez,11,45.76,10,453.02
101110,2025-09-22,Middle East & Africa,Electronics,Partner Reseller,Mary Nelson,3,407.97,0,1223.91
104329,2025-09-22,North America,Office Supplies,Retail Store,Kimberly Stone DDS,9,190.33,15,1456.02
104869,2025-09-22,Latin America,Office Supplies,Partner Reseller,Cindy Richardson,5,67.98,0,339.9
101851,2025-09-23,Asia Pacific,Home & Garden,Partner Reseller,Michael Williams,7,295.71,0,2069.97
101669,2025-09-23,Europe,Home & Garden,Online,Kelly Rowe,8,359.53,20,2300.99
102983,2025-09-23,Latin America,Office Supplies,Partner Reseller,Patricia Gonzalez,9,190.13,5,1625.61
100906,2025-09-23,Latin America,Sporting Goods,Partner Reseller,Michelle Davis DVM,9,314.7,0,2832.3
103741,2025-09-23,North America,Apparel,Online,Juan Nichols,2,36.03,15,61.25
100737,2025-09-23,Europe,Home & Garden,Online,Arthur Hamilton MD,3,236.87,5,675.08
105832,2025-09-23,Europe,Sporting Goods,Retail Store,Laura Walton,3,244.85,15,624.37
100680,2025-09-23,Latin America,Electronics,Online,Suzanne Wood,8,374.89,0,2999.12
105803,2025-09-23,Middle East & Africa,Sporting Goods,Retail Store,Michelle Ortega,8,67.98,0,543.84
102922,2025-09-23,Latin America,Home & Garden,Retail Store,Bob Jones,12,290.49,0,3485.88
103513,2025-09-23,Asia Pacific,Office Supplies,Online,Joshua Hopkins,5,25.21,0,126.05
105175,2025-09-23,North America,Apparel,Partner Reseller,Anthony Hernandez,8,137.5,15,935.0
103984,2025-09-23,Latin America,Apparel,Partner Reseller,Victoria Wright,6,130.19,10,703.03
100186,2025-09-23,Latin America,Apparel,Partner Reseller,Jonathan Peterson,8,97.75,20,625.6
101313,2025-09-23,Asia Pacific,Office Supplies,Retail Store,Samantha Prince,10,135.04,15,1147.84
102140,2025-09-24,Middle East & Africa,Apparel,Online,Luke Solomon,9,126.95,10,1028.3
104056,2025-09-24,Asia Pacific,Electronics,Online,David Cervantes,12,297.88,0,3574.56
103802,2025-09-24,Middle East & Africa,Sporting Goods,Online,Joel Cook,4,265.01,0,1060.04
101552,2025-09-24,Middle East & Africa,Office Supplies,Partner Reseller,Alicia Dillon,5,50.6,0,253.0
101165,2025-09-24,Europe,Home & Garden,Online,Levi Lopez,11,356.6,20,3138.08
101480,2025-09-24,Europe,Home & Garden,Partner Reseller,Russell Anderson,7,164.57,0,1151.99
100989,2025-09-24,Europe,Sporting Goods,Retail Store,Karen Johnson,3,175.77,20,421.85
100126,2025-09-24,Europe,Electronics,Retail Store,Michelle Evans,8,392.4,0,3139.2
101870,2025-09-24,Asia Pacific,Sporting Goods,Online,Angelica Vincent,12,269.89,20,2590.94
104773,2025-09-24,Middle East & Africa,Home & Garden,Retail Store,Ethan Obrien,3,102.76,10,277.45
105787,2025-09-25,North America,Office Supplies,Partner Reseller,Cody Lawson,1,92.87,0,92.87
104342,2025-09-25,North America,Apparel,Partner Reseller,Bryan Lopez,6,43.12,5,245.78
105812,2025-09-25,North America,Sporting Goods,Online,John Stewart,1,384.95,0,384.95
105622,2025-09-25,North America,Sporting Goods,Partner Reseller,Kimberly Mcintyre,7,277.06,20,1551.54
103818,2025-09-25,Latin America,Sporting Goods,Retail Store,Samantha Reynolds,12,100.39,0,1204.68
105641,2025-09-25,Europe,Electronics,Partner Reseller,Thomas Floyd,7,185.02,0,1295.14
104817,2025-09-25,Latin America,Home & Garden,Partner Reseller,Marcus Fields,2,92.51,0,185.02
104215,2025-09-25,North America,Electronics,Retail Store,Carl Campbell,9,781.83,0,7036.47
103776,2025-09-25,Middle East & Africa,Apparel,Online,Elizabeth Thomas,10,71.62,0,716.2
102326,2025-09-25,Latin America,Sporting Goods,Retail Store,Luke Ray,9,306.96,5,2624.51
104708,2025-09-25,Latin America,Sporting Goods,Retail Store,Katherine Avery,6,68.12,10,367.85
100507,2025-09-26,Latin America,Apparel,Partner Reseller,Emma Reed,10,25.94,0,259.4
101683,2025-09-26,Middle East & Africa,Home & Garden,Partner Reseller,David Jones,4,348.2,0,1392.8
102145,2025-09-26,Asia Pacific,Office Supplies,Retail Store,Anthony Cook,1,147.0,0,147.0
105730,2025-09-26,North America,Apparel,Partner Reseller,Taylor Stark,8,112.13,15,762.48
102380,2025-09-26,Europe,Apparel,Online,Craig Nicholson,10,34.97,0,349.7
100437,2025-09-26,North America,Sporting Goods,Online,Christopher Guerra,1,315.16,0,315.16
103561,2025-09-26,Middle East & Africa,Sporting Goods,Partner Reseller,Julie Wilson,7,466.05,20,2609.88
101564,2025-09-26,Middle East & Africa,Apparel,Retail Store,Mary Miller,3,15.64,0,46.92
103275,2025-09-26,Europe,Apparel,Online,Jennifer Brown,9,111.11,5,949.99
102656,2025-09-26,Europe,Sporting Goods,Partner Reseller,Paul Keller,2,163.43,10,294.17
105572,2025-09-26,North America,Office Supplies,Partner Reseller,Carol Johnson,11,130.35,5,1362.16
105612,2025-09-26,North America,Office Supplies,Retail Store,Daniel Chen,12,199.96,5,2279.54
103358,2025-09-26,Latin America,Home & Garden,Partner Reseller,Timothy Buck,9,347.22,0,3124.98
100769,2025-09-26,Latin America,Home & Garden,Online,Todd Thomas,6,250.36,10,1351.94
102590,2025-09-26,Asia Pacific,Office Supplies,Partner Reseller,James Dickerson,11,94.26,0,1036.86
102088,2025-09-26,Asia Pacific,Home & Garden,Retail Store,Brian Navarro,11,42.97,0,472.67
100292,2025-09-26,Europe,Office Supplies,Retail Store,Jeremy Reed,3,162.76,15,415.04
104804,2025-09-26,Europe,Apparel,Online,Donna Howell,12,12.28,0,147.36
105989,2025-09-26,North America,Office Supplies,Online,Emily Hall,4,20.5,0,82.0
104025,2025-09-27,Europe,Home & Garden,Online,Teresa Aguirre,2,188.78,20,302.05
104052,2025-09-27,Latin America,Home & Garden,Partner Reseller,Stephanie Joseph,8,182.82,15,1243.18
103832,2025-09-27,Latin America,Apparel,Online,Jessica Flowers,3,129.07,15,329.13
105778,2025-09-27,Europe,Electronics,Partner Reseller,Cindy Young,1,638.87,0,638.87
103131,2025-09-27,Middle East & Africa,Office Supplies,Partner Reseller,Shawna Palmer,1,188.28,10,169.45
101140,2025-09-27,Asia Pacific,Home & Garden,Retail Store,Patricia Ray,5,89.13,10,401.08
104879,2025-09-27,Europe,Electronics,Online,Melissa Mathews,11,1127.93,10,11166.51
103817,2025-09-27,Middle East & Africa,Electronics,Partner Reseller,Gina Rose,6,897.97,10,4849.04
102324,2025-09-27,Latin America,Office Supplies,Partner Reseller,Rebecca Zimmerman,6,50.77,5,289.39
103158,2025-09-27,Asia Pacific,Home & Garden,Online,Lauren Freeman,7,135.14,0,945.98
103895,2025-09-27,Europe,Electronics,Partner Reseller,Todd Lutz,6,426.29,5,2429.85
105582,2025-09-28,North America,Apparel,Retail Store,Mary Parks,2,19.41,10,34.94
105949,2025-09-28,North America,Apparel,Retail Store,Erica Green,3,15.81,0,47.43
104348,2025-09-28,Asia Pacific,Sporting Goods,Online,John Johnson,3,477.3,0,1431.9
104343,2025-09-28,Europe,Apparel,Online,Andrea King,3,78.85,0,236.55
102153,2025-09-28,Asia Pacific,Electronics,Online,Joseph Thomas,8,1165.81,15,7927.51
100403,2025-09-28,North America,Electronics,Partner Reseller,Kathleen Webster,4,810.57,10,2918.05
103396,2025-09-28,Latin America,Sporting Goods,Partner Reseller,Jeffrey Romero,1,382.38,10,344.14
101160,2025-09-28,Middle East & Africa,Apparel,Partner Reseller,Ashley Malone,4,86.23,0,344.92
105969,2025-09-28,Latin America,Sporting Goods,Retail Store,Darlene Kelly,5,448.02,5,2128.09
101647,2025-09-28,Latin America,Office Supplies,Retail Store,Elizabeth Hunter,10,140.02,10,1260.18
103606,2025-09-28,Latin America,Electronics,Retail Store,Mary Guerra,4,462.74,0,1850.96
105261,2025-09-28,North America,Office Supplies,Online,Melinda Cervantes,5,154.31,0,771.55
101937,2025-09-28,North America,Office Supplies,Partner Reseller,Lauren Walker,10,133.18,0,1331.8
104023,2025-09-28,Asia Pacific,Sporting Goods,Partner Reseller,Charles Fuentes,9,209.22,0,1882.98
104775,2025-09-29,North America,Office Supplies,Online,Edward Barton,3,120.24,10,324.65
103873,2025-09-29,Latin America,Apparel,Online,Matthew Murphy,3,128.19,0,384.57
102431,2025-09-29,Middle East & Africa,Apparel,Online,Jesse Mccormick,7,77.56,0,542.92
102500,2025-09-29,Latin America,Electronics,Partner Reseller,Juan Johnson,4,444.02,0,1776.08
105543,2025-09-29,Europe,Office Supplies,Partner Reseller,Kayla Thomas,9,55.34,20,398.45
103652,2025-09-29,Asia Pacific,Home & Garden,Partner Reseller,Dean Turner,12,180.58,10,1950.26
102950,2025-09-29,Latin America,Apparel,Partner Reseller,Patrick Garcia,2,86.12,0,172.24
102149,2025-09-29,Middle East & Africa,Home & Garden,Retail Store,Elizabeth Foster,11,117.14,0,1288.54
101740,2025-09-29,Asia Pacific,Home & Garden,Online,John Vaughn,4,299.1,10,1076.76
103783,2025-09-29,Europe,Sporting Goods,Retail Store,James Morris,10,41.89,15,356.06
103690,2025-09-29,North America,Home & Garden,Online,Brenda Harvey,1,103.56,0,103.56
101395,2025-09-30,Latin America,Office Supplies,Partner Reseller,Justin Frederick,6,9.34,5,53.24
102253,2025-09-30,Latin America,Sporting Goods,Online,Brian Bishop,12,395.65,20,3798.24
105181,2025-09-30,Latin America,Sporting Goods,Online,Bryan Griffith,12,212.1,5,2417.94
105873,2025-09-30,Latin America,Electronics,Retail Store,Nichole Parker,5,971.1,0,4855.5
101029,2025-09-30,North America,Apparel,Partner Reseller,Alicia Roth,3,121.01,5,344.88
103188,2025-09-30,Europe,Electronics,Retail Store,Douglas Trevino,6,1053.06,5,6002.44
100943,2025-09-30,Asia Pacific,Apparel,Retail Store,Kathryn Price,10,88.7,0,887.0
104304,2025-09-30,Asia Pacific,Electronics,Partner Reseller,James Bennett,1,534.94,0,534.94
100062,2025-09-30,Europe,Apparel,Online,Connor West,5,80.76,20,323.04
104308,2025-09-30,Middle East & Africa,Electronics,Partner Reseller,Michelle Harris,9,514.79,20,3706.49
102531,2025-09-30,North America,Home & Garden,Partner Reseller,Thomas Murphy,8,152.25,10,1096.2
104663,2025-09-30,Europe,Electronics,Online,James Hernandez,4,660.82,0,2643.28
104664,2025-09-30,North America,Office Supplies,Partner Reseller,Jason Jones,7,186.84,5,1242.49
102216,2025-09-30,North America,Sporting Goods,Retail Store,Christine Wong,10,130.68,10,1176.12
104143,2025-10-01,Asia Pacific,Sporting Goods,Retail Store,Chad Evans,5,452.37,10,2035.66
102247,2025-10-01,Middle East & Africa,Sporting Goods,Retail Store,Barbara Walker,2,164.2,0,328.4
100892,2025-10-01,Latin America,Home & Garden,Online,Jake Shaw,4,112.99,20,361.57
101971,2025-10-01,Middle East & Africa,Office Supplies,Partner Reseller,Pamela White,12,156.44,0,1877.28
100716,2025-10-01,Europe,Sporting Goods,Partner Reseller,Steven Rivera,9,165.03,20,1188.22
103759,2025-10-01,Asia Pacific,Home & Garden,Partner Reseller,Christopher Hunter MD,4,137.4,5,522.12
104441,2025-10-01,Latin America,Sporting Goods,Partner Reseller,Steven Knight,8,47.73,10,343.66
101166,2025-10-02,Europe,Home & Garden,Partner Reseller,Jenna Bryant,5,189.4,5,899.65
103980,2025-10-02,North America,Home & Garden,Partner Reseller,Michelle Holden,5,18.91,0,94.55
103897,2025-10-02,Middle East & Africa,Electronics,Retail Store,Nicholas Gomez,4,941.55,20,3012.96
105742,2025-10-02,Asia Pacific,Home & Garden,Retail Store,Amy Knight,8,319.38,0,2555.04
100012,2025-10-02,North America,Office Supplies,Online,Lisa Hensley,9,128.82,15,985.47
103005,2025-10-02,Europe,Apparel,Retail Store,Ashley Cordova,7,17.14,15,101.98
104452,2025-10-02,Middle East & Africa,Electronics,Online,Brian Allen,3,312.21,0,936.63
105520,2025-10-03,North America,Electronics,Partner Reseller,Joseph Dougherty,4,109.47,20,350.3
100931,2025-10-03,Europe,Office Supplies,Retail Store,Sandra Rivera,9,30.01,20,216.07
105667,2025-10-03,Asia Pacific,Office Supplies,Online,Melissa Robinson,3,97.61,0,292.83
105554,2025-10-03,Latin America,Apparel,Online,Cory Kelley,1,132.94,20,106.35
102535,2025-10-03,North America,Sporting Goods,Retail Store,Albert Garcia,4,292.02,0,1168.08
102443,2025-10-03,Asia Pacific,Sporting Goods,Retail Store,Alisha Byrd,9,306.53,0,2758.77
100165,2025-10-03,Asia Pacific,Electronics,Partner Reseller,John Anderson,7,1166.61,20,6533.02
103859,2025-10-03,Europe,Office Supplies,Partner Reseller,Amanda Wiggins,4,71.07,0,284.28
103951,2025-10-03,Latin America,Apparel,Online,Danielle Griffin,12,77.19,0,926.28
105092,2025-10-03,Latin America,Apparel,Partner Reseller,Tracy Burnett,4,140.36,20,449.15
103721,2025-10-03,Latin America,Apparel,Online,Daniel Wood,11,108.85,15,1017.75
102175,2025-10-04,Middle East & Africa,Electronics,Partner Reseller,Jordan Moses,10,1000.57,5,9505.42
103274,2025-10-04,Latin America,Apparel,Partner Reseller,Sarah Frederick,4,32.2,5,122.36
102681,2025-10-04,Latin America,Apparel,Retail Store,Michael Bennett DVM,11,97.05,0,1067.55
100314,2025-10-04,Middle East & Africa,Office Supplies,Retail Store,Richard Smith,7,113.06,20,633.14
103424,2025-10-04,Asia Pacific,Sporting Goods,Retail Store,Amanda Walters,10,100.49,0,1004.9
104656,2025-10-04,Latin America,Home & Garden,Online,Ryan Wheeler,12,338.43,15,3451.99
105568,2025-10-04,Middle East & Africa,Office Supplies,Retail Store,Brett Maxwell,12,115.7,5,1318.98
101151,2025-10-04,Latin America,Sporting Goods,Partner Reseller,Robert West,4,131.21,0,524.84
102889,2025-10-04,Europe,Home & Garden,Partner Reseller,Ashley Jackson,6,207.72,5,1184.0
101447,2025-10-05,Latin America,Electronics,Retail Store,Ruth Clayton,4,331.42,0,1325.68
103468,2025-10-05,Europe,Home & Garden,Retail Store,Rebecca Lee,8,361.44,5,2746.94
104667,2025-10-05,Asia Pacific,Sporting Goods,Retail Store,Michael Kane,1,276.3,0,276.3
103205,2025-10-05,Middle East & Africa,Sporting Goods,Online,Peter Gilbert,1,292.62,5,277.99
103129,2025-10-05,North America,Home & Garden,Retail Store,Christian Wagner,8,381.52,0,3052.16
100811,2025-10-05,Latin America,Apparel,Partner Reseller,Daniel Brown,1,145.22,0,145.22
105082,2025-10-05,Middle East & Africa,Home & Garden,Online,Chad Rivera,9,26.25,0,236.25
103474,2025-10-05,Europe,Electronics,Retail Store,Kim Sanchez,4,592.03,0,2368.12
103581,2025-10-05,Asia Pacific,Office Supplies,Retail Store,Charles Willis,8,14.13,0,113.04
100524,2025-10-05,Latin America,Apparel,Partner Reseller,Krista Martinez,1,19.4,20,15.52
105615,2025-10-05,North America,Office Supplies,Partner Reseller,Brian Medina,3,149.69,10,404.16
101873,2025-10-06,Middle East & Africa,Electronics,Retail Store,Garrett Riley,5,174.74,10,786.33
102976,2025-10-06,Latin America,Sporting Goods,Retail Store,Maria Figueroa,2,249.79,0,499.58
101558,2025-10-06,Middle East & Africa,Office Supplies,Retail Store,James Moore,5,156.87,10,705.92
103093,2025-10-06,North America,Home & Garden,Partner Reseller,Jennifer Avila,8,223.04,0,1784.32
104377,2025-10-06,North America,Electronics,Retail Store,Douglas Grant,7,1070.78,0,7495.46
103666,2025-10-06,Europe,Electronics,Online,Joel Newton,12,365.52,15,3728.3
104983,2025-10-06,Asia Pacific,Apparel,Online,Jessica Mitchell,7,95.32,20,533.79
103572,2025-10-06,North America,Apparel,Online,Kenneth Bailey DDS,9,23.31,20,167.83
105637,2025-10-06,Latin America,Apparel,Retail Store,Gregory Martin,8,128.61,0,1028.88
102610,2025-10-06,Asia Pacific,Apparel,Online,Sydney Sanders,3,96.46,5,274.91
101962,2025-10-06,Latin America,Apparel,Online,Zachary Jones,12,140.6,20,1349.76
102163,2025-10-07,Middle East & Africa,Apparel,Retail Store,Tammy Williams MD,7,34.26,15,203.85
105437,2025-10-07,North America,Office Supplies,Retail Store,Laura Coleman,12,27.27,10,294.52
101979,2025-10-07,Europe,Electronics,Online,Lisa Guerra,3,244.51,0,733.53
100725,2025-10-07,Asia Pacific,Home & Garden,Retail Store,Rebecca Marquez,11,279.23,20,2457.22
103828,2025-10-07,Middle East & Africa,Electronics,Partner Reseller,Erin Stewart,6,153.96,10,831.38
100523,2025-10-07,Middle East & Africa,Sporting Goods,Partner Reseller,Sarah King,2,187.18,5,355.64
104395,2025-10-07,Latin America,Office Supplies,Retail Store,Victoria Knight,8,73.72,0,589.76
101858,2025-10-07,North America,Office Supplies,Online,Erika Maxwell,9,26.45,5,226.15
101641,2025-10-07,Asia Pacific,Apparel,Online,Katherine White,9,91.71,20,660.31
101779,2025-10-07,Europe,Sporting Goods,Partner Reseller,Brent Garcia,2,107.35,5,203.96
101406,2025-10-08,Middle East & Africa,Home & Garden,Partner Reseller,Denise Wallace,4,237.08,15,806.07
105625,2025-10-08,Middle East & Africa,Sporting Goods,Online,Chad Pennington,1,478.21,10,430.39
102781,2025-10-08,Latin America,Sporting Goods,Online,Eric Fitzpatrick,9,361.13,20,2600.14
105439,2025-10-08,Middle East & Africa,Apparel,Partner Reseller,Melissa Brown,8,126.57,0,1012.56
105820,2025-10-08,Latin America,Electronics,Partner Reseller,Keith Lloyd,1,197.81,5,187.92
104727,2025-10-08,North America,Electronics,Partner Reseller,Lori Madden,10,1042.73,0,10427.3
102618,2025-10-08,North America,Electronics,Partner Reseller,Jennifer Parker,8,1164.98,5,8853.85
103276,2025-10-08,North America,Apparel,Retail Store,Ashley Ruiz,5,144.51,0,722.55
105096,2025-10-08,Europe,Office Supplies,Retail Store,Crystal Mullen,1,179.48,20,143.58
103904,2025-10-08,Latin America,Home & Garden,Partner Reseller,Shannon Ramirez,4,284.23,10,1023.23
102371,2025-10-09,Asia Pacific,Office Supplies,Online,Heather Hess,8,122.88,5,933.89
103899,2025-10-09,North America,Home & Garden,Partner Reseller,Rebecca Cox,6,160.56,0,963.36
101243,2025-10-09,North America,Sporting Goods,Online,Kimberly Choi,10,305.59,0,3055.9
104606,2025-10-09,North America,Sporting Goods,Retail Store,Lisa Salazar MD,2,367.85,5,698.91
100376,2025-10-09,Middle East & Africa,Sporting Goods,Online,Glen Wood,1,260.04,0,260.04
105468,2025-10-09,North America,Office Supplies,Retail Store,Clarence Wood,8,52.26,10,376.27
103617,2025-10-09,Asia Pacific,Office Supplies,Retail Store,Matthew Simmons,7,41.02,15,244.07
101027,2025-10-09,Europe,Apparel,Online,Steve Rivera,10,61.39,0,613.9
104949,2025-10-09,Asia Pacific,Sporting Goods,Retail Store,William Hughes,4,382.41,0,1529.64
101761,2025-10-09,Asia Pacific,Sporting Goods,Partner Reseller,Timothy Moore,7,214.19,5,1424.36
103397,2025-10-09,Middle East & Africa,Apparel,Partner Reseller,Theresa Davis,10,42.93,10,386.37
102542,2025-10-09,Europe,Electronics,Retail Store,Eric Williams,4,687.45,10,2474.82
104069,2025-10-10,Middle East & Africa,Home & Garden,Online,Clifford Murphy DVM,7,290.22,20,1625.23
103508,2025-10-10,North America,Sporting Goods,Online,John Moore,3,213.29,0,639.87
105007,2025-10-10,North America,Electronics,Online,William Giles,9,520.89,15,3984.81
102718,2025-10-10,Europe,Apparel,Retail Store,Catherine George,11,147.99,0,1627.89
101853,2025-10-10,North America,Apparel,Partner Reseller,Robert Chang,12,104.71,0,1256.52
102508,2025-10-10,North America,Electronics,Retail Store,Daniel Reynolds,11,918.44,15,8587.41
100771,2025-10-10,North America,Electronics,Partner Reseller,Mr. Jeffrey Horton,6,373.01,0,2238.06
102917,2025-10-11,North America,Electronics,Online,Amy Taylor,8,637.11,5,4842.04
103703,2025-10-11,Asia Pacific,Electronics,Retail Store,Adriana Johnson,11,162.68,5,1700.01
100219,2025-10-11,North America,Apparel,Online,Bailey Duran DDS,11,86.23,0,948.53
104942,2025-10-11,Latin America,Office Supplies,Online,Ryan Waters,6,128.57,10,694.28
104088,2025-10-11,Asia Pacific,Electronics,Retail Store,Victor Brown,9,1069.27,20,7698.74
101007,2025-10-11,Europe,Electronics,Partner Reseller,Jennifer Nichols,2,623.61,0,1247.22
104653,2025-10-11,Middle East & Africa,Office Supplies,Online,Henry Huerta,10,150.48,0,1504.8
100536,2025-10-11,North America,Home & Garden,Partner Reseller,Morgan Valencia,3,132.57,0,397.71
102825,2025-10-11,North America,Office Supplies,Online,Erin Figueroa,12,28.79,0,345.48
105670,2025-10-12,Latin America,Apparel,Online,Mitchell Williams,8,85.24,0,681.92
104200,2025-10-12,Asia Pacific,Home & Garden,Partner Reseller,Jennifer Johnson,7,230.71,5,1534.22
101665,2025-10-12,Latin America,Office Supplies,Partner Reseller,Eric Rodriguez,9,17.65,5,150.91
104157,2025-10-12,North America,Apparel,Retail Store,Jamie Johnson,2,53.19,0,106.38
101136,2025-10-12,Middle East & Africa,Home & Garden,Retail Store,Michael Roberson,1,94.0,5,89.3
102054,2025-10-12,North America,Sporting Goods,Retail Store,Kenneth Stokes,1,35.68,0,35.68
102040,2025-10-12,Europe,Office Supplies,Retail Store,Laura Alvarez,6,191.25,20,918.0
105973,2025-10-12,Asia Pacific,Sporting Goods,Retail Store,Justin White,11,41.81,10,413.92
102657,2025-10-12,Middle East & Africa,Sporting Goods,Retail Store,Jeffrey Baldwin,12,93.76,0,1125.12
101148,2025-10-12,Latin America,Office Supplies,Online,John Allen,6,74.35,20,356.88
100252,2025-10-12,North America,Home & Garden,Partner Reseller,Tanya Kim,10,75.6,0,756.0
104048,2025-10-12,North America,Home & Garden,Partner Reseller,Victor Williams,3,326.67,0,980.01
100249,2025-10-13,Latin America,Electronics,Online,Kimberly Gutierrez,11,238.9,0,2627.9
100551,2025-10-13,Middle East & Africa,Apparel,Retail Store,Angel Gordon,10,130.55,15,1109.67
105852,2025-10-13,Europe,Electronics,Online,Justin Foster,2,359.0,5,682.1
105129,2025-10-13,North America,Office Supplies,Online,Monica Frost,1,17.05,15,14.49
105358,2025-10-13,Latin America,Sporting Goods,Online,Jose Green,10,96.7,10,870.3
103514,2025-10-13,North America,Apparel,Retail Store,Christian Cross,9,13.18,15,100.83
102233,2025-10-13,Asia Pacific,Sporting Goods,Online,Corey Cooper,4,460.67,0,1842.68
103282,2025-10-14,Middle East & Africa,Electronics,Retail Store,Sue Warner,12,944.68,0,11336.16
104811,2025-10-14,Middle East & Africa,Apparel,Retail Store,Darren Morris,9,19.43,0,174.87
101372,2025-10-14,Asia Pacific,Office Supplies,Retail Store,John Oliver,11,120.76,5,1261.94
102506,2025-10-14,Europe,Home & Garden,Online,Joshua Mendoza,9,389.53,15,2979.9
102784,2025-10-14,Latin America,Apparel,Online,Luis Murphy,11,57.29,5,598.68
102881,2025-10-14,North America,Home & Garden,Online,Jill Martin,2,206.22,0,412.44
105002,2025-10-14,Asia Pacific,Office Supplies,Partner Reseller,Ricky Diaz,4,151.07,15,513.64
102244,2025-10-15,Europe,Apparel,Retail Store,Stanley Kelly,4,113.87,0,455.48
100351,2025-10-15,Europe,Apparel,Online,Kimberly Nguyen,9,142.65,0,1283.85
100336,2025-10-15,Middle East & Africa,Apparel,Online,Daniel Kane,11,65.72,0,722.92
100891,2025-10-15,Asia Pacific,Office Supplies,Online,Nathan Nelson,12,161.9,10,1748.52
102964,2025-10-15,Latin America,Sporting Goods,Online,Tracy Harrington,12,196.0,5,2234.4
102173,2025-10-15,North America,Sporting Goods,Online,Tiffany Hood,9,407.59,5,3484.89
105019,2025-10-16,North America,Electronics,Retail Store,Dorothy Anderson,7,283.3,15,1685.63
104619,2025-10-16,North America,Electronics,Partner Reseller,Robert Payne,1,549.22,5,521.76
104620,2025-10-16,North America,Office Supplies,Online,Jonathan Cisneros,7,177.49,20,993.94
100396,2025-10-16,Asia Pacific,Electronics,Retail Store,Jennifer Collins,8,467.93,15,3181.92
103406,2025-10-16,Latin America,Sporting Goods,Partner Reseller,Thomas Zhang,4,207.44,10,746.78
102106,2025-10-16,Middle East & Africa,Electronics,Online,Theodore Long,1,1126.2,0,1126.2
105657,2025-10-16,North America,Office Supplies,Partner Reseller,Juan Gilbert,9,54.89,20,395.21
102381,2025-10-16,Middle East & Africa,Office Supplies,Partner Reseller,Sergio Carroll,7,130.74,0,915.18
104642,2025-10-16,Europe,Home & Garden,Partner Reseller,Wendy Martin,5,303.17,0,1515.85
105268,2025-10-16,North America,Home & Garden,Partner Reseller,Lauren Barr,4,217.79,0,871.16
102139,2025-10-16,Latin America,Home & Garden,Online,Charles Roberts,1,196.94,20,157.55
105467,2025-10-16,Asia Pacific,Apparel,Online,Alice Conley,6,42.73,5,243.56
102207,2025-10-16,Middle East & Africa,Office Supplies,Retail Store,Cody Burgess,5,43.95,5,208.76
104766,2025-10-16,Middle East & Africa,Sporting Goods,Partner Reseller,Jeffrey Lyons,1,158.77,0,158.77
101271,2025-10-17,Middle East & Africa,Home & Garden,Online,Kimberly Lutz,11,318.98,10,3157.9
102044,2025-10-17,Latin America,Sporting Goods,Online,Russell Bailey,9,199.1,10,1612.71
104569,2025-10-17,Latin America,Home & Garden,Partner Reseller,Virginia Mendez,2,170.59,0,341.18
103583,2025-10-17,Asia Pacific,Office Supplies,Online,Michael Soto,11,83.63,15,781.94
103206,2025-10-17,Europe,Electronics,Retail Store,David Hunt,12,900.53,20,8645.09
104809,2025-10-17,Middle East & Africa,Home & Garden,Retail Store,Kendra Sullivan,3,364.96,0,1094.88
103203,2025-10-17,Middle East & Africa,Office Supplies,Partner Reseller,Jason Jenkins,11,184.76,5,1930.74
100127,2025-10-18,Middle East & Africa,Office Supplies,Retail Store,Jason Powell,6,135.3,0,811.8
101852,2025-10-18,Asia Pacific,Apparel,Retail Store,Dominique Hamilton,3,63.45,5,180.83
104633,2025-10-18,Asia Pacific,Electronics,Retail Store,Dr. Sarah Smith,4,474.16,15,1612.14
101026,2025-10-18,Middle East & Africa,Home & Garden,Online,Lee Steele,8,51.3,0,410.4
100868,2025-10-18,Latin America,Electronics,Online,Lisa Ramirez,11,124.69,0,1371.59
104754,2025-10-18,Asia Pacific,Sporting Goods,Retail Store,Patrick Hooper,6,300.09,15,1530.46
101685,2025-10-18,Latin America,Sporting Goods,Online,John Lowe,2,183.52,0,367.04
101122,2025-10-18,North America,Apparel,Partner Reseller,John Garcia,12,57.79,10,624.13
104520,2025-10-18,Asia Pacific,Apparel,Online,Daniel Meyer,10,21.22,5,201.59
102957,2025-10-18,North America,Office Supplies,Online,Monica Curtis,8,100.76,0,806.08
103569,2025-10-18,Latin America,Electronics,Retail Store,Ethan Perez,5,155.04,0,775.2
101573,2025-10-19,North America,Sporting Goods,Online,Emily Grant,11,373.24,0,4105.64
103496,2025-10-19,Asia Pacific,Apparel,Online,Jennifer Phillips,7,43.08,15,256.33
105389,2025-10-19,Asia Pacific,Apparel,Retail Store,Bethany Baxter MD,3,133.27,10,359.83
100574,2025-10-19,Europe,Sporting Goods,Partner Reseller,Daniel Nguyen,7,54.0,0,378.0
102487,2025-10-19,Latin America,Electronics,Partner Reseller,Melissa Clark,10,254.61,0,2546.1
100080,2025-10-19,North America,Sporting Goods,Partner Reseller,Kelly Donovan,9,20.81,15,159.2
101499,2025-10-19,Latin America,Office Supplies,Partner Reseller,Ethan Frey,5,146.55,10,659.48
105254,2025-10-19,Latin America,Apparel,Online,Debra Smith,4,105.03,20,336.1
102989,2025-10-19,Middle East & Africa,Office Supplies,Retail Store,Jeffrey Kennedy,10,121.87,0,1218.7
105853,2025-10-19,North America,Office Supplies,Retail Store,Maurice Graham,6,193.92,10,1047.17
100679,2025-10-20,Middle East & Africa,Sporting Goods,Online,William Harrison,7,108.74,0,761.18
103544,2025-10-20,Asia Pacific,Electronics,Partner Reseller,John Golden DDS,5,1165.03,0,5825.15
105111,2025-10-20,Asia Pacific,Office Supplies,Partner Reseller,Rose Mclaughlin,8,70.92,0,567.36
104064,2025-10-20,North America,Electronics,Partner Reseller,Donald Santana,3,969.97,10,2618.92
102197,2025-10-20,Asia Pacific,Sporting Goods,Retail Store,Kelly Phillips,11,52.74,5,551.13
105247,2025-10-20,Latin America,Home & Garden,Online,Jeffery Collins,1,176.34,10,158.71
102995,2025-10-20,Europe,Office Supplies,Partner Reseller,Anna Valenzuela,3,178.66,20,428.78
103428,2025-10-20,Asia Pacific,Sporting Goods,Online,Craig Liu,9,475.8,0,4282.2
100529,2025-10-20,Middle East & Africa,Home & Garden,Online,Angel May,7,188.09,5,1250.8
102497,2025-10-20,Europe,Electronics,Retail Store,James Ferguson,11,509.36,5,5322.81
101236,2025-10-20,Latin America,Office Supplies,Online,Kimberly May,8,193.17,0,1545.36
100272,2025-10-21,Latin America,Electronics,Retail Store,Jonathan Lawrence,11,605.19,0,6657.09
104040,2025-10-21,Asia Pacific,Sporting Goods,Retail Store,Jeffrey Miller,3,29.99,0,89.97
104755,2025-10-21,North America,Office Supplies,Partner Reseller,Mary Lee,2,187.05,20,299.28
100513,2025-10-21,Middle East & Africa,Office Supplies,Partner Reseller,Robert Arnold,12,185.08,5,2109.91
102860,2025-10-21,Middle East & Africa,Apparel,Online,Veronica Osborne,6,90.81,15,463.13
101149,2025-10-21,Middle East & Africa,Electronics,Online,Amber Walker,8,1170.52,10,8427.74
104454,2025-10-21,North America,Electronics,Partner Reseller,Daniel Garcia,5,1196.51,0,5982.55
105512,2025-10-21,Latin America,Apparel,Partner Reseller,Holly Rivas,8,16.27,0,130.16
103075,2025-10-21,North America,Home & Garden,Retail Store,James Silva,5,345.65,15,1469.01
101350,2025-10-21,Europe,Home & Garden,Online,Destiny Obrien,4,133.36,0,533.44
100007,2025-10-21,Middle East & Africa,Electronics,Partner Reseller,Gina Moore,7,1169.89,0,8189.23
105876,2025-10-21,Latin America,Electronics,Online,Nicole Sanchez,1,187.13,15,159.06
105399,2025-10-21,Middle East & Africa,Home & Garden,Partner Reseller,Madison Richardson,2,278.78,20,446.05
101672,2025-10-22,Asia Pacific,Sporting Goods,Online,Julia Reeves,4,269.03,10,968.51
101409,2025-10-22,Asia Pacific,Sporting Goods,Partner Reseller,Nicholas Stanley,3,90.92,15,231.85
101429,2025-10-22,Asia Pacific,Electronics,Retail Store,Jeffrey Carter,4,679.1,20,2173.12
105392,2025-10-22,Asia Pacific,Sporting Goods,Retail Store,Zachary Ortiz,8,348.73,15,2371.36
101444,2025-10-22,Europe,Electronics,Retail Store,Mrs. Raven Rivera DVM,7,529.16,10,3333.71
100467,2025-10-22,North America,Electronics,Online,William Jones,11,541.88,0,5960.68
105208,2025-10-22,North America,Apparel,Partner Reseller,Tracey Reynolds,7,82.23,5,546.83
105542,2025-10-22,Europe,Sporting Goods,Retail Store,Nicholas Chung,5,123.5,15,524.88
101452,2025-10-22,Latin America,Electronics,Retail Store,Emily Morris,3,91.56,20,219.74
100920,2025-10-22,Middle East & Africa,Electronics,Retail Store,Russell Murphy,5,619.81,0,3099.05
101240,2025-10-22,Europe,Sporting Goods,Online,Preston Kim,8,333.84,10,2403.65
101342,2025-10-22,Middle East & Africa,Office Supplies,Online,Regina Mitchell,3,73.57,0,220.71
103955,2025-10-22,Latin America,Home & Garden,Partner Reseller,Gregory Ochoa,6,163.48,5,931.84
103989,2025-10-23,Latin America,Sporting Goods,Partner Reseller,Victoria Marshall,2,126.22,0,252.44
103248,2025-10-23,North America,Electronics,Partner Reseller,Brent Rodriguez,3,173.67,20,416.81
102075,2025-10-23,Asia Pacific,Electronics,Online,Ronald Brown,1,295.99,10,266.39
105606,2025-10-23,North America,Home & Garden,Retail Store,John Adams,6,39.38,0,236.28
101305,2025-10-23,Europe,Apparel,Online,Matthew Baker,3,49.81,10,134.49
105004,2025-10-23,Europe,Apparel,Online,Catherine Soto,10,89.17,15,757.95
101468,2025-10-23,North America,Apparel,Online,Mr. Edward Terry,5,23.1,0,115.5
101375,2025-10-23,Europe,Home & Garden,Online,Kenneth Brown,12,26.44,0,317.28
103627,2025-10-23,Europe,Electronics,Retail Store,Rebekah Cole,5,656.43,0,3282.15
102186,2025-10-23,Europe,Home & Garden,Online,Jeffrey Drake MD,12,211.93,10,2288.84
102475,2025-10-23,Europe,Apparel,Retail Store,Gary Turner,1,80.22,10,72.2
101048,2025-10-23,North America,Home & Garden,Retail Store,Traci Vincent,3,380.34,20,912.82
100814,2025-10-23,Europe,Apparel,Online,Scott Duke,11,72.83,0,801.13
102218,2025-10-24,Latin America,Apparel,Online,Cheryl Turner,3,19.51,0,58.53
101978,2025-10-24,North America,Electronics,Partner Reseller,Daniel Lopez,2,822.28,5,1562.33
100115,2025-10-24,Europe,Sporting Goods,Retail Store,Diana May,10,341.34,0,3413.4
102999,2025-10-24,Europe,Office Supplies,Partner Reseller,Michael Price,6,159.04,0,954.24
101002,2025-10-24,Europe,Electronics,Partner Reseller,Dennis Marshall,6,774.1,20,3715.68
101158,2025-10-24,Europe,Office Supplies,Online,Jesse Castro,8,36.01,5,273.68
104286,2025-10-24,Asia Pacific,Office Supplies,Retail Store,Judith Myers,7,161.46,0,1130.22
101322,2025-10-24,Asia Pacific,Apparel,Online,Laura Wilson,9,146.85,0,1321.65
104648,2025-10-24,Europe,Apparel,Retail Store,Patricia Adkins,12,115.21,5,1313.39
101195,2025-10-24,Europe,Sporting Goods,Partner Reseller,Cynthia Mueller,3,197.49,0,592.47
104191,2025-10-24,Middle East & Africa,Sporting Goods,Retail Store,Anita Chapman,8,451.38,0,3611.04
100795,2025-10-24,Europe,Office Supplies,Retail Store,Adam Taylor,3,38.86,0,116.58
100614,2025-10-25,Latin America,Electronics,Partner Reseller,Elizabeth Sharp,6,340.96,15,1738.9
102353,2025-10-25,Europe,Sporting Goods,Retail Store,Donna Stanton,8,28.26,15,192.17
104174,2025-10-25,Latin America,Sporting Goods,Retail Store,Rickey Hall,3,376.31,10,1016.04
100948,2025-10-25,Middle East & Africa,Office Supplies,Retail Store,Robert Stark,9,131.72,0,1185.48
101355,2025-10-25,Middle East & Africa,Home & Garden,Online,Laura Benson,6,86.14,0,516.84
103623,2025-10-25,Europe,Electronics,Online,Francis Andrews,8,1026.2,0,8209.6
104440,2025-10-25,North America,Apparel,Retail Store,Tammy Mcdaniel,11,36.86,15,344.64
105844,2025-10-25,Asia Pacific,Office Supplies,Retail Store,Brandon Carrillo,9,177.73,0,1599.57
102311,2025-10-25,North America,Sporting Goods,Online,Dr. Charles Lawrence,1,419.6,0,419.6
101060,2025-10-25,Latin America,Sporting Goods,Partner Reseller,Arthur Mcneil,1,377.31,0,377.31
105764,2025-10-25,North America,Office Supplies,Online,Amber Johnson,12,134.82,0,1617.84
101881,2025-10-25,Europe,Apparel,Online,Matthew Davis,6,145.76,15,743.38
101050,2025-10-25,Latin America,Electronics,Online,Alejandro Deleon,12,451.7,10,4878.36
103197,2025-10-26,Latin America,Apparel,Online,Christina Taylor,4,32.46,5,123.35
104617,2025-10-26,Latin America,Home & Garden,Retail Store,Joann Sanders,11,213.79,10,2116.52
104313,2025-10-26,Latin America,Electronics,Retail Store,Natalie Mitchell,9,1121.12,0,10090.08
102895,2025-10-26,Middle East & Africa,Apparel,Retail Store,Elizabeth Roth,6,47.19,10,254.83
100554,2025-10-26,Europe,Apparel,Partner Reseller,Robert Morgan,5,147.06,0,735.3
100767,2025-10-26,Latin America,Home & Garden,Online,Haley Johnson,12,58.53,15,597.01
101911,2025-10-26,North America,Electronics,Retail Store,Dorothy Brown,6,819.68,0,4918.08
104786,2025-10-26,Europe,Office Supplies,Partner Reseller,John Massey,5,103.17,0,515.85
102481,2025-10-27,Latin America,Sporting Goods,Retail Store,Mary Kennedy,1,466.34,0,466.34
101145,2025-10-27,Middle East & Africa,Sporting Goods,Partner Reseller,Kristin Huerta,1,44.35,5,42.13
101117,2025-10-27,Middle East & Africa,Home & Garden,Online,Erin Smith,4,287.81,0,1151.24
100183,2025-10-27,Latin America,Electronics,Partner Reseller,Ashley Barton,7,889.14,20,4979.18
101472,2025-10-27,North America,Apparel,Retail Store,Edward Baker,11,105.38,0,1159.18
104384,2025-10-27,Europe,Sporting Goods,Retail Store,Charlene Gutierrez,7,73.74,0,516.18
105616,2025-10-27,North America,Home & Garden,Partner Reseller,Antonio Lopez,10,171.54,20,1372.32
100383,2025-10-27,Middle East & Africa,Home & Garden,Online,Mr. Andrew Foster,10,292.74,5,2781.03
103115,2025-10-27,Europe,Electronics,Retail Store,Debra Jackson,3,1053.48,0,3160.44
100735,2025-10-27,Asia Pacific,Home & Garden,Partner Reseller,Laura Jackson,8,314.89,0,2519.12
101671,2025-10-27,Asia Pacific,Apparel,Online,Megan Anderson,3,87.08,20,208.99
100264,2025-10-27,Latin America,Apparel,Retail Store,Yvonne Burns,2,22.34,0,44.68
103291,2025-10-27,North America,Home & Garden,Partner Reseller,Nancy Tran,3,204.64,5,583.22
105537,2025-10-27,North America,Electronics,Partner Reseller,Erin Carter,3,1032.17,5,2941.68
105259,2025-10-27,Europe,Electronics,Online,Larry Fritz,11,691.64,0,7608.04
102073,2025-10-27,Middle East & Africa,Electronics,Retail Store,Charles Hernandez,6,211.27,0,1267.62
105145,2025-10-28,North America,Sporting Goods,Retail Store,Roger Valencia,9,249.66,15,1909.9
102254,2025-10-28,North America,Office Supplies,Retail Store,Theresa Colon,12,80.68,15,822.94
102461,2025-10-28,Asia Pacific,Sporting Goods,Online,James Morse,5,181.98,20,727.92
102661,2025-10-28,Middle East & Africa,Apparel,Partner Reseller,Joseph Swanson,11,43.78,5,457.5
104469,2025-10-28,Latin America,Sporting Goods,Online,Susan Davis,3,330.02,5,940.56
102074,2025-10-28,Middle East & Africa,Office Supplies,Partner Reseller,Elizabeth Graham,3,111.56,10,301.21
101610,2025-10-28,North America,Office Supplies,Online,Richard Hunt,12,126.92,0,1523.04
104562,2025-10-28,Asia Pacific,Office Supplies,Online,Alejandra Fernandez,1,122.66,10,110.39
103877,2025-10-28,Middle East & Africa,Office Supplies,Online,Taylor Johnson,3,43.11,5,122.86
104695,2025-10-28,Middle East & Africa,Office Supplies,Partner Reseller,Corey King,2,34.17,20,54.67
104671,2025-10-28,Asia Pacific,Electronics,Retail Store,Robert Hall,5,426.77,5,2027.16
103385,2025-10-28,Asia Pacific,Sporting Goods,Retail Store,Brandi Camacho DVM,4,34.0,10,122.4
101083,2025-10-28,Middle East & Africa,Electronics,Online,Keith Knox,8,663.13,5,5039.79
105943,2025-10-28,Asia Pacific,Sporting Goods,Online,Jesse Martin,7,475.71,5,3163.47
102128,2025-10-29,Middle East & Africa,Sporting Goods,Online,Maria Sims,2,268.94,15,457.2
104923,2025-10-29,Asia Pacific,Office Supplies,Retail Store,Brittney Bowman,8,44.66,20,285.82
103492,2025-10-29,Latin America,Office Supplies,Partner Reseller,Carla Goodman,11,163.11,5,1704.5
101157,2025-10-29,Middle East & Africa,Sporting Goods,Partner Reseller,Heidi Brown,7,212.39,0,1486.73
103177,2025-10-29,Latin America,Office Supplies,Partner Reseller,Xavier Parker,7,51.39,0,359.73
103081,2025-10-30,Europe,Electronics,Partner Reseller,Christopher Johnson,5,565.94,0,2829.7
103283,2025-10-30,Europe,Office Supplies,Retail Store,Amanda Zavala,9,140.99,0,1268.91
102119,2025-10-30,Latin America,Sporting Goods,Retail Store,Mark Edwards,9,436.57,0,3929.13
102511,2025-10-30,North America,Sporting Goods,Retail Store,Desiree Smith,12,250.79,0,3009.48
104261,2025-10-30,Europe,Electronics,Online,Kristin Williams,3,1126.36,20,2703.26
103493,2025-10-30,Middle East & Africa,Office Supplies,Partner Reseller,Jeffrey Stanton,8,173.41,0,1387.28
104885,2025-10-30,Middle East & Africa,Office Supplies,Online,Richard Smith,9,33.08,10,267.95
101102,2025-10-30,Middle East & Africa,Electronics,Partner Reseller,Nicholas Lawrence,9,354.08,0,3186.72
105227,2025-10-31,Europe,Office Supplies,Retail Store,Kimberly Black,3,173.68,5,494.99
103749,2025-10-31,North America,Sporting Goods,Partner Reseller,Amy Perez,2,421.44,10,758.59
101553,2025-10-31,Middle East & Africa,Home & Garden,Online,Crystal James,9,290.03,15,2218.73
105176,2025-10-31,Latin America,Home & Garden,Partner Reseller,Daniel Wilson,9,158.83,0,1429.47
104910,2025-10-31,Europe,Electronics,Partner Reseller,Sheila Douglas,2,233.11,0,466.22
103705,2025-10-31,Asia Pacific,Electronics,Online,Andrea Butler,9,984.69,0,8862.21
104553,2025-11-01,Asia Pacific,Electronics,Retail Store,John Hebert,3,940.81,0,2822.43
101916,2025-11-01,Asia Pacific,Home & Garden,Online,Carlos Clarke,2,239.97,0,479.94
103497,2025-11-01,Middle East & Africa,Office Supplies,Retail Store,Edward Weeks,8,67.54,0,540.32
100198,2025-11-01,Middle East & Africa,Apparel,Online,Adam Vaughan,12,90.47,0,1085.64
103884,2025-11-01,Europe,Home & Garden,Partner Reseller,Kimberly Wilson,11,154.66,0,1701.26
104016,2025-11-01,Latin America,Apparel,Partner Reseller,Kendra Smith,9,102.48,5,876.2
104675,2025-11-01,North America,Sporting Goods,Online,Juan Evans,6,495.48,0,2972.88
101848,2025-11-01,Middle East & Africa,Apparel,Partner Reseller,Randy Hopkins,9,94.86,0,853.74
101044,2025-11-01,Asia Pacific,Home & Garden,Online,Cassandra Harrell,10,138.48,15,1177.08
101735,2025-11-01,Middle East & Africa,Home & Garden,Retail Store,Joanna Kelly,2,112.0,10,201.6
104859,2025-11-01,North America,Sporting Goods,Partner Reseller,Erin Price,10,213.37,0,2133.7
105836,2025-11-01,Europe,Home & Garden,Online,John Webb,11,104.25,20,917.4
100088,2025-11-01,Latin America,Home & Garden,Partner Reseller,Lisa Archer,5,268.66,10,1208.97
100427,2025-11-01,Latin America,Apparel,Partner Reseller,Emily Bennett,12,124.3,0,1491.6
105308,2025-11-01,Latin America,Office Supplies,Online,Stacey Howe,3,72.2,0,216.6
103340,2025-11-02,Middle East & Africa,Home & Garden,Retail Store,Claudia Brown,11,140.42,10,1390.16
103574,2025-11-02,Middle East & Africa,Office Supplies,Online,Ruben Cruz,10,177.57,5,1686.91
102429,2025-11-02,Latin America,Office Supplies,Retail Store,Ms. Erin Lane,10,94.01,15,799.09
102581,2025-11-02,Middle East & Africa,Sporting Goods,Online,Kevin Guerra,6,155.67,15,793.92
105497,2025-11-02,North America,Office Supplies,Partner Reseller,Joel Rogers,2,53.76,15,91.39
104818,2025-11-02,North America,Office Supplies,Retail Store,Tammy Lopez,7,176.61,0,1236.27
101120,2025-11-02,Europe,Electronics,Retail Store,Misty Garcia,12,797.49,0,9569.88
103392,2025-11-02,North America,Sporting Goods,Online,John Taylor,11,345.8,0,3803.8
105740,2025-11-03,Europe,Electronics,Online,Teresa Velasquez,6,919.17,10,4963.52
102135,2025-11-03,Europe,Home & Garden,Online,Cheryl Atkins,2,136.32,0,272.64
103225,2025-11-03,North America,Home & Garden,Online,Jessica Fields,4,90.4,0,361.6
105607,2025-11-03,Europe,Apparel,Partner Reseller,Michelle Huber,2,22.69,0,45.38
104058,2025-11-03,Europe,Electronics,Online,Jacqueline Monroe,2,997.19,0,1994.38
100489,2025-11-03,Latin America,Home & Garden,Online,Lance Simmons,11,276.68,5,2891.31
100645,2025-11-03,Europe,Home & Garden,Online,Kim Morrow,12,117.61,0,1411.32
100473,2025-11-03,Europe,Home & Garden,Retail Store,Evelyn Williams,5,253.62,20,1014.48
102674,2025-11-03,North America,Apparel,Retail Store,Lindsay Walker,1,138.89,15,118.06
104108,2025-11-03,North America,Sporting Goods,Partner Reseller,James Cummings,8,148.7,0,1189.6
105283,2025-11-03,Latin America,Sporting Goods,Partner Reseller,Robin York,3,437.47,15,1115.55
103334,2025-11-03,Asia Pacific,Office Supplies,Online,James Gilbert,4,125.66,0,502.64
104522,2025-11-03,Middle East & Africa,Home & Garden,Retail Store,Marc Mitchell,11,150.78,15,1409.79
102394,2025-11-03,Europe,Electronics,Online,Aaron Lee,6,299.34,10,1616.44
102757,2025-11-03,Latin America,Apparel,Partner Reseller,Lee Mann,5,85.08,20,340.32
100280,2025-11-03,Middle East & Africa,Office Supplies,Retail Store,Amanda Jones,6,35.96,0,215.76
105929,2025-11-04,North America,Home & Garden,Online,Crystal Robinson,8,73.72,0,589.76
100228,2025-11-04,North America,Sporting Goods,Partner Reseller,Michael Bradshaw,6,235.17,10,1269.92
101772,2025-11-04,Latin America,Home & Garden,Retail Store,Tina Reynolds,5,334.45,15,1421.41
102872,2025-11-04,North America,Apparel,Online,Terry Waller,3,46.54,0,139.62
102236,2025-11-04,Europe,Electronics,Online,Bonnie Carter,3,165.81,5,472.56
102509,2025-11-04,Middle East & Africa,Sporting Goods,Retail Store,Karen Munoz,2,433.84,20,694.14
100905,2025-11-04,Asia Pacific,Home & Garden,Partner Reseller,Johnathan Brown,10,157.77,0,1577.7
102262,2025-11-04,Latin America,Electronics,Partner Reseller,Angela Watson,8,1161.79,15,7900.17
100118,2025-11-04,Asia Pacific,Office Supplies,Partner Reseller,Victor Baker,7,137.08,5,911.58
102621,2025-11-04,Middle East & Africa,Apparel,Online,Carolyn Brooks,11,143.97,15,1346.12
101311,2025-11-05,Latin America,Home & Garden,Online,Richard Gordon,6,379.9,0,2279.4
105309,2025-11-05,Europe,Sporting Goods,Partner Reseller,Diane Bishop,2,310.27,15,527.46
102113,2025-11-05,Asia Pacific,Office Supplies,Partner Reseller,Michelle Mcdowell,4,167.93,15,570.96
100758,2025-11-05,Europe,Electronics,Partner Reseller,Heather Woodard,2,94.28,0,188.56
102870,2025-11-05,Middle East & Africa,Electronics,Online,Christopher Long,1,411.09,15,349.43
100922,2025-11-05,Middle East & Africa,Electronics,Retail Store,Megan Green,5,864.92,0,4324.6
105303,2025-11-05,Europe,Office Supplies,Retail Store,Cassandra Mitchell,9,189.84,20,1366.85
101599,2025-11-05,Middle East & Africa,Apparel,Partner Reseller,Ronald Murray,4,132.96,10,478.66
100053,2025-11-05,Middle East & Africa,Office Supplies,Partner Reseller,Mark Perez,5,66.69,0,333.45
101230,2025-11-05,Middle East & Africa,Apparel,Retail Store,Maria Case,8,21.26,20,136.06
101785,2025-11-06,North America,Electronics,Partner Reseller,Stephanie Knight,1,316.4,5,300.58
100594,2025-11-06,North America,Apparel,Online,Tanya Russell,12,107.81,20,1034.98
103750,2025-11-06,Middle East & Africa,Home & Garden,Retail Store,Lauren Marshall,4,391.3,20,1252.16
100897,2025-11-06,Middle East & Africa,Sporting Goods,Partner Reseller,Elizabeth Dean,10,291.04,0,2910.4
103259,2025-11-06,Asia Pacific,Office Supplies,Retail Store,Robert Stokes,3,58.64,5,167.12
100405,2025-11-06,Latin America,Home & Garden,Online,Madison Weber,5,375.59,0,1877.95
105405,2025-11-06,Asia Pacific,Home & Garden,Online,Matthew Morgan,12,46.11,15,470.32
105706,2025-11-06,Middle East & Africa,Home & Garden,Online,Lisa Singh,11,215.21,20,1893.85
100631,2025-11-06,Latin America,Apparel,Partner Reseller,Joyce Brown,11,106.08,0,1166.88
100671,2025-11-06,Latin America,Home & Garden,Online,Kristin Mendoza,7,248.82,0,1741.74
103146,2025-11-06,North America,Home & Garden,Partner Reseller,Darrell Oliver,3,71.14,10,192.08
104017,2025-11-06,North America,Sporting Goods,Retail Store,Alexander Stein,12,328.25,5,3742.05
100121,2025-11-06,Asia Pacific,Office Supplies,Partner Reseller,Kenneth Scott,6,88.53,0,531.18
104517,2025-11-06,Latin America,Sporting Goods,Partner Reseller,Harold Lee,3,84.79,0,254.37
100853,2025-11-07,North America,Apparel,Partner Reseller,Donald Miller,4,44.46,15,151.16
103391,2025-11-07,Europe,Home & Garden,Online,Jerry Davenport,6,257.23,15,1311.87
104605,2025-11-07,Europe,Electronics,Partner Reseller,Kiara Preston,12,861.06,15,8782.81
105965,2025-11-07,Latin America,Apparel,Partner Reseller,Thomas Daugherty,9,12.48,0,112.32
104995,2025-11-07,Latin America,Apparel,Partner Reseller,Michael Flores,6,103.37,0,620.22
104971,2025-11-07,Latin America,Sporting Goods,Retail Store,Christina Moon,6,37.6,0,225.6
103504,2025-11-07,Middle East & Africa,Electronics,Online,Sandra Smith,1,242.61,15,206.22
104565,2025-11-07,North America,Apparel,Retail Store,Casey Terrell,9,41.1,10,332.91
100191,2025-11-07,Europe,Office Supplies,Online,Karen Graham,11,85.35,20,751.08
103779,2025-11-07,Middle East & Africa,Apparel,Online,Philip Powell,4,100.15,15,340.51
100197,2025-11-07,Europe,Sporting Goods,Retail Store,Spencer Haynes,2,429.6,0,859.2
104222,2025-11-07,Latin America,Sporting Goods,Retail Store,Cory Martinez,6,216.73,0,1300.38
102720,2025-11-07,Middle East & Africa,Electronics,Online,Carl Harris,2,844.64,0,1689.28
101517,2025-11-07,Asia Pacific,Sporting Goods,Online,Angela Brown,3,403.88,10,1090.48
103941,2025-11-07,North America,Home & Garden,Online,Phillip Ward,8,179.15,0,1433.2
100203,2025-11-07,Latin America,Electronics,Online,Joseph Coleman,12,729.12,0,8749.44
100947,2025-11-08,Latin America,Electronics,Online,Ariel Sandoval,11,473.22,10,4684.88
105147,2025-11-08,Europe,Apparel,Partner Reseller,Anthony Wright,3,44.45,0,133.35
100745,2025-11-08,Latin America,Apparel,Retail Store,Vincent Novak,3,115.02,20,276.05
102425,2025-11-08,Middle East & Africa,Sporting Goods,Partner Reseller,Jonathon Conley,1,335.99,0,335.99
101559,2025-11-08,Latin America,Sporting Goods,Retail Store,Harold Garrett,8,350.73,15,2384.96
100192,2025-11-08,Europe,Home & Garden,Partner Reseller,Debra Christian,7,45.4,10,286.02
104123,2025-11-08,North America,Home & Garden,Partner Reseller,Emily Fitzpatrick,9,15.21,10,123.2
102017,2025-11-08,North America,Home & Garden,Online,Ashley Schaefer,5,343.43,5,1631.29
102925,2025-11-09,Middle East & Africa,Home & Garden,Retail Store,Elizabeth Jenkins,11,138.47,0,1523.17
100485,2025-11-09,North America,Office Supplies,Online,Jonathan Glass MD,6,150.36,0,902.16
101356,2025-11-09,Europe,Apparel,Online,Kristine Carrillo,6,142.83,0,856.98
103288,2025-11-09,Latin America,Home & Garden,Online,Samuel Mata,2,325.58,0,651.16
103394,2025-11-09,Latin America,Office Supplies,Partner Reseller,Angela Huang,2,34.32,10,61.78
101781,2025-11-09,Asia Pacific,Sporting Goods,Partner Reseller,Alexander Davis,10,231.55,0,2315.5
104337,2025-11-10,Asia Pacific,Electronics,Partner Reseller,Aaron Leon,11,220.1,0,2421.1
100568,2025-11-10,Asia Pacific,Home & Garden,Partner Reseller,Lisa Randall,5,351.65,0,1758.25
103771,2025-11-10,Asia Pacific,Electronics,Partner Reseller,Christopher Miranda,1,844.5,0,844.5
100401,2025-11-10,North America,Home & Garden,Retail Store,Craig Morrison,9,16.99,0,152.91
102356,2025-11-10,Middle East & Africa,Electronics,Partner Reseller,Mark Richards,6,799.96,0,4799.76
102232,2025-11-10,Latin America,Electronics,Online,Michael Smith,6,1084.8,0,6508.8
103975,2025-11-11,Middle East & Africa,Apparel,Online,Adam Sanchez,3,23.97,0,71.91
103740,2025-11-11,Middle East & Africa,Home & Garden,Partner Reseller,Brett Rivera,2,339.88,20,543.81
104787,2025-11-11,Asia Pacific,Electronics,Retail Store,Richard Hale,1,895.28,15,760.99
100367,2025-11-11,Latin America,Sporting Goods,Online,Holly Farmer,8,441.96,0,3535.68
100408,2025-11-11,Latin America,Apparel,Online,Anthony Romero,2,36.99,0,73.98
105966,2025-11-12,North America,Office Supplies,Retail Store,Scott Roy,7,48.28,10,304.16
102002,2025-11-12,Europe,Home & Garden,Partner Reseller,Annette Lewis,11,325.88,0,3584.68
100748,2025-11-12,North America,Sporting Goods,Partner Reseller,Jenna Wilson,5,440.74,20,1762.96
102012,2025-11-12,Europe,Electronics,Retail Store,Scott Lopez,8,1168.28,0,9346.24
102191,2025-11-12,Asia Pacific,Electronics,Retail Store,Jessica Simmons,11,802.52,10,7944.95
102107,2025-11-12,North America,Electronics,Retail Store,Dawn Davis,2,1140.8,0,2281.6
100453,2025-11-12,North America,Electronics,Partner Reseller,Cynthia Vang,10,290.74,15,2471.29
103352,2025-11-12,North America,Electronics,Partner Reseller,Cynthia Nguyen,9,827.84,5,7078.03
100104,2025-11-12,North America,Office Supplies,Retail Store,Richard Henson,1,79.17,0,79.17
105709,2025-11-12,Latin America,Electronics,Partner Reseller,Melanie Baker,5,485.04,15,2061.42
102320,2025-11-12,Europe,Apparel,Online,Mary Ortiz,8,75.82,20,485.25
104470,2025-11-12,Middle East & Africa,Apparel,Retail Store,Darryl Richardson,4,59.83,10,215.39
102801,2025-11-12,Middle East & Africa,Office Supplies,Partner Reseller,Brian Rodriguez,12,127.59,0,1531.08
103006,2025-11-12,Middle East & Africa,Electronics,Online,Joseph Smith,7,613.53,0,4294.71
102571,2025-11-12,Europe,Office Supplies,Online,Erin Ramirez,4,63.28,10,227.81
104816,2025-11-13,Europe,Office Supplies,Partner Reseller,Lisa Buchanan,1,52.08,20,41.66
105338,2025-11-13,Asia Pacific,Electronics,Retail Store,Lydia Payne,9,816.89,0,7352.01
104936,2025-11-13,Asia Pacific,Apparel,Retail Store,Anna Pierce,2,124.0,0,248.0
102472,2025-11-13,North America,Sporting Goods,Retail Store,Kayla Schneider,4,483.28,10,1739.81
105785,2025-11-13,Middle East & Africa,Electronics,Retail Store,Valerie Harrison,12,1161.09,15,11843.12
104293,2025-11-13,Middle East & Africa,Office Supplies,Partner Reseller,Jacob Brewer,4,186.99,5,710.56
103751,2025-11-13,Middle East & Africa,Electronics,Online,Rachael Flores,12,318.8,20,3060.48
101367,2025-11-13,Latin America,Apparel,Partner Reseller,Nicolas Salas,11,35.1,5,366.8
100150,2025-11-13,Middle East & Africa,Electronics,Partner Reseller,David Wright,7,255.32,5,1697.88
103641,2025-11-13,Asia Pacific,Home & Garden,Retail Store,Brandon Acosta,8,385.86,5,2932.54
104802,2025-11-13,North America,Home & Garden,Partner Reseller,Kimberly Mitchell,10,291.66,15,2479.11
103336,2025-11-13,Latin America,Sporting Goods,Partner Reseller,Lisa Martinez,1,290.68,5,276.15
104602,2025-11-13,Middle East & Africa,Apparel,Online,Aaron Webb,8,124.73,0,997.84
100043,2025-11-13,North America,Electronics,Online,Anthony Humphrey,9,810.4,20,5834.88
102083,2025-11-13,Asia Pacific,Apparel,Retail Store,Samuel Stuart,10,97.21,5,923.49
100785,2025-11-13,Middle East & Africa,Office Supplies,Partner Reseller,Laurie Bailey,11,97.26,0,1069.86
102251,2025-11-13,North America,Office Supplies,Retail Store,Michelle House,6,152.12,20,730.18
105152,2025-11-13,North America,Home & Garden,Online,Annette Mcguire,6,189.62,20,910.18
105754,2025-11-14,Asia Pacific,Home & Garden,Online,Carla Wong,11,380.2,5,3973.09
103659,2025-11-14,Europe,Electronics,Partner Reseller,Carlos Adams,4,204.77,0,819.08
102209,2025-11-14,Europe,Electronics,Online,Abigail Wilson,11,731.96,15,6843.83
104233,2025-11-14,Asia Pacific,Office Supplies,Partner Reseller,Mr. Don Flores,12,127.21,0,1526.52
102623,2025-11-14,Europe,Office Supplies,Partner Reseller,Joanne Olsen,3,30.31,0,90.93
105243,2025-11-14,Europe,Office Supplies,Retail Store,Jeffrey Long,8,142.17,0,1137.36
105621,2025-11-14,Europe,Home & Garden,Partner Reseller,Heather Smith,3,270.7,20,649.68
104899,2025-11-14,North America,Home & Garden,Retail Store,David Roy,8,169.23,0,1353.84
100506,2025-11-14,Latin America,Office Supplies,Retail Store,Brandon Fleming,6,157.49,5,897.69
105769,2025-11-15,Latin America,Electronics,Online,Becky Sellers,11,371.39,0,4085.29
105578,2025-11-15,Europe,Home & Garden,Partner Reseller,Amy Moore,3,16.39,10,44.25
105124,2025-11-15,Europe,Apparel,Online,Mckenzie Chavez,4,115.21,0,460.84
102351,2025-11-15,Latin America,Sporting Goods,Retail Store,Jessica Buck,2,159.79,0,319.58
104527,2025-11-15,Middle East & Africa,Sporting Goods,Online,Jamie Guerrero,12,209.32,5,2386.25
100273,2025-11-15,Middle East & Africa,Electronics,Retail Store,Shelly Alexander,2,474.18,0,948.36
105687,2025-11-15,Asia Pacific,Office Supplies,Online,Holly Grant,12,82.83,5,944.26
101360,2025-11-15,Middle East & Africa,Sporting Goods,Retail Store,Megan Hall MD,10,195.9,0,1959.0
105179,2025-11-15,Europe,Home & Garden,Online,Nichole Davis,11,89.33,15,835.24
100242,2025-11-16,North America,Apparel,Partner Reseller,Kevin Walters,6,94.06,0,564.36
100953,2025-11-16,Asia Pacific,Home & Garden,Partner Reseller,Alyssa Haynes,11,135.69,0,1492.59
104726,2025-11-16,Latin America,Apparel,Partner Reseller,Laura Middleton,10,127.24,10,1145.16
105489,2025-11-16,North America,Home & Garden,Partner Reseller,Laura Mosley,6,194.97,0,1169.82
103191,2025-11-16,Europe,Sporting Goods,Online,Kevin Miller,5,254.68,5,1209.73
105682,2025-11-16,Middle East & Africa,Home & Garden,Online,Barbara Glover,7,199.64,10,1257.73
100937,2025-11-16,Europe,Sporting Goods,Retail Store,Edward Jenkins,7,223.49,15,1329.77
105896,2025-11-16,Europe,Office Supplies,Online,Omar Kelly,11,173.98,0,1913.78
102100,2025-11-16,North America,Sporting Goods,Retail Store,Alisha Rasmussen,5,367.16,0,1835.8
103102,2025-11-16,Asia Pacific,Electronics,Online,Robert Cummings,6,520.6,15,2655.06
103902,2025-11-16,Europe,Apparel,Retail Store,Lisa Bridges,6,27.89,10,150.61
105704,2025-11-16,Asia Pacific,Electronics,Online,Makayla Friedman,10,968.68,20,7749.44
100836,2025-11-16,Latin America,Electronics,Partner Reseller,Danielle Watson,11,679.01,15,6348.74
103886,2025-11-17,Asia Pacific,Apparel,Retail Store,Steven Scott,11,128.18,15,1198.48
105887,2025-11-17,Europe,Apparel,Online,Betty Vazquez,8,88.58,20,566.91
105793,2025-11-17,North America,Sporting Goods,Partner Reseller,Catherine Davis,1,294.27,10,264.84
102382,2025-11-17,Middle East & Africa,Office Supplies,Partner Reseller,Juan Keller MD,12,59.06,20,566.98
101018,2025-11-17,Middle East & Africa,Sporting Goods,Partner Reseller,Jimmy Marks,11,262.25,0,2884.75
104915,2025-11-17,Asia Pacific,Apparel,Retail Store,Laura Thomas,8,121.26,15,824.57
101854,2025-11-18,Europe,Electronics,Partner Reseller,Patrick Buckley,5,785.12,15,3336.76
104144,2025-11-18,Asia Pacific,Apparel,Retail Store,Chase Haney,10,93.62,5,889.39
102754,2025-11-18,Latin America,Electronics,Partner Reseller,Brittney Martinez,8,859.52,0,6876.16
100996,2025-11-18,Asia Pacific,Home & Garden,Partner Reseller,Edward Stanley,1,111.52,5,105.94
104116,2025-11-18,Middle East & Africa,Office Supplies,Retail Store,Juan Moore,2,162.64,5,309.02
102842,2025-11-18,Europe,Home & Garden,Retail Store,Michael Berg,1,241.08,15,204.92
102853,2025-11-18,Latin America,Office Supplies,Retail Store,Rodney Nichols,4,61.42,10,221.11
104858,2025-11-18,Europe,Electronics,Partner Reseller,Lisa Wagner,8,1031.22,0,8249.76
102205,2025-11-18,North America,Sporting Goods,Online,Michael Hanson,10,386.41,15,3284.49
100813,2025-11-19,Asia Pacific,Office Supplies,Partner Reseller,Michael Roberts,10,111.59,0,1115.9
100825,2025-11-19,Middle East & Africa,Office Supplies,Retail Store,Monica Ellis,1,52.55,15,44.67
101662,2025-11-19,Middle East & Africa,Office Supplies,Online,Michele Edwards,9,41.87,0,376.83
104719,2025-11-19,Europe,Home & Garden,Online,William Arnold,10,140.79,5,1337.5
101248,2025-11-19,Asia Pacific,Office Supplies,Online,Theresa Torres,4,37.18,10,133.85
104929,2025-11-19,Latin America,Sporting Goods,Retail Store,Mary Hoffman,12,79.09,5,901.63
102835,2025-11-19,Asia Pacific,Home & Garden,Retail Store,Sarah Meadows,11,219.26,15,2050.08
103636,2025-11-19,North America,Sporting Goods,Retail Store,George Phillips,6,82.81,0,496.86
103141,2025-11-19,Europe,Electronics,Online,Jenny Carter,5,952.1,0,4760.5
105068,2025-11-19,Middle East & Africa,Sporting Goods,Online,Jesse Murphy,2,393.45,0,786.9
100615,2025-11-20,North America,Apparel,Partner Reseller,Matthew Schwartz,11,10.2,5,106.59
103483,2025-11-20,North America,Office Supplies,Retail Store,Lacey Hall,5,69.86,10,314.37
105039,2025-11-20,North America,Sporting Goods,Online,Evelyn Bryant,10,421.92,0,4219.2
100055,2025-11-20,Asia Pacific,Sporting Goods,Retail Store,Michael Lewis,2,171.77,0,343.54
100799,2025-11-20,Asia Pacific,Office Supplies,Partner Reseller,Donald Medina,12,172.84,15,1762.97
105061,2025-11-20,Asia Pacific,Sporting Goods,Online,Samantha Walker,11,236.68,5,2473.31
104433,2025-11-20,Latin America,Home & Garden,Partner Reseller,William Silva,3,152.88,0,458.64
102954,2025-11-20,Europe,Office Supplies,Retail Store,Anna Higgins,1,173.23,10,155.91
101022,2025-11-21,Middle East & Africa,Apparel,Retail Store,Kristine Garcia,8,60.4,5,459.04
105729,2025-11-21,Asia Pacific,Sporting Goods,Partner Reseller,Susan Armstrong,8,407.29,15,2769.57
101686,2025-11-21,Latin America,Sporting Goods,Partner Reseller,Anthony Simmons,8,120.6,20,771.84
100807,2025-11-22,Asia Pacific,Home & Garden,Retail Store,Robert Gonzales,12,338.16,20,3246.34
102820,2025-11-22,North America,Apparel,Online,Andrew Williams,2,130.61,0,261.22
101015,2025-11-22,Europe,Office Supplies,Partner Reseller,Lori Flowers MD,3,126.94,10,342.74
102515,2025-11-22,Asia Pacific,Home & Garden,Retail Store,Donna Ibarra,8,366.5,0,2932.0
105121,2025-11-22,Latin America,Sporting Goods,Retail Store,Mark Webb,3,279.96,0,839.88
100182,2025-11-22,Asia Pacific,Electronics,Partner Reseller,Angela Vaughn,8,1059.09,0,8472.72
104904,2025-11-22,Asia Pacific,Electronics,Retail Store,Katie Kaiser,4,1104.78,20,3535.3
105511,2025-11-23,Asia Pacific,Apparel,Retail Store,Ryan Thomas,10,39.33,0,393.3
103438,2025-11-23,North America,Electronics,Online,Donna Montes,5,1154.98,20,4619.92
103956,2025-11-23,North America,Apparel,Retail Store,Shannon Cook,1,130.11,0,130.11
105312,2025-11-23,Latin America,Sporting Goods,Partner Reseller,Austin Smith,12,86.67,20,832.03
101103,2025-11-23,Middle East & Africa,Home & Garden,Partner Reseller,Jacob Santos,3,33.83,0,101.49
101634,2025-11-23,Latin America,Sporting Goods,Partner Reseller,Kelly Dominguez,7,242.82,10,1529.77
103166,2025-11-23,Europe,Electronics,Partner Reseller,Patricia Vincent,9,389.7,20,2805.84
101838,2025-11-23,Middle East & Africa,Home & Garden,Retail Store,Christopher Davis,12,171.05,0,2052.6
100577,2025-11-23,Europe,Sporting Goods,Partner Reseller,Raymond Le,4,188.57,15,641.14
103608,2025-11-23,North America,Home & Garden,Retail Store,Phillip Anderson,5,153.72,20,614.88
101519,2025-11-23,Europe,Office Supplies,Retail Store,Sean Kane,7,100.98,5,671.52
101639,2025-11-23,Latin America,Office Supplies,Online,Whitney Gomez,4,91.7,0,366.8
105911,2025-11-23,Middle East & Africa,Home & Garden,Retail Store,David Hayes,11,336.11,20,2957.77
105818,2025-11-24,Asia Pacific,Apparel,Partner Reseller,Jacob Brown,1,32.71,5,31.07
105193,2025-11-24,Asia Pacific,Electronics,Online,Carl Larsen,4,1097.07,0,4388.28
104093,2025-11-24,Asia Pacific,Home & Garden,Online,Patricia Wilson,10,192.52,15,1636.42
100112,2025-11-24,Asia Pacific,Electronics,Online,Julia Torres,12,606.74,10,6552.79
103439,2025-11-24,North America,Apparel,Retail Store,Matthew Wilson,2,143.05,0,286.1
100684,2025-11-24,Latin America,Office Supplies,Online,James Whitaker,8,138.98,10,1000.66
103725,2025-11-24,Latin America,Apparel,Retail Store,Bridget Carter,3,34.78,10,93.91
102569,2025-11-24,Asia Pacific,Sporting Goods,Online,Dan Johnson,2,463.33,5,880.33
100245,2025-11-24,Latin America,Office Supplies,Partner Reseller,Donna Landry,10,195.04,10,1755.36
100715,2025-11-24,Asia Pacific,Sporting Goods,Retail Store,David Davenport,6,449.83,5,2564.03
104733,2025-11-24,Middle East & Africa,Sporting Goods,Retail Store,Toni Cunningham,8,40.64,0,325.12
105588,2025-11-24,Europe,Home & Garden,Online,David Potter,8,316.49,15,2152.13
103686,2025-11-24,Middle East & Africa,Electronics,Partner Reseller,Dylan Patel,2,249.06,15,423.4
101667,2025-11-25,Asia Pacific,Office Supplies,Retail Store,Alexander Webb,12,140.43,5,1600.9
101455,2025-11-25,Asia Pacific,Home & Garden,Partner Reseller,Stephen Boyer,6,196.31,10,1060.07
103775,2025-11-25,Europe,Apparel,Partner Reseller,Timothy Kennedy,11,145.33,15,1358.84
103985,2025-11-25,Middle East & Africa,Sporting Goods,Partner Reseller,Betty Pollard,10,111.35,0,1113.5
105564,2025-11-25,Europe,Sporting Goods,Partner Reseller,Linda Fernandez,1,226.32,15,192.37
100395,2025-11-25,Latin America,Apparel,Online,Dana Chapman,3,143.65,0,430.95
104558,2025-11-25,Europe,Home & Garden,Retail Store,Tyler Chapman MD,12,213.55,15,2178.21
102304,2025-11-25,Asia Pacific,Apparel,Online,Michael Anderson,3,63.77,0,191.31
105024,2025-11-25,Latin America,Home & Garden,Partner Reseller,Jessica Kelly,5,233.56,15,992.63
105139,2025-11-26,Asia Pacific,Apparel,Online,Elizabeth Butler,10,37.41,15,317.98
102949,2025-11-26,Latin America,Electronics,Online,Michele Davis,8,505.56,20,3235.58
101183,2025-11-26,Middle East & Africa,Sporting Goods,Partner Reseller,Miss Tina Gordon,2,481.63,0,963.26
100512,2025-11-26,North America,Sporting Goods,Retail Store,Allison Spencer,8,495.54,10,3567.89
103132,2025-11-26,Asia Pacific,Office Supplies,Online,Chelsea Ramirez,8,134.35,10,967.32
105987,2025-11-26,Asia Pacific,Sporting Goods,Online,Stephanie Sanders,4,66.75,0,267.0
103836,2025-11-26,Middle East & Africa,Home & Garden,Retail Store,Anna Thompson,8,374.94,5,2849.54
103698,2025-11-26,Europe,Apparel,Partner Reseller,Steven Clark,10,53.31,0,533.1
103838,2025-11-26,Europe,Home & Garden,Partner Reseller,Barbara Burns,11,310.64,0,3417.04
104550,2025-11-26,Latin America,Electronics,Partner Reseller,Christian Garcia,8,1197.77,10,8623.94
100796,2025-11-26,Middle East & Africa,Office Supplies,Retail Store,Tracey Wagner,9,177.13,5,1514.46
101955,2025-11-26,Europe,Electronics,Retail Store,Julian Williams,7,333.88,0,2337.16
105060,2025-11-26,North America,Apparel,Partner Reseller,Frank Freeman,11,24.84,15,232.25
103722,2025-11-27,Latin America,Apparel,Online,Eddie Duffy,3,63.91,20,153.38
104050,2025-11-27,Asia Pacific,Electronics,Online,Cassandra Wood,7,159.9,0,1119.3
104580,2025-11-27,Latin America,Office Supplies,Online,William Parker,2,130.26,10,234.47
101419,2025-11-27,Europe,Home & Garden,Online,Kimberly Nelson,12,58.09,10,627.37
101521,2025-11-27,Asia Pacific,Home & Garden,Online,Richard Reyes,9,82.27,0,740.43
104245,2025-11-27,Middle East & Africa,Sporting Goods,Online,Christopher Anderson,3,485.28,10,1310.26
105183,2025-11-27,Middle East & Africa,Sporting Goods,Online,Olivia Randolph,2,116.22,0,232.44
104815,2025-11-27,Latin America,Sporting Goods,Retail Store,Jason Chase,10,319.3,20,2554.4
100806,2025-11-27,North America,Home & Garden,Partner Reseller,Zachary Cole,3,117.79,0,353.37
103885,2025-11-27,Europe,Sporting Goods,Retail Store,Randy Bradshaw,9,446.81,20,3217.03
100971,2025-11-28,Latin America,Office Supplies,Partner Reseller,Jenna Gamble,4,90.24,0,360.96
101301,2025-11-28,Asia Pacific,Sporting Goods,Retail Store,Mary Campbell,11,297.78,15,2784.24
101655,2025-11-28,Asia Pacific,Home & Garden,Online,Sandy Evans,9,145.83,0,1312.47
105761,2025-11-28,Middle East & Africa,Apparel,Retail Store,Melody Ochoa,6,65.2,5,371.64
103156,2025-11-28,North America,Office Supplies,Partner Reseller,Dennis Jones,8,31.48,10,226.66
101415,2025-11-28,Asia Pacific,Home & Garden,Partner Reseller,Ellen Wright,5,26.22,15,111.43
104321,2025-11-28,North America,Electronics,Partner Reseller,David Taylor,5,696.6,15,2960.55
100256,2025-11-28,Middle East & Africa,Apparel,Online,Susan Murray MD,7,16.36,10,103.07
101865,2025-11-28,Middle East & Africa,Office Supplies,Partner Reseller,Michael Brown,7,120.95,5,804.32
102022,2025-11-28,Latin America,Home & Garden,Retail Store,Richard Schneider,8,285.38,0,2283.04
101185,2025-11-28,North America,Home & Garden,Partner Reseller,John Duncan,12,196.89,15,2008.28
105968,2025-11-28,Asia Pacific,Apparel,Online,Heather Matthews,10,146.77,10,1320.93
100178,2025-11-28,Middle East & Africa,Sporting Goods,Online,Lawrence Adkins,6,238.57,20,1145.14
101052,2025-11-29,Middle East & Africa,Home & Garden,Retail Store,Lindsay Smith,11,282.6,0,3108.6
103364,2025-11-29,Latin America,Sporting Goods,Partner Reseller,Timothy Walker,1,462.96,0,462.96
103801,2025-11-29,Latin America,Electronics,Partner Reseller,Stephen Lopez,1,478.91,15,407.07
103853,2025-11-29,Europe,Apparel,Online,Christopher Mayer,7,40.3,15,239.78
100720,2025-11-29,Asia Pacific,Apparel,Online,Randy Friedman,11,101.86,0,1120.46
104857,2025-11-29,Europe,Sporting Goods,Partner Reseller,Miranda Huber,8,221.6,0,1772.8
105188,2025-11-29,Middle East & Africa,Office Supplies,Partner Reseller,Ashley Duran,12,84.07,15,857.51
102185,2025-11-29,Latin America,Home & Garden,Partner Reseller,Martha Martinez,3,259.94,0,779.82
103930,2025-11-29,North America,Home & Garden,Retail Store,Jennifer Little,11,375.66,0,4132.26
103515,2025-11-29,Middle East & Africa,Home & Garden,Partner Reseller,Dennis Garcia,1,369.94,10,332.95
103196,2025-11-30,Europe,Sporting Goods,Retail Store,Erica Lane,5,116.44,20,465.76
100240,2025-11-30,Asia Pacific,Home & Garden,Partner Reseller,Andrew Avila,10,229.2,10,2062.8
102885,2025-11-30,Latin America,Home & Garden,Online,Sara Thomas,2,226.02,20,361.63
104945,2025-11-30,Asia Pacific,Electronics,Retail Store,Sarah Wall,12,1169.54,20,11227.58
105278,2025-11-30,Europe,Office Supplies,Online,Laura Larson,9,92.33,0,830.97
105762,2025-11-30,Asia Pacific,Sporting Goods,Online,Tara Brown,12,459.06,0,5508.72
104269,2025-11-30,Latin America,Office Supplies,Online,Michael Perkins,9,13.05,5,111.58
104311,2025-11-30,North America,Electronics,Retail Store,Amanda Hart DVM,10,1111.92,10,10007.28
100751,2025-11-30,North America,Office Supplies,Online,Michael Gonzales,12,54.28,0,651.36
101975,2025-11-30,Europe,Office Supplies,Online,Kevin Morrow,7,194.5,0,1361.5
100358,2025-11-30,Middle East & Africa,Apparel,Online,Christian Leblanc,5,99.87,5,474.38
100052,2025-11-30,Middle East & Africa,Electronics,Partner Reseller,Crystal Robinson,7,773.71,15,4603.57
104301,2025-11-30,Middle East & Africa,Sporting Goods,Partner Reseller,Jordan Tanner,5,139.36,15,592.28
103454,2025-12-01,North America,Apparel,Online,Kristen Pena,1,57.59,10,51.83
101090,2025-12-01,Europe,Sporting Goods,Online,Vincent Reyes,8,218.51,0,1748.08
104509,2025-12-01,Middle East & Africa,Electronics,Retail Store,Darren Gonzales,12,741.58,0,8898.96
105185,2025-12-01,Middle East & Africa,Apparel,Retail Store,Kenneth Reynolds,5,80.47,0,402.35
105552,2025-12-01,Asia Pacific,Home & Garden,Retail Store,Joseph Sullivan,9,377.27,15,2886.12
100134,2025-12-01,Middle East & Africa,Office Supplies,Retail Store,Rebecca Jackson,12,72.03,10,777.92
100364,2025-12-01,Europe,Electronics,Partner Reseller,Tracy Burke,7,136.68,20,765.41
104682,2025-12-01,Latin America,Office Supplies,Online,Rebecca Miller,3,86.12,20,206.69
101844,2025-12-01,North America,Electronics,Retail Store,Lori Patton,9,1177.52,0,10597.68
102344,2025-12-01,Europe,Home & Garden,Retail Store,John Russell,12,28.0,0,336.0
102734,2025-12-01,Asia Pacific,Office Supplies,Partner Reseller,Jennifer Miller,12,114.78,10,1239.62
100535,2025-12-02,Asia Pacific,Office Supplies,Retail Store,Mr. Lawrence Edwards,11,120.08,0,1320.88
102482,2025-12-02,Asia Pacific,Apparel,Partner Reseller,Paige Hernandez,3,125.17,5,356.73
101448,2025-12-02,Asia Pacific,Sporting Goods,Online,Randy Wright,7,203.4,20,1139.04
103079,2025-12-02,Middle East & Africa,Apparel,Online,Lisa Patterson,6,98.41,10,531.41
101024,2025-12-02,Europe,Apparel,Retail Store,James Washington,4,10.92,0,43.68
103026,2025-12-02,Asia Pacific,Sporting Goods,Online,Jason Walker,12,151.59,0,1819.08
101223,2025-12-02,Latin America,Electronics,Partner Reseller,Robert Griffin,3,1084.09,15,2764.43
105335,2025-12-02,Asia Pacific,Electronics,Retail Store,Perry Washington,1,350.69,0,350.69
101012,2025-12-02,North America,Office Supplies,Online,Peter Thompson,1,56.83,15,48.31
101084,2025-12-02,Europe,Office Supplies,Partner Reseller,Eugene Baldwin,12,109.88,0,1318.56
102802,2025-12-02,Europe,Electronics,Online,Christopher Porter,3,823.53,5,2347.06
104624,2025-12-02,Asia Pacific,Apparel,Partner Reseller,David Hays,6,47.71,20,229.01
105713,2025-12-03,Asia Pacific,Office Supplies,Retail Store,Anthony Schmidt,1,172.43,5,163.81
102871,2025-12-03,Middle East & Africa,Office Supplies,Partner Reseller,Andrea Jones,7,60.08,5,399.53
104640,2025-12-03,Middle East & Africa,Sporting Goods,Retail Store,Tony Swanson,2,156.18,0,312.36
104127,2025-12-03,Latin America,Apparel,Online,Emily Winters,1,138.13,0,138.13
100869,2025-12-03,Middle East & Africa,Apparel,Partner Reseller,Jorge Harris,5,126.88,10,570.96
102053,2025-12-03,Asia Pacific,Apparel,Online,Victoria Gray,7,53.04,15,315.59
103076,2025-12-03,North America,Home & Garden,Retail Store,Emily Bauer,3,195.3,15,498.02
103920,2025-12-03,Latin America,Home & Garden,Online,Matthew Evans,10,331.11,0,3311.1
104394,2025-12-03,Latin America,Office Supplies,Partner Reseller,Shannon Jones,7,12.42,10,78.25
103704,2025-12-04,Asia Pacific,Electronics,Online,Sharon Cowan,12,874.03,20,8390.69
104846,2025-12-04,Europe,Electronics,Online,Michael Brown,9,476.23,10,3857.46
100445,2025-12-04,Latin America,Office Supplies,Partner Reseller,Tracy Montoya,6,101.65,15,518.42
102968,2025-12-04,Latin America,Office Supplies,Online,Deanna Kennedy,3,184.26,0,552.78
100789,2025-12-04,Latin America,Electronics,Online,Clayton Steele,4,364.8,0,1459.2
100917,2025-12-04,Asia Pacific,Apparel,Partner Reseller,Christine Parker,9,142.58,0,1283.22
102553,2025-12-04,Asia Pacific,Apparel,Partner Reseller,Eugene Price,8,117.3,0,938.4
105210,2025-12-04,Latin America,Apparel,Online,Douglas Santos,12,91.08,10,983.66
105961,2025-12-04,Middle East & Africa,Home & Garden,Online,Carlos Miller,3,161.37,10,435.7
105341,2025-12-04,Europe,Home & Garden,Retail Store,Devin Black,10,303.98,20,2431.84
100412,2025-12-05,North America,Home & Garden,Online,Julian Conner,8,392.95,0,3143.6
102862,2025-12-05,Middle East & Africa,Office Supplies,Partner Reseller,Matthew Berg,4,51.22,5,194.64
100411,2025-12-05,Latin America,Sporting Goods,Partner Reseller,Lisa Hunter,2,267.33,5,507.93
104406,2025-12-05,Middle East & Africa,Electronics,Online,Steven Thomas,6,991.73,20,4760.3
104468,2025-12-05,Latin America,Electronics,Retail Store,James Henry,7,220.49,15,1311.92
100575,2025-12-05,North America,Electronics,Retail Store,Kelly Edwards,5,430.95,0,2154.75
101079,2025-12-05,North America,Home & Garden,Partner Reseller,Terry Jones,8,371.93,20,2380.35
100033,2025-12-05,Europe,Electronics,Online,Nathan Maldonado,10,458.66,10,4127.94
100998,2025-12-05,Middle East & Africa,Home & Garden,Retail Store,Edgar Miller,6,224.29,15,1143.88
100508,2025-12-05,Middle East & Africa,Home & Garden,Partner Reseller,Joshua Vance,9,277.46,0,2497.14
102274,2025-12-05,Asia Pacific,Sporting Goods,Retail Store,Michael Spencer,6,450.75,5,2569.28
100488,2025-12-05,Asia Pacific,Sporting Goods,Retail Store,Bobby Guerrero,6,255.49,10,1379.65
104325,2025-12-05,Latin America,Home & Garden,Online,Glenn Chen,6,27.97,10,151.04
103059,2025-12-06,Asia Pacific,Home & Garden,Online,Alex Jones DVM,7,193.37,0,1353.59
103590,2025-12-06,Europe,Home & Garden,Partner Reseller,George Gregory,11,202.69,20,1783.67
100001,2025-12-06,North America,Office Supplies,Online,Noah Rhodes,7,21.95,0,153.65
103128,2025-12-06,Middle East & Africa,Apparel,Online,Paige Collins,1,65.27,10,58.74
105975,2025-12-06,Middle East & Africa,Electronics,Online,Christopher Shelton,11,1106.04,5,11558.12
102638,2025-12-06,Asia Pacific,Sporting Goods,Partner Reseller,Jesus Hale,2,229.36,20,366.98
102843,2025-12-06,Latin America,Sporting Goods,Retail Store,Carol Christensen,6,442.39,20,2123.47
104635,2025-12-06,Asia Pacific,Apparel,Retail Store,Traci Wilson,4,105.15,20,336.48
101220,2025-12-06,Europe,Sporting Goods,Retail Store,Erica Moon,9,72.05,20,518.76
105898,2025-12-06,North America,Apparel,Retail Store,Scott Lin,8,27.55,10,198.36
104920,2025-12-06,North America,Office Supplies,Partner Reseller,Richard Parsons,7,134.56,10,847.73
102788,2025-12-06,Middle East & Africa,Sporting Goods,Online,John Moore,10,164.15,5,1559.42
101550,2025-12-06,North America,Electronics,Online,Alejandra Price,10,582.59,15,4952.02
102938,2025-12-06,Latin America,Home & Garden,Online,Robert Lucas,4,336.22,15,1143.15
101427,2025-12-06,North America,Office Supplies,Online,John Smith,12,11.79,15,120.26
105022,2025-12-07,Asia Pacific,Home & Garden,Retail Store,Jesse Gardner,1,246.03,0,246.03
100540,2025-12-07,Asia Pacific,Sporting Goods,Retail Store,James Gilbert,6,317.32,0,1903.92
103192,2025-12-07,Asia Pacific,Electronics,Online,John Gomez,3,565.29,0,1695.87
105443,2025-12-07,North America,Office Supplies,Online,Nicholas George,11,125.86,0,1384.46
104841,2025-12-07,Latin America,Sporting Goods,Partner Reseller,Kathy Hull,9,163.59,0,1472.31
104791,2025-12-07,Latin America,Home & Garden,Partner Reseller,Gail Johnson MD,1,20.31,0,20.31
100241,2025-12-07,Asia Pacific,Electronics,Retail Store,Matthew Moon,11,540.11,20,4752.97
104271,2025-12-08,Asia Pacific,Apparel,Online,Joshua Herman,2,114.09,5,216.77
102427,2025-12-08,Latin America,Apparel,Retail Store,Terry Glover,2,57.13,0,114.26
101121,2025-12-08,North America,Apparel,Online,David Hinton,9,52.04,0,468.36
102325,2025-12-08,Europe,Apparel,Retail Store,Becky Hansen,5,127.7,15,542.73
102503,2025-12-08,Latin America,Apparel,Retail Store,Matthew Jones,4,111.23,0,444.92
101773,2025-12-08,Middle East & Africa,Office Supplies,Retail Store,Shannon Rogers,7,133.4,10,840.42
101512,2025-12-08,Latin America,Electronics,Retail Store,Anna Ross,11,634.16,0,6975.76
104807,2025-12-08,Europe,Home & Garden,Partner Reseller,Dean Sanchez,12,146.29,5,1667.71
104608,2025-12-08,Europe,Electronics,Partner Reseller,Kimberly Ryan,11,464.99,10,4603.4
105459,2025-12-08,Middle East & Africa,Office Supplies,Retail Store,Robert Roberts,2,152.91,0,305.82
102555,2025-12-08,Europe,Home & Garden,Online,Jackie Jones,3,310.06,20,744.14
104840,2025-12-08,Asia Pacific,Apparel,Retail Store,Dylan Johnston,8,138.01,0,1104.08
100324,2025-12-08,Asia Pacific,Sporting Goods,Retail Store,Natalie Bautista,12,446.95,5,5095.23
104353,2025-12-09,Latin America,Electronics,Partner Reseller,Andrew Freeman,5,983.03,10,4423.64
101996,2025-12-09,North America,Electronics,Retail Store,Ryan Mcmahon,5,432.33,0,2161.65
102733,2025-12-09,Middle East & Africa,Electronics,Partner Reseller,David James,2,1029.51,15,1750.17
105674,2025-12-09,Europe,Apparel,Retail Store,Ricky Hall,6,95.84,20,460.03
101906,2025-12-09,Europe,Home & Garden,Online,Donna Frye,10,179.13,0,1791.3
102646,2025-12-09,Asia Pacific,Sporting Goods,Retail Store,Jeremy Lawson,7,452.46,5,3008.86
102527,2025-12-09,Europe,Office Supplies,Retail Store,David Hunter,6,171.26,10,924.8
101800,2025-12-09,Middle East & Africa,Home & Garden,Partner Reseller,Deborah Graves,3,108.69,20,260.86
102765,2025-12-09,Asia Pacific,Home & Garden,Online,Katherine Baxter,4,149.8,15,509.32
104968,2025-12-09,Latin America,Apparel,Partner Reseller,Deborah Waller,12,146.75,0,1761.0
103091,2025-12-09,Middle East & Africa,Home & Garden,Partner Reseller,Donald Franklin,10,144.4,0,1444.0
101623,2025-12-09,Latin America,Electronics,Retail Store,Amber Hernandez,4,1107.03,0,4428.12
104158,2025-12-09,Latin America,Apparel,Retail Store,Melissa Rogers,4,47.69,20,152.61
105402,2025-12-09,North America,Sporting Goods,Partner Reseller,Sherry Cox,12,495.37,5,5647.22
104421,2025-12-09,North America,Sporting Goods,Online,Patricia Zamora,9,117.72,5,1006.51
103882,2025-12-09,Europe,Home & Garden,Partner Reseller,Mark Montoya,2,373.79,0,747.58
103237,2025-12-10,Latin America,Electronics,Partner Reseller,Kathy Bailey,2,1059.69,20,1695.5
105317,2025-12-10,Latin America,Home & Garden,Retail Store,Joseph Patel,5,154.33,0,771.65
101756,2025-12-10,Latin America,Electronics,Partner Reseller,Alexis Rodriguez,5,929.92,10,4184.64
104386,2025-12-10,Latin America,Home & Garden,Partner Reseller,Michael Smith,4,64.96,15,220.86
105851,2025-12-10,North America,Home & Garden,Online,Michael Smith,12,31.19,10,336.85
105344,2025-12-11,Europe,Sporting Goods,Retail Store,Lisa Ryan,8,191.83,20,1227.71
103476,2025-12-11,Asia Pacific,Home & Garden,Partner Reseller,Joshua Rodriguez,10,81.43,10,732.87
100366,2025-12-11,Middle East & Africa,Apparel,Partner Reseller,Courtney Rodriguez,3,36.58,5,104.25
104932,2025-12-11,Europe,Home & Garden,Online,Vicki Barrera,10,118.44,10,1065.96
100843,2025-12-11,North America,Office Supplies,Online,Benjamin Reyes,9,121.35,10,982.93
103696,2025-12-11,North America,Office Supplies,Retail Store,Shaun Thompson,1,104.52,20,83.62
102786,2025-12-11,Europe,Office Supplies,Retail Store,Henry Garcia,8,75.87,10,546.26
104677,2025-12-11,Europe,Apparel,Partner Reseller,Jennifer Barrett,12,126.67,20,1216.03
102803,2025-12-11,North America,Home & Garden,Retail Store,Cynthia Gregory,8,353.89,5,2689.56
102434,2025-12-11,Asia Pacific,Office Supplies,Partner Reseller,Nicholas Cisneros,9,193.22,0,1738.98
105982,2025-12-11,Europe,Apparel,Retail Store,Erin Nelson,3,103.07,0,309.21
102020,2025-12-12,North America,Electronics,Retail Store,Ryan Hardy,2,281.91,5,535.63
101698,2025-12-12,Latin America,Electronics,Retail Store,John Bell,1,492.89,0,492.89
105134,2025-12-12,Europe,Home & Garden,Online,Rebecca Sandoval,6,15.18,15,77.42
102213,2025-12-12,Middle East & Africa,Apparel,Online,Melissa Foster,9,59.91,20,431.35
103709,2025-12-12,Europe,Sporting Goods,Partner Reseller,James Short,10,276.46,10,2488.14
105658,2025-12-12,Latin America,Office Supplies,Retail Store,Lori Roberson,7,150.9,20,845.04
100140,2025-12-12,Middle East & Africa,Home & Garden,Retail Store,Cheyenne Horton,1,120.61,10,108.55
100248,2025-12-12,Asia Pacific,Apparel,Partner Reseller,Jose Travis,3,10.85,10,29.29
102738,2025-12-12,Asia Pacific,Office Supplies,Retail Store,Samantha Jacobs,7,99.4,0,695.8
101180,2025-12-12,Europe,Home & Garden,Retail Store,Michelle Walls,1,178.54,10,160.69
105313,2025-12-12,Latin America,Apparel,Retail Store,Ashley Thomas,12,43.49,15,443.6
104203,2025-12-12,Latin America,Electronics,Online,Mary Thompson,11,941.06,0,10351.66
100464,2025-12-12,Latin America,Sporting Goods,Retail Store,Jose Allen,12,241.2,20,2315.52
102694,2025-12-12,Latin America,Office Supplies,Retail Store,Charles Robinson,10,112.49,0,1124.9
101544,2025-12-12,Asia Pacific,Electronics,Partner Reseller,Joshua Harris,6,121.41,5,692.04
100313,2025-12-12,North America,Office Supplies,Partner Reseller,Tracy Ballard,2,195.06,10,351.11
100469,2025-12-12,Middle East & Africa,Office Supplies,Online,Jeanette Harrison,11,182.99,5,1912.25
105792,2025-12-13,Asia Pacific,Home & Garden,Online,Mrs. Tonya Byrd,1,169.59,0,169.59
101425,2025-12-13,Asia Pacific,Office Supplies,Retail Store,David Torres,11,87.64,0,964.04
103067,2025-12-13,Middle East & Africa,Apparel,Partner Reseller,Alexander Hunt,1,49.89,20,39.91
105944,2025-12-13,Europe,Office Supplies,Retail Store,Robert Carter,3,128.2,0,384.6
100034,2025-12-13,Middle East & Africa,Home & Garden,Online,Debra Davidson,12,17.77,15,181.25
104585,2025-12-13,Latin America,Sporting Goods,Partner Reseller,Lauren Higgins,6,31.55,20,151.44
105798,2025-12-13,North America,Sporting Goods,Partner Reseller,Wayne Robinson,5,169.52,5,805.22
104106,2025-12-13,Europe,Office Supplies,Partner Reseller,Jason Quinn,7,58.2,15,346.29
102625,2025-12-13,Europe,Home & Garden,Retail Store,Deanna Barrera,12,111.51,15,1137.4
102091,2025-12-13,North America,Sporting Goods,Online,Cynthia Martinez,4,156.13,10,562.07
100717,2025-12-13,Latin America,Office Supplies,Retail Store,Brenda Hinton,9,24.95,15,190.87
102415,2025-12-13,Europe,Apparel,Online,Corey Garcia,6,29.66,5,169.06
103914,2025-12-13,Asia Pacific,Office Supplies,Online,Ruben Jones,7,172.61,5,1147.86
102471,2025-12-13,Asia Pacific,Sporting Goods,Retail Store,Heather Miller,3,212.36,15,541.52
102451,2025-12-14,Asia Pacific,Electronics,Online,Dana Williams,7,814.57,20,4561.59
102985,2025-12-14,Latin America,Office Supplies,Online,Dr. John Ramirez,2,11.03,10,19.85
105406,2025-12-14,North America,Sporting Goods,Retail Store,Craig Beard,8,458.4,0,3667.2
105109,2025-12-14,North America,Apparel,Retail Store,Daniel Benjamin,12,21.2,0,254.4
100247,2025-12-14,Asia Pacific,Electronics,Retail Store,Frank Cordova,12,282.07,20,2707.87
104966,2025-12-14,Asia Pacific,Home & Garden,Retail Store,Tara Jones,4,287.09,0,1148.36
105401,2025-12-14,Latin America,Electronics,Partner Reseller,Justin Potter,10,346.07,15,2941.59
105387,2025-12-14,North America,Home & Garden,Partner Reseller,Alexis Wells,7,313.8,15,1867.11
104906,2025-12-14,Europe,Office Supplies,Retail Store,Taylor Espinoza,4,67.26,20,215.23
105921,2025-12-14,Europe,Electronics,Retail Store,Riley Davenport,8,902.87,0,7222.96
102122,2025-12-14,Europe,Electronics,Online,Melissa Sparks,3,1081.39,0,3244.17
101700,2025-12-14,Latin America,Sporting Goods,Online,Bethany Garcia,7,376.71,20,2109.58
102636,2025-12-14,North America,Office Supplies,Online,Dr. Teresa Ortega MD,4,29.61,5,112.52
102913,2025-12-14,North America,Electronics,Online,Amy Bailey,8,1065.93,0,8527.44
105334,2025-12-14,Latin America,Home & Garden,Retail Store,Keith Morales,10,340.15,0,3401.5
105251,2025-12-14,Europe,Apparel,Online,Matthew Richards,2,78.88,10,141.98
101238,2025-12-15,North America,Home & Garden,Retail Store,Angel Reilly,11,325.73,10,3224.73
103055,2025-12-15,Asia Pacific,Apparel,Online,Ashley Stevens,8,13.34,0,106.72
101815,2025-12-15,North America,Office Supplies,Online,Katherine Brown,9,67.43,15,515.84
100478,2025-12-15,Asia Pacific,Office Supplies,Online,Curtis Williams,2,195.58,10,352.04
100678,2025-12-15,Latin America,Sporting Goods,Partner Reseller,Jose Crawford,5,449.54,0,2247.7
103731,2025-12-15,North America,Electronics,Retail Store,James Grimes,4,787.97,15,2679.1
101827,2025-12-15,Europe,Sporting Goods,Online,Sabrina Rodriguez,7,476.19,15,2833.33
105711,2025-12-15,Middle East & Africa,Sporting Goods,Retail Store,Vincent Hays,2,335.48,0,670.96
101382,2025-12-15,North America,Electronics,Retail Store,John Austin,11,278.09,20,2447.19
104249,2025-12-15,Asia Pacific,Electronics,Retail Store,Jennifer Nguyen,12,102.04,15,1040.81
101197,2025-12-15,Asia Pacific,Electronics,Online,Jasmine Frye,10,1163.43,20,9307.44
103528,2025-12-15,Europe,Home & Garden,Partner Reseller,Tina Dougherty,5,63.7,10,286.65
103294,2025-12-15,Latin America,Apparel,Partner Reseller,Steven Haas,2,148.8,5,282.72
101101,2025-12-15,Middle East & Africa,Sporting Goods,Partner Reseller,Darryl Acosta,8,237.79,0,1902.32
100011,2025-12-16,Europe,Apparel,Partner Reseller,Jamie Arnold,11,59.74,0,657.14
103805,2025-12-16,Asia Pacific,Office Supplies,Retail Store,James Tucker,9,113.51,5,970.51
101388,2025-12-16,North America,Office Supplies,Partner Reseller,Charles Haley,6,13.8,0,82.8
100471,2025-12-16,Asia Pacific,Office Supplies,Partner Reseller,Richard Cooper,1,195.61,10,176.05
100050,2025-12-16,Middle East & Africa,Electronics,Online,Jessica Holmes,2,1033.5,10,1860.3
101370,2025-12-16,Europe,Electronics,Online,Megan Alvarado,4,487.36,0,1949.44
103846,2025-12-16,Latin America,Home & Garden,Partner Reseller,Mason Price,3,284.66,0,853.98
102979,2025-12-16,North America,Office Supplies,Retail Store,Benjamin Price,11,37.12,20,326.66
103041,2025-12-16,Asia Pacific,Home & Garden,Retail Store,Tanner Holmes,8,220.57,10,1588.1
100522,2025-12-16,Europe,Apparel,Online,Hannah Everett,8,53.66,20,343.42
101023,2025-12-16,North America,Electronics,Partner Reseller,Joseph Cooper,10,1180.91,0,11809.1
104314,2025-12-16,North America,Office Supplies,Retail Store,Jacob Hoover,6,113.28,15,577.73
101440,2025-12-16,Europe,Apparel,Retail Store,Joseph Lopez,10,34.29,20,274.32
103609,2025-12-16,Latin America,Home & Garden,Retail Store,Stephanie Weiss,10,115.94,0,1159.4
105110,2025-12-16,North America,Apparel,Online,Renee Thompson,7,57.88,10,364.64
105037,2025-12-16,Middle East & Africa,Apparel,Retail Store,Sonya Alvarado,1,134.34,0,134.34
102033,2025-12-17,Middle East & Africa,Office Supplies,Partner Reseller,Tiffany Johnson,12,43.72,15,445.94
105074,2025-12-17,Asia Pacific,Sporting Goods,Online,Melissa Schneider,3,176.84,10,477.47
102906,2025-12-17,Middle East & Africa,Office Supplies,Online,Robert Valdez,11,60.64,20,533.63
105593,2025-12-17,Europe,Apparel,Retail Store,Sherry Patterson,7,136.1,20,762.16
100139,2025-12-17,Asia Pacific,Home & Garden,Partner Reseller,Angel Perry,5,153.94,0,769.7
102286,2025-12-17,Latin America,Office Supplies,Partner Reseller,Raymond Barber,7,49.92,0,349.44
100226,2025-12-17,Asia Pacific,Home & Garden,Retail Store,Kirk Carter,1,241.71,0,241.71
105264,2025-12-17,Europe,Sporting Goods,Online,Dustin Williams,4,307.17,20,982.94
103526,2025-12-17,Asia Pacific,Electronics,Retail Store,John Collins,10,266.31,0,2663.1
102717,2025-12-18,Asia Pacific,Sporting Goods,Online,Paul Sheppard,5,63.55,5,301.86
101196,2025-12-18,Europe,Sporting Goods,Online,Donna Beck,9,106.79,20,768.89
105422,2025-12-18,North America,Apparel,Retail Store,Crystal Abbott,2,143.2,0,286.4
100498,2025-12-18,Middle East & Africa,Home & Garden,Retail Store,Meghan Rush,3,278.85,0,836.55
101334,2025-12-18,Asia Pacific,Office Supplies,Retail Store,Melissa Mann,7,98.69,20,552.66
105569,2025-12-18,North America,Electronics,Partner Reseller,Anna Andersen,11,693.33,0,7626.63
103506,2025-12-18,Latin America,Sporting Goods,Online,Emily Lopez,11,243.95,0,2683.45
103952,2025-12-18,Europe,Sporting Goods,Retail Store,Jimmy Ritter,8,484.72,5,3683.87
103970,2025-12-18,Europe,Apparel,Online,Robin Clay,8,48.61,0,388.88
102200,2025-12-19,Asia Pacific,Office Supplies,Online,Laura King,7,125.41,0,877.87
101681,2025-12-19,Middle East & Africa,Apparel,Retail Store,Christine Bell,5,11.19,0,55.95
100305,2025-12-19,Europe,Electronics,Online,Kevin Oconnor,8,401.3,15,2728.84
103096,2025-12-19,Middle East & Africa,Electronics,Online,Caleb Jackson,5,125.28,0,626.4
105458,2025-12-19,Asia Pacific,Sporting Goods,Partner Reseller,Bradley Phillips,4,453.83,15,1543.02
104689,2025-12-19,Asia Pacific,Office Supplies,Online,Amy Clark,12,149.69,15,1526.84
102701,2025-12-19,Asia Pacific,Office Supplies,Retail Store,Jennifer Johnson,4,165.11,5,627.42
104990,2025-12-19,Asia Pacific,Office Supplies,Retail Store,Joseph Beltran,5,170.18,5,808.36
105204,2025-12-19,Latin America,Apparel,Retail Store,Allison Branch,8,72.63,20,464.83
103512,2025-12-19,Asia Pacific,Home & Garden,Retail Store,Marcus Powell,11,221.42,0,2435.62
101754,2025-12-19,Europe,Sporting Goods,Partner Reseller,Jonathan York,9,231.86,10,1878.07
105570,2025-12-19,Europe,Sporting Goods,Retail Store,Gary Phillips,5,398.03,5,1890.64
104578,2025-12-19,Europe,Electronics,Online,Jordan Carter,8,995.51,15,6769.47
101324,2025-12-19,Latin America,Sporting Goods,Online,Jack Moore,10,86.99,10,782.91
105797,2025-12-20,North America,Sporting Goods,Retail Store,Paul Anderson,4,193.8,20,620.16
102963,2025-12-20,Europe,Home & Garden,Online,Robert Thomas PhD,10,300.04,10,2700.36
105357,2025-12-20,North America,Office Supplies,Partner Reseller,Jason Fletcher,2,55.22,10,99.4
104445,2025-12-20,Europe,Sporting Goods,Partner Reseller,Sara Hernandez,3,369.75,0,1109.25
101466,2025-12-20,Latin America,Electronics,Retail Store,Corey Norris,12,574.5,10,6204.6
104036,2025-12-20,Asia Pacific,Apparel,Online,Erica Rose,11,92.75,5,969.24
103913,2025-12-20,North America,Sporting Goods,Partner Reseller,Maria Myers,11,339.79,5,3550.81
104980,2025-12-20,Latin America,Electronics,Partner Reseller,Kevin Barber,3,972.2,0,2916.6
102576,2025-12-20,Europe,Apparel,Retail Store,Danielle Mcdaniel,8,75.57,0,604.56
102805,2025-12-20,Middle East & Africa,Home & Garden,Partner Reseller,Dylan Tucker,1,187.22,5,177.86
102165,2025-12-21,Latin America,Office Supplies,Retail Store,Sharon Martinez,5,43.91,0,219.55
105747,2025-12-21,Middle East & Africa,Sporting Goods,Retail Store,Bryan Richardson,5,457.17,0,2285.85
101830,2025-12-21,Latin America,Home & Garden,Retail Store,Erika Daugherty,4,28.09,5,106.74
104067,2025-12-21,Asia Pacific,Sporting Goods,Partner Reseller,Matthew Walker,12,379.49,0,4553.88
105240,2025-12-21,Asia Pacific,Home & Garden,Partner Reseller,Cristian Lambert,5,77.17,0,385.85
103789,2025-12-21,North America,Electronics,Partner Reseller,Melissa Stout,7,525.52,20,2942.91
103037,2025-12-21,Europe,Sporting Goods,Online,Wendy Allen,9,169.57,0,1526.13
100581,2025-12-21,Europe,Apparel,Partner Reseller,Daniel Bush,4,100.25,10,360.9
102498,2025-12-21,Latin America,Home & Garden,Online,Brian Hudson,10,260.02,0,2600.2
102791,2025-12-22,Europe,Sporting Goods,Partner Reseller,Ashley Gonzales,3,292.35,0,877.05
104699,2025-12-22,Europe,Sporting Goods,Retail Store,Melinda Anderson,10,174.41,15,1482.48
102782,2025-12-22,Latin America,Home & Garden,Retail Store,Samantha Johnson,6,338.45,0,2030.7
102798,2025-12-22,Asia Pacific,Office Supplies,Retail Store,Rebecca Klein,8,181.38,5,1378.49
101171,2025-12-22,Middle East & Africa,Apparel,Online,Mr. Anthony Mcconnell PhD,5,25.36,20,101.44
105577,2025-12-22,Middle East & Africa,Office Supplies,Partner Reseller,Riley Knight,12,18.22,0,218.64
103444,2025-12-22,Europe,Apparel,Online,Rachel Brown,7,88.04,5,585.47
104327,2025-12-22,Asia Pacific,Home & Garden,Retail Store,Rebecca Summers,3,173.46,0,520.38
105807,2025-12-22,Europe,Office Supplies,Retail Store,Matthew Mccullough,4,120.17,0,480.68
102027,2025-12-22,Asia Pacific,Home & Garden,Retail Store,Barry Gregory,2,47.18,0,94.36
100675,2025-12-22,Europe,Electronics,Retail Store,Larry Harris,7,484.13,0,3388.91
102485,2025-12-22,Latin America,Office Supplies,Partner Reseller,Miranda Murray,2,197.06,0,394.12
104850,2025-12-22,Asia Pacific,Office Supplies,Retail Store,Jennifer Walker,2,76.23,15,129.59
105916,2025-12-23,Europe,Home & Garden,Online,Diana Mullins,1,247.97,10,223.17
102124,2025-12-23,North America,Apparel,Partner Reseller,Michael Serrano,3,70.41,5,200.67
105286,2025-12-23,Europe,Sporting Goods,Online,Spencer Kelly,3,463.67,10,1251.91
102432,2025-12-23,Europe,Office Supplies,Retail Store,Daniel Smith,7,26.03,20,145.77
101864,2025-12-23,North America,Electronics,Retail Store,Vanessa Harris,7,271.24,0,1898.68
100932,2025-12-23,Latin America,Office Supplies,Partner Reseller,Joel Jackson,6,11.35,5,64.69
101061,2025-12-23,Asia Pacific,Apparel,Retail Store,Shannon Green,4,97.53,10,351.11
101228,2025-12-23,North America,Office Supplies,Partner Reseller,Jessica Garcia,6,109.38,0,656.28
105165,2025-12-23,Latin America,Home & Garden,Partner Reseller,Austin Conley,10,78.4,0,784.0
103803,2025-12-23,North America,Electronics,Online,Michele Scott,8,510.11,0,4080.88
105698,2025-12-23,Europe,Sporting Goods,Partner Reseller,Carl Jackson,5,107.55,0,537.75
102109,2025-12-23,Latin America,Electronics,Partner Reseller,Sydney Welch,3,221.44,20,531.46
101718,2025-12-23,Europe,Sporting Goods,Online,Susan Torres,5,87.32,20,349.28
105426,2025-12-23,Latin America,Apparel,Retail Store,Dustin Stein,5,77.09,5,366.18
105201,2025-12-23,North America,Apparel,Retail Store,Gabriel Richardson,4,82.11,5,312.02
100499,2025-12-24,Asia Pacific,Apparel,Retail Store,Phillip Berry,2,79.04,0,158.08
105811,2025-12-24,Middle East & Africa,Sporting Goods,Online,Katherine Garcia,11,344.63,20,3032.74
100661,2025-12-24,Europe,Office Supplies,Retail Store,Emma Butler,8,25.3,0,202.4
100810,2025-12-24,Middle East & Africa,Apparel,Retail Store,Carol Taylor,1,107.01,5,101.66
102927,2025-12-24,Europe,Sporting Goods,Retail Store,Christopher Ibarra,7,344.34,0,2410.38
100154,2025-12-24,Europe,Apparel,Online,Brenda Hall,2,125.73,0,251.46
102078,2025-12-24,Europe,Apparel,Retail Store,Brian Lee,4,48.31,0,193.24
100446,2025-12-24,Latin America,Office Supplies,Online,Brenda Wright,7,67.15,5,446.55
105748,2025-12-24,Asia Pacific,Office Supplies,Partner Reseller,Anna Cantu,7,49.21,20,275.58
105485,2025-12-25,Middle East & Africa,Apparel,Online,Madison Wilson,6,71.49,15,364.6
101277,2025-12-25,Middle East & Africa,Sporting Goods,Online,Jose Griffin,12,250.05,20,2400.48
101011,2025-12-25,North America,Apparel,Retail Store,Megan Oliver,7,88.12,20,493.47
105933,2025-12-25,Asia Pacific,Electronics,Online,Brenda Mendoza,8,997.12,15,6780.42
104035,2025-12-25,Europe,Home & Garden,Partner Reseller,Annette Meyer,3,58.5,5,166.72
105280,2025-12-25,Europe,Sporting Goods,Partner Reseller,Brian Daugherty,8,311.07,5,2364.13
100069,2025-12-25,Middle East & Africa,Sporting Goods,Online,William Baker,12,487.44,0,5849.28
101424,2025-12-25,Middle East & Africa,Electronics,Online,Regina Ramos,6,629.2,15,3208.92
100518,2025-12-25,North America,Apparel,Partner Reseller,Penny Bowman,12,41.08,10,443.66
104761,2025-12-25,Europe,Sporting Goods,Partner Reseller,Sandy Reynolds,12,426.83,0,5121.96
102408,2025-12-25,Europe,Office Supplies,Online,Mark Jones,11,84.8,15,792.88
101348,2025-12-25,Latin America,Office Supplies,Partner Reseller,Brandon Mitchell,6,107.01,0,642.06
101074,2025-12-25,Europe,Office Supplies,Retail Store,Catherine Frazier,11,50.28,0,553.08
104171,2025-12-25,Europe,Sporting Goods,Online,Ashley Martinez,9,409.84,0,3688.56
100441,2025-12-25,Asia Pacific,Home & Garden,Retail Store,Joann Ferguson,12,329.08,10,3554.06
101584,2025-12-25,North America,Apparel,Retail Store,Samuel Henry,6,64.59,0,387.54
100261,2025-12-26,North America,Sporting Goods,Retail Store,Desiree Tyler,2,29.0,20,46.4
103924,2025-12-26,Europe,Electronics,Partner Reseller,Steven Rodriguez,6,623.83,0,3742.98
104404,2025-12-26,Asia Pacific,Office Supplies,Online,Donna Mejia,9,171.78,0,1546.02
105365,2025-12-26,Asia Pacific,Home & Garden,Partner Reseller,Jonathan Williams,9,333.7,10,2702.97
100705,2025-12-26,Middle East & Africa,Electronics,Online,James Tran,4,274.59,20,878.69
103573,2025-12-26,Europe,Apparel,Partner Reseller,Mark Decker,10,105.81,10,952.29
104759,2025-12-26,Latin America,Apparel,Retail Store,Amanda Swanson,9,97.81,5,836.28
103714,2025-12-26,Latin America,Home & Garden,Retail Store,Jason Morgan,2,154.76,10,278.57
103431,2025-12-27,Middle East & Africa,Office Supplies,Partner Reseller,Christopher Barnes,2,19.53,5,37.11
104765,2025-12-27,Middle East & Africa,Sporting Goods,Online,Christopher Jones,11,122.1,0,1343.1
100390,2025-12-27,Asia Pacific,Office Supplies,Partner Reseller,Thomas Atkins,12,74.09,15,755.72
101088,2025-12-27,Europe,Sporting Goods,Partner Reseller,Katherine Gallagher,8,418.35,0,3346.8
102736,2025-12-27,Latin America,Home & Garden,Retail Store,Andrea Oconnor,11,127.79,5,1335.41
101591,2025-12-27,Latin America,Sporting Goods,Online,Nicolas James,11,60.28,10,596.77
104059,2025-12-27,North America,Home & Garden,Retail Store,Charles Sanchez,6,316.11,15,1612.16
101889,2025-12-27,Latin America,Electronics,Online,Kimberly Norton,11,254.31,0,2797.41
101664,2025-12-27,Middle East & Africa,Office Supplies,Online,Jesse Sampson,4,177.74,15,604.32
104471,2025-12-27,Asia Pacific,Office Supplies,Online,Karen Jackson DVM,10,151.04,0,1510.4
105743,2025-12-27,Asia Pacific,Office Supplies,Online,Randy Perez,1,120.9,5,114.86
104033,2025-12-28,Latin America,Sporting Goods,Partner Reseller,Thomas Morse,4,379.25,0,1517.0
104438,2025-12-28,Middle East & Africa,Home & Garden,Partner Reseller,Amy Boone,10,197.59,5,1877.11
100475,2025-12-28,Europe,Home & Garden,Partner Reseller,Julie Dominguez,2,130.49,15,221.83
102836,2025-12-28,Asia Pacific,Home & Garden,Retail Store,Stephanie West,2,39.89,5,75.79
102314,2025-12-28,Latin America,Sporting Goods,Online,Gregory Harrell,2,256.76,20,410.82
102460,2025-12-28,Latin America,Apparel,Retail Store,Michelle Simpson,10,17.01,15,144.59
101638,2025-12-28,Middle East & Africa,Home & Garden,Retail Store,Lee Stewart,5,260.39,0,1301.95
101616,2025-12-28,Middle East & Africa,Apparel,Partner Reseller,Autumn Anderson,11,36.86,0,405.46
104743,2025-12-29,North America,Sporting Goods,Retail Store,Jennifer Esparza,5,423.37,10,1905.16
102789,2025-12-29,Europe,Home & Garden,Retail Store,Courtney Foster,3,145.01,15,369.78
104717,2025-12-29,Middle East & Africa,Apparel,Retail Store,John Kim,10,112.09,0,1120.9
101104,2025-12-29,Asia Pacific,Electronics,Partner Reseller,Shawn Scott,1,242.82,15,206.4
104175,2025-12-29,Middle East & Africa,Electronics,Retail Store,Bobby Flores,4,1185.37,0,4741.48
102243,2025-12-29,Middle East & Africa,Sporting Goods,Partner Reseller,Daniel Williams,4,154.3,0,617.2
101715,2025-12-29,Latin America,Sporting Goods,Online,Charles Hernandez,7,184.96,20,1035.78
103443,2025-12-29,Middle East & Africa,Office Supplies,Online,Earl Romero,6,113.77,5,648.49
105351,2025-12-29,Asia Pacific,Apparel,Partner Reseller,Amy Mcdaniel,11,53.77,0,591.47
105883,2025-12-29,Asia Pacific,Office Supplies,Retail Store,Virginia Caldwell,11,193.11,0,2124.21
103395,2025-12-29,Europe,Electronics,Partner Reseller,Jacqueline Banks,3,1179.51,0,3538.53
104559,2025-12-30,North America,Electronics,Retail Store,Donna Bishop,1,1176.76,10,1059.08
105830,2025-12-30,Latin America,Office Supplies,Partner Reseller,Marissa Davis,1,78.04,20,62.43
101912,2025-12-30,Latin America,Apparel,Online,Crystal Meza,2,137.19,5,260.66
104462,2025-12-30,Middle East & Africa,Electronics,Partner Reseller,Jamie French,10,684.72,0,6847.2
103502,2025-12-30,North America,Office Supplies,Retail Store,Timothy Ho,1,165.53,10,148.98
101727,2025-12-30,North America,Home & Garden,Partner Reseller,Karen Lopez,2,384.12,20,614.59
100847,2025-12-30,North America,Office Supplies,Retail Store,Joseph Smith,9,94.95,0,854.55
100532,2025-12-30,Asia Pacific,Home & Garden,Retail Store,Donna Frye,5,191.16,15,812.43
105561,2025-12-30,Asia Pacific,Sporting Goods,Online,Anthony Ward,9,191.39,0,1722.51
103407,2025-12-30,Europe,Electronics,Retail Store,Tammy Estrada,8,1125.97,0,9007.76
101333,2025-12-30,North America,Apparel,Partner Reseller,James Morgan,2,79.03,10,142.25
101209,2025-12-30,Asia Pacific,Office Supplies,Online,Anthony Randolph,1,7.06,20,5.65
104256,2025-12-30,Latin America,Apparel,Online,Paul Vasquez,3,121.08,0,363.24
101054,2025-12-30,Europe,Office Supplies,Online,Maria Coleman,8,57.9,15,393.72
102529,2025-12-30,Latin America,Sporting Goods,Online,Jane Reese,2,26.83,0,53.66
103301,2025-12-30,Asia Pacific,Office Supplies,Online,Gregory Rios,3,159.46,0,478.38
100531,2025-12-31,Middle East & Africa,Electronics,Retail Store,Mark Jimenez,9,975.44,0,8778.96
101464,2025-12-31,North America,Home & Garden,Online,Beth Hall,4,72.22,0,288.88
103402,2025-12-31,Middle East & Africa,Apparel,Partner Reseller,Virginia Clark,10,128.46,10,1156.14
105323,2025-12-31,Latin America,Home & Garden,Retail Store,Nicole Hardy,7,182.16,20,1020.1
101954,2025-12-31,Asia Pacific,Electronics,Online,Breanna Lopez,7,652.93,0,4570.51
105788,2025-12-31,North America,Apparel,Retail Store,Barbara Wagner,2,88.21,0,176.42
103649,2025-12-31,Latin America,Home & Garden,Retail Store,Alex Clements,7,397.77,20,2227.51
